time_seconds,time_years,number_density,temperature,cr_rate,fuv_field,visual_extinction,C,C+,C2,C2+,C2H,C2H+,C2H2,C2H2+,C2H3,C2H4,C2H5,C2N,C2N+,C2N2+,C2NH+,C3+,C3H2,C3H5+,C3N,C4H,C4N,C4N+,CH,CH+,CH2,CH2+,CH2CO,CH2OH,CH3,CH3+,CH3CCH,CH3CHO,CH3CN,CH3CNH+,CH3OH,CH3OH2+,CH4,CH4+,CH5+,CL,CL+,CN,CN+,CO,CO+,CO2,CS,CS+,E-,H,H+,H2,H2+,H2CL+,H2CN,H2CO,H2CO+,H2COH+,H2CS,H2CS+,H2CSH+,H2NO+,H2O,H2O+,H2S,H2S+,H2S2,H2S2+,H2SIO,H3+,H3O+,H3S+,HC3N,HCL,HCL+,HCN,HCN+,HCNH+,HCO,HCO+,HCO2+,HCOOH,HCS,HCS+,HE,HE+,HEH+,HNC,HNCO,HNO,HNO+,HNS+,HOC+,HOSO+,HS,HS+,HS2,HS2+,HSO+,MG,MG+,N,N+,N2,N2+,N2H+,NCCN,NH,NH+,NH2,NH2+,NH2CHO,NH3,NH3+,NH4+,NO,NO+,NO2,NS,NS+,O,O+,O2,O2+,O2H,O2H+,OCN,OCS,OCS+,OCSH+,OH,OH+,S,S+,S2,S2+,SI,SI+,SIC,SIC+,SIC2,SIC2+,SIC3,SIC3+,SIH,SIH+,SIH2,SIH2+,SIH3,SIH3+,SIH4,SIH4+,SIH5+,SIO,SIO+,SIOH+,SIS,SIS+,SISH+,SO,SO+,SO2,SO2+
0.0,0.0,10000.0,250.0,1.0,1.0,21.2875,9.999999999999999e-11,0.000177,1e-30,1e-30,1e-30,1e-30,1e-30,1e-30,1e-30,1e-30,1e-30,1e-30,1e-30,1e-30,1e-30,1e-30,1e-30,1e-30,1e-30,1e-30,1e-30,1e-30,1e-30,1e-30,1e-30,1e-30,1e-30,1e-30,1e-30,1e-30,1e-30,1e-30,1e-30,1e-30,1e-30,1e-30,1e-30,1e-30,1e-30,1e-30,3.39e-08,1e-30,1e-30,1e-30,1e-30,1e-30,1e-30,1e-30,0.0001823239,0.5,1e-30,0.25,1e-30,1e-30,1e-30,1e-30,1e-30,1e-30,1e-30,1e-30,1e-30,1e-30,1e-30,1e-30,1e-30,1e-30,1e-30,1e-30,1e-30,1e-30,1e-30,1e-30,1e-30,1e-30,1e-30,1e-30,1e-30,1e-30,1e-30,1e-30,1e-30,1e-30,1e-30,1e-30,0.1000000014901161,1e-30,1e-30,1e-30,1e-30,1e-30,1e-30,1e-30,1e-30,1e-30,1e-30,1e-30,1e-30,1e-30,1e-30,2.256e-06,1e-30,6.18e-05,1e-30,1e-30,1e-30,1e-30,1e-30,1e-30,1e-30,1e-30,1e-30,1e-30,1e-30,1e-30,1e-30,1e-30,1e-30,1e-30,1e-30,1e-30,0.000334,1e-30,1e-30,1e-30,1e-30,1e-30,1e-30,1e-30,1e-30,1e-30,1e-30,1e-30,1e-30,3.51e-06,1e-30,1e-30,1e-30,1.78e-06,1e-30,1e-30,1e-30,1e-30,1e-30,1e-30,1e-30,1e-30,1e-30,1e-30,1e-30,1e-30,1e-30,1e-30,1e-30,1e-30,1e-30,1e-30,1e-30,1e-30,1e-30,1e-30,1e-30,1e-30,1e-30
0.031536,1e-09,10000.0,250.0,1.0,1.0,21.2875,1.000001656886551e-10,0.0001769999999998306,1.0000068367901062e-30,1.5459076101877793e-29,1.0000000055809716e-30,1.0000628038793322e-30,1.00000000321008e-30,1.0000000698096565e-30,9.99999996813546e-31,1.0000000000017834e-30,9.999999999478735e-31,1.0000000378017475e-30,9.999999813145824e-31,9.999998833427462e-31,9.999999811072628e-31,9.999999811754445e-31,9.99999999999998e-31,9.9999999055217e-31,1.0000000094379285e-30,9.999999999996675e-31,9.999999999977503e-31,9.999999811899443e-31,1.7423810649790143e-25,4.865989389263706e-19,7.884106398008526e-26,3.226490360461593e-18,1.000000000011569e-30,1.0000000001253629e-30,1.0000007159143678e-30,2.0350220319721172e-25,1.0000000094362131e-30,1.0000000000116473e-30,1.0000000344285842e-30,9.99999946987803e-31,1.0000000015495407e-30,9.999999447121789e-31,1.0000000008638584e-30,9.999999953555969e-31,9.999999661151874e-31,9.035676529858559e-21,3.3899997327315085e-08,3.0393794961538554e-30,2.922549844108695e-24,8.293085021710319e-30,4.583583344495733e-23,1.000000003820702e-30,1.0000000890272431e-30,1.0658987547846381e-30,0.00018232389999997127,0.5000000000000018,9.654746908101309e-20,0.24999999999999786,9.460798721984203e-20,1.3696394520600733e-22,9.999999840173976e-31,1.000000021485154e-30,1.0000002526673434e-30,9.999999536331535e-31,1.0000000188111261e-30,9.999999622018251e-31,9.999999622091e-31,9.999999811043395e-31,1.0043558421635651e-30,1.0000015503932132e-30,1.0131703585042577e-30,2.8700533550834923e-21,9.999999999999994e-31,9.999999811043395e-31,1.0000000000004082e-30,7.758249806989442e-27,1.0000000490866163e-30,1.0006221887023898e-30,9.999999998929934e-31,1.1088201069963687e-30,2.6726757408448115e-15,1.0000000710460606e-30,8.032212709921327e-30,1.0000002191052835e-30,1.000000209498258e-30,1.297977684008541e-28,9.999999230040872e-31,1e-30,9.999999952311779e-31,1.0000000676069545e-30,0.1000000014901161,2.0498400306411488e-20,1.9493207131015132e-28,1.0000000539331568e-30,9.999999999999978e-31,1.000000008673574e-30,9.99999981115159e-31,9.999999811043395e-31,2.3551363854045624e-30,9.99999975199986e-31,1.4557889190405452e-29,4.652825596292375e-29,1.0000000094478293e-30,9.999999811045691e-31,9.999999874028927e-31,2.2559999998571086e-06,1.4289156930041639e-16,6.18e-05,5.262096912353317e-23,1.0000000178106649e-30,1.0000172043195267e-30,1.0000001387000733e-30,9.999999999886328e-31,1.0000000310210108e-30,4.2280849475993244e-30,1.0000000151337466e-30,1.0000001463625359e-30,9.999999997150567e-31,1.0000000544107934e-30,9.999999973885681e-31,9.999999401200429e-31,1.0422381172003014e-30,1.0000001414760575e-30,9.999999988549383e-31,1.000000018801236e-30,1.0220943844573347e-30,0.00033399999999999993,7.3067580674963945e-22,1.2923782348197246e-24,9.9999999167721e-31,9.999999914685608e-31,9.999999305814366e-31,9.999999699909197e-31,1.0000000124886111e-30,9.999999774581008e-31,9.999999748057852e-31,7.292090122302015e-20,4.7358186019163303e-29,1.933020407780335e-18,3.509999999998063e-06,1.0000000094460816e-30,9.999999874046189e-31,4.1606872817422146e-18,1.7799999999958352e-06,1.0000000185789247e-30,1.0000000310852178e-30,1.0000000093255377e-30,9.999999812271932e-31,9.999999998734937e-31,9.999999812266322e-31,2.988794762427995e-30,3.3687422398442825e-21,1.0000000187629719e-30,4.2100559435622124e-22,1.0000000188394618e-30,1.0000047617887996e-30,1.000000009447801e-30,9.999999022643441e-31,1.0000000599443352e-30,1.0000045766758666e-30,1.9092778263512645e-25,1.0163769882160343e-30,1.0000000091557362e-30,9.999996879528563e-31,9.999999811043397e-31,1.0000000437354393e-30,1.073825557550281e-30,1.0000000124564697e-30,9.99999904301016e-31
0.04560371032913122,1.4460841682246074e-09,10000.0,250.0,1.0,1.0,21.2875,1.0000023959974101e-10,0.00017699999999975507,1.0000098865815429e-30,2.1909055595820374e-29,1.000000008070635e-30,1.0001313444157587e-30,1.000000004642046e-30,1.0000001009535034e-30,9.99999995392119e-31,1.0000000000025788e-30,9.999999999246207e-31,1.000000054664508e-30,9.999999729793134e-31,9.999998313037964e-31,9.999999726795117e-31,9.999999727781085e-31,9.999999999999971e-31,9.999999863376424e-31,1.0000000136480388e-30,9.999999999995191e-31,9.999999999967468e-31,9.999999727990763e-31,2.626431015874447e-25,7.036629841894131e-19,1.1401040992442405e-25,4.66577646997104e-18,1.0000000000167297e-30,1.0000000001812854e-30,1.0000020434105899e-30,4.255544468168996e-25,1.0000000136455581e-30,1.000000000016843e-30,1.0000000497866302e-30,9.99999923339902e-31,1.0000000022407662e-30,9.999999200491581e-31,1.000000001249212e-30,9.99999993283802e-31,9.999999556116465e-31,1.3077207741692773e-20,3.389999613507272e-08,4.044247970896925e-30,4.226253015346127e-24,1.3294977832199586e-29,6.62824758469043e-23,1.0000000055250567e-30,1.0000001287431539e-30,1.0952952466764886e-30,0.00018232389999995848,0.5000000000000024,1.39615769620492e-19,0.24999999999999686,1.368111042609558e-19,2.864134339322216e-22,9.99999976887812e-31,1.0000000310693404e-30,1.000000816340894e-30,9.999999329496382e-31,1.0000000272024715e-30,9.999999453406583e-31,9.99999945351178e-31,9.999999726752845e-31,1.0091087458254725e-30,1.0000046988696019e-30,1.027541317116023e-30,4.1503386715313525e-21,9.999999999999992e-31,9.999999726752845e-31,1.0000000000005902e-30,1.6222645364315727e-26,1.0000000709834268e-30,1.0013011139856254e-30,9.999999998452596e-31,1.3278848603339977e-30,3.8649139084590675e-15,1.00000014329643e-30,1.570547729737622e-29,1.0000005792917043e-30,1.0000004372813327e-30,2.703366629151411e-28,9.999998886574314e-31,9.999999999999999e-31,9.999999931038816e-31,1.000000158395304e-30,0.1000000014901161,2.964241215656119e-20,4.065428461195333e-28,1.0000000969702558e-30,9.999999999999966e-31,1.000000012542718e-30,9.999999726909307e-31,9.999999726752845e-31,3.8338062748697565e-30,9.999999641370922e-31,2.935170725455399e-29,9.606079670258206e-29,1.0000000136623566e-30,9.999999726756185e-31,9.999999817835226e-31,2.2559999997933672e-06,2.0663323613512795e-16,6.18e-05,7.609434896766088e-23,1.0000000257570337e-30,1.0000360853629465e-30,1.0000002005734116e-30,9.999999999835622e-31,1.0000000451090255e-30,7.750440009133296e-30,1.0000000218846711e-30,1.0000003588989796e-30,9.999999995879481e-31,1.000000078682586e-30,9.999999962236505e-31,9.999999134085432e-31,1.0883266173009256e-30,1.0000003130261323e-30,9.999999983441445e-31,1.0000000272020675e-30,1.0462028881084742e-30,0.0003339999999999999,1.0566186712050317e-21,1.8688873498266014e-24,9.999999918427415e-31,9.99999987662821e-31,9.999998996149161e-31,9.999999566043442e-31,1.0000000180595824e-30,9.999999674025165e-31,9.999999635670454e-31,1.054497607896088e-19,9.794235323006964e-29,2.7953102085421913e-18,3.5099999999972e-06,1.000000013659829e-30,9.999999817860237e-31,6.016704006839252e-18,1.7799999999939773e-06,1.0000000268671893e-30,1.000000074945024e-30,1.0000000134855123e-30,9.999999728529415e-31,9.99999999817061e-31,9.999999728521301e-31,5.1588868733547385e-30,4.871484480166083e-21,1.00000002713286e-30,6.088095200007013e-22,1.0000000272434472e-30,1.0000099698257229e-30,1.000000013662316e-30,9.999998586660184e-31,1.0000000866845511e-30,1.0000095645090289e-30,2.760972502174793e-25,1.0342468894685918e-30,1.0000000132399649e-30,9.999995487540835e-31,9.999999726752847e-31,1.0000000634162257e-30,1.1543809748934769e-30,1.0000000180131035e-30,9.99999861611217e-31
0.0659468035192574,2.0911594215898465e-09,10000.0,250.0,1.0,1.0,21.2875,1.000003464813923e-10,0.00017699999999964578,1.0000142968452115e-30,3.123628490096901e-29,1.0000000116709853e-30,1.0002746788277127e-30,1.0000000067127892e-30,1.0000001459959266e-30,9.999999933366162e-31,1.0000000000037295e-30,9.999999998909955e-31,1.0000000790494782e-30,9.999999609258133e-31,9.999997560511e-31,9.999999604922748e-31,9.99999960634854e-31,9.999999999999959e-31,9.999999802430808e-31,1.0000000197362128e-30,9.999999999993045e-31,9.999999999952956e-31,9.99999960665175e-31,4.021383823660747e-25,1.0175558224349807e-18,1.648682901604807e-25,6.747105152742376e-18,1.0000000000241925e-30,1.000000000262154e-30,1.0000060035250096e-30,8.899010647626242e-25,1.0000000197326254e-30,1.000000000024356e-30,1.0000000719956565e-30,9.99999889143048e-31,1.0000000032403364e-30,9.999998843843557e-31,1.0000000018064656e-30,9.99999990287812e-31,9.999999497571669e-31,1.8933450902479403e-20,3.389999441099e-08,5.601178347771258e-30,6.111517968910534e-24,2.2436098211501623e-29,9.58500452212632e-23,1.0000000079896967e-30,1.0000001861781784e-30,1.1378051645727212e-30,0.00018232389999993997,0.5000000000000036,2.0189616056636136e-19,0.24999999999999542,1.97840354667442e-19,5.989361212834496e-22,9.999999665778313e-31,1.0000000449288806e-30,1.0000025442051838e-30,9.999999030395349e-31,1.0000000393370626e-30,9.999999209579921e-31,9.999999209732044e-31,9.999999604861616e-31,1.0190478186052454e-30,1.0000142245176416e-30,1.0575932813256958e-30,6.001738947424886e-21,9.999999999999987e-31,9.999999604861616e-31,1.0000000000008535e-30,3.392304455630776e-26,1.000000102648427e-30,1.0027208630916888e-30,9.999999997762323e-31,1.989040527189906e-30,5.58899046498503e-15,1.0000003121612775e-30,3.1751495777867797e-29,1.0000016313423024e-30,1.0000009133799797e-30,5.642258883161693e-28,9.999998389892784e-31,9.999999999999999e-31,9.99999990027632e-31,1.0000003558418633e-30,0.1000000014901161,4.286542292709363e-20,8.490546466444207e-28,1.0000001799139791e-30,9.99999999999995e-31,1.0000000181378259e-30,9.999999605087875e-31,9.999999604861616e-31,6.925940909528136e-30,9.999999481392173e-31,6.028793870606858e-29,1.9957608592560884e-28,1.0000000197569176e-30,9.999999604866496e-31,9.999999736574406e-31,2.2559999997011914e-06,2.988090513978067e-16,6.18e-05,1.1003883089572088e-22,1.0000000372497352e-30,1.0000756170273097e-30,1.0000002900503725e-30,9.999999999762295e-31,1.000000065788407e-30,1.5116245453007144e-29,1.0000000316470761e-30,1.0000009642701853e-30,9.999999994041384e-31,1.0000001137816396e-30,9.99999994539087e-31,9.999998747814676e-31,1.1847050098428541e-30,1.0000006798233145e-30,9.99999997605494e-31,1.000000039378506e-30,1.0966176158125892e-30,0.0003339999999999999,1.527959438580285e-21,2.7025681533670247e-24,9.999999980148355e-31,9.999999821594007e-31,9.999998548347228e-31,9.999999372462299e-31,1.0000000261156762e-30,9.999999528612952e-31,9.99999947314882e-31,1.5248922961791701e-19,2.037219025190789e-28,4.042253837841542e-18,3.509999999995951e-06,1.0000000197532624e-30,9.999999736610722e-31,8.700660408720774e-18,1.7799999999912913e-06,1.000000038853264e-30,1.0000001743043416e-30,1.0000000195011858e-30,9.999999607430689e-31,9.999999997354549e-31,9.999999607418953e-31,9.696895391825178e-30,7.044575872635325e-21,1.0000000392364706e-30,8.803897989291896e-22,1.0000000393963172e-30,1.00002086608758e-30,1.0000000197568593e-30,9.999997956191731e-31,1.0000001253531509e-30,1.000019992250843e-30,3.9925952625441325e-25,1.0716157008093108e-30,1.0000000191461036e-30,9.999993474619606e-31,9.999999604861625e-31,1.0000000921865928e-30,1.3228351781301876e-30,1.0000000260484635e-30,9.999997998781779e-31
0.09536462851421697,3.023992532794805e-09,10000.0,250.0,1.0,1.0,21.2875,1.0000050104125611e-10,0.00017699999999948776,1.0000206744760835e-30,4.47242775270424e-29,1.0000000168775784e-30,1.0005744216838722e-30,1.0000000097072582e-30,1.000000211148599e-30,9.999999903641861e-31,1.0000000000053932e-30,9.999999998423703e-31,1.0000001143121966e-30,9.99999943495438e-31,9.999996472293769e-31,9.999999428685045e-31,9.99999943074686e-31,9.999999999999941e-31,9.999999714298318e-31,1.0000000285402245e-30,9.999999999989943e-31,9.99999999993197e-31,9.999999431185326e-31,6.28231127315246e-25,1.4714712003941325e-18,2.384131624850196e-25,9.756881246460512e-18,1.0000000000349842e-30,1.0000000003790965e-30,1.0000179004457174e-30,1.8609237990479716e-24,1.000000028535037e-30,1.000000000035221e-30,1.0000001041117766e-30,9.999998396915207e-31,1.0000000046857992e-30,9.999998328100514e-31,1.0000000026123012e-30,9.999999859553589e-31,9.999999695186275e-31,2.742684927784365e-20,3.3899991917821416e-08,8.069705770997467e-30,8.837770686204925e-24,3.9644783868829897e-29,1.3860724651289288e-22,1.0000000115537734e-30,1.000000269239234e-30,1.1992783403712137e-30,0.0001823238999999132,0.5000000000000051,2.9195885497923043e-19,0.24999999999999337,2.860937686659791e-19,1.2524708257903583e-21,9.999999516687314e-31,1.0000000649709415e-30,1.0000078029759391e-30,9.999998597870095e-31,1.0000000568847027e-30,9.99999885698606e-31,9.99999885720604e-31,9.999999428596644e-31,1.0398319949004796e-30,1.0000430367705692e-30,1.120436726894977e-30,8.679019468724909e-21,9.999999999999982e-31,9.999999428596644e-31,1.0000000000012343e-30,7.093739708356438e-26,1.0000001484401428e-30,1.0056897964817275e-30,9.999999996764133e-31,3.9856632720997104e-30,8.0821498967275e-15,1.0000007317350734e-30,6.530627534890607e-29,1.0000047590126574e-30,1.000001908906798e-30,1.1787950868591483e-27,9.99999767164953e-31,1e-30,9.999999855791155e-31,1.0000007797192289e-30,0.10000000149011612,6.198700945856761e-20,1.7744171710186696e-27,1.0000003431623206e-30,9.999999999999927e-31,1.0000000262288228e-30,9.999999428923835e-31,9.999999428596644e-31,1.3392087902651136e-29,9.999999250049438e-31,1.2498052899830787e-28,4.159488422271183e-28,1.0000000285701657e-30,9.999999428603847e-31,9.999999619064421e-31,2.2559999995678977e-06,4.3210303853557977e-16,6.180000000000001e-05,1.5912540663722677e-22,1.000000053872766e-30,1.0001583541050199e-30,1.0000004194503856e-30,9.999999999656257e-31,1.0000000964033843e-30,3.05193172872223e-29,1.000000045764335e-30,1.0000027409150713e-30,9.999999991383338e-31,1.0000001645378233e-30,9.999999921030865e-31,9.999998189234679e-31,1.3862475809027425e-30,1.0000014593100078e-30,9.999999965373429e-31,1.0000000570717231e-30,1.2020428524608765e-30,0.0003339999999999998,2.2095577583658013e-21,3.908140972772844e-24,1.0000000227892645e-30,9.99999974200992e-31,9.999997900787975e-31,9.999999092527677e-31,1.0000000377654654e-30,9.99999931833466e-31,9.999999238128859e-31,2.2051226076943393e-19,4.2492377775234745e-28,5.845439278831717e-18,3.5099999999941447e-06,1.00000002856488e-30,9.999999619117392e-31,1.258188726918204e-17,1.7799999999874066e-06,1.0000000561872785e-30,1.0000003996216713e-30,1.0000000282003557e-30,9.999999432311739e-31,9.999999996174453e-31,9.999999432294767e-31,1.9186594532911064e-29,1.0187048157279902e-20,1.0000000567394544e-30,1.2731177309105587e-21,1.00000005697039e-30,1.0000436597536493e-30,1.0000000285700825e-30,9.999997044481354e-31,1.0000001812711942e-30,1.0000417947180375e-30,5.773626636818516e-25,1.1497598425299208e-30,1.0000000276868767e-30,9.999990563796564e-31,9.99999942859667e-31,1.0000001346899973e-30,1.675099746282804e-30,1.0000000376682698e-30,9.999997106070143e-31
0.13790527950303014,4.372947726504e-09,10000.0,250.0,1.0,1.0,21.2875,1.0000072454782838e-10,0.00017699999999925924,1.0000298971071512e-30,6.422912236802223e-29,1.0000000244071334e-30,1.0012012435800552e-30,1.0000000140375124e-30,1.000000305417873e-30,9.99999986065802e-31,1.0000000000077994e-30,9.999999997720544e-31,1.0000001653050533e-30,9.999999182896501e-31,9.999994898640269e-31,9.9999991738305e-31,9.999999176812058e-31,9.999999999999915e-31,9.999999586851325e-31,1.0000000412715669e-30,9.999999999985455e-31,9.999999999901626e-31,9.999999177446117e-31,1.0061435593632012e-24,2.127870862446017e-18,3.4476544359565645e-25,1.4109270045749654e-17,1.0000000000505903e-30,1.000000000548205e-30,1.00005376319226e-30,3.891486924584091e-24,1.0000000412640643e-30,1.0000000000509324e-30,1.0000001505543864e-30,9.999997681804545e-31,1.0000000067760597e-30,9.999997582292713e-31,1.0000000037776072e-30,9.999999796902568e-31,1.0000000834553114e-30,3.9760832648756336e-20,3.3899988312490136e-08,1.2093343321654839e-29,1.2780163492749168e-23,7.287342529782248e-29,2.0043777369915165e-22,1.0000000167077274e-30,1.0000003893633391e-30,1.288174303001861e-30,0.0001823238999998745,0.5000000000000074,4.221971063127142e-19,0.2499999999999904,4.1371559410027567e-19,2.619115906248902e-21,9.999999301089181e-31,1.0000000939534457e-30,1.0000237542344049e-30,9.999997972402209e-31,1.000000082260066e-30,9.999998347105682e-31,9.999998347423786e-31,9.999999173702662e-31,1.0832950073983575e-30,1.0001301746906076e-30,1.2518523845301138e-30,1.2550592221312196e-20,9.999999999999973e-31,9.999999173702662e-31,1.000000000001785e-30,1.4834029698204863e-25,1.000000214643832e-30,1.0118983262448116e-30,9.99999999532066e-31,1.0017778640487915e-29,1.1687467482142982e-14,1.0000018284284089e-30,1.3547465930955537e-28,1.000014139383574e-30,1.0000039914071846e-30,2.4639571838883688e-27,9.99999663300942e-31,9.999999999999996e-31,9.999999791461857e-31,1.0000016820120443e-30,0.1000000014901161,8.963843301295057e-20,3.7094971379904234e-27,1.000000669790221e-30,9.999999999999892e-31,1.0000000379290849e-30,9.999999174175804e-31,9.999999173702662e-31,2.69138337121853e-29,9.999998915508384e-31,2.6026304416253725e-28,8.682825148675797e-28,1.0000000413148639e-30,9.99999917371352e-31,9.999999449135096e-31,2.255999999375143e-06,6.248573630408618e-16,6.18e-05,2.3010872214476805e-22,1.0000000779195533e-30,1.0003314721039828e-30,1.0000006066003176e-30,9.999999999502916e-31,1.0000001423703472e-30,6.27295911594506e-29,1.0000000661790794e-30,1.0000080354019008e-30,9.999999987539583e-31,1.0000002379355319e-30,9.999999885802279e-31,9.99999738148104e-31,1.807705209078385e-30,1.0000031097772008e-30,9.999999949927061e-31,1.0000000829148314e-30,1.4225038326495729e-30,0.0003339999999999997,3.195206084910912e-21,5.651501175629984e-24,1.0000001021691293e-30,9.99999962692463e-31,9.999996964362869e-31,9.999998687718666e-31,1.0000000546120409e-30,9.99999901425456e-31,9.999998898270225e-31,3.1887928918644674e-19,8.874920849817693e-28,8.452997197403636e-18,3.5099999999915338e-06,1.0000000413072203e-30,9.999999449213064e-31,1.819446798432773e-17,1.779999999981789e-06,1.0000000812561108e-30,1.0000009157906526e-30,1.0000000407800876e-30,9.999999179075004e-31,9.999999994467937e-31,9.999999179050457e-31,3.9031067926438293e-29,1.4731325958401293e-20,1.0000000820506805e-30,1.8410353553186567e-21,1.0000000823839777e-30,1.000091336283595e-30,1.0000000413147462e-30,9.999995726071555e-31,1.0000002621333774e-30,1.0000873824698003e-30,8.349150418151212e-25,1.3131717043786197e-30,1.0000000400375532e-30,9.999986354592957e-31,9.99999917370274e-31,1.0000001987899969e-30,2.4117410734428002e-30,1.0000000544714877e-30,9.99999581513412e-31
0.19942264140392055,6.3236504757711994e-09,10000.0,250.0,1.0,1.0,21.2875,1.0000104775714435e-10,0.0001769999999989288,1.0000432338963249e-30,9.243492426229994e-29,1.0000000352963053e-30,1.0025120469368802e-30,1.0000000202994244e-30,1.0000004418994999e-30,9.99999979849977e-31,1.0000000000112788e-30,9.999999996703712e-31,1.0000002390450105e-30,9.999998818399643e-31,9.999992623005292e-31,9.999998805289385e-31,9.999998809600974e-31,9.999999999999876e-31,9.999999402552244e-31,1.0000000596821584e-30,9.999999999978969e-31,9.999999999857743e-31,9.999998810517875e-31,1.659209134974538e-24,3.0770796459263275e-18,4.985602325069202e-25,2.0403188993627693e-17,1.0000000000731578e-30,1.0000000007927498e-30,1.000162047782709e-30,8.13771748902242e-24,1.0000000596713094e-30,1.0000000000736523e-30,1.0000002177143033e-30,9.999996647694427e-31,1.0000000097987521e-30,9.999996503791958e-31,1.000000005462735e-30,9.999999706303197e-31,1.0000005063456034e-30,5.770516300034471e-20,3.389998309887832e-08,1.8861122715502912e-29,1.8481199316615512e-23,1.3837231196038369e-28,2.8984995221446927e-22,1.0000000241607782e-30,1.0000005630955576e-30,1.416726672991864e-30,0.00018232389999981856,0.5000000000000108,6.105326106028121e-19,0.24999999999998612,5.982674131129654e-19,5.476988115417594e-21,9.999998989316135e-31,1.0000001358645706e-30,1.0000720612925925e-30,9.999997067923068e-31,1.0000001189549747e-30,9.99999760977578e-31,9.999997610235785e-31,9.999998805104522e-31,1.1741830758241206e-30,1.0003936937903463e-30,1.5266634609142709e-30,1.8149211818293586e-20,9.999999999999962e-31,9.999998805104522e-31,1.0000000000025811e-30,3.1020206370368235e-25,1.0000003102593913e-30,1.0248813755134294e-30,9.99999999323328e-31,2.82470336589553e-29,1.6901058495743324e-14,1.0000048114823655e-30,2.8220790794592365e-28,1.0000423932484803e-30,1.0000083496652927e-30,5.151435791489242e-27,9.999995131048593e-31,9.999999999999994e-31,9.999999698436255e-31,1.0000035918763935e-30,0.1000000014901161,1.296247188435686e-19,7.756056045163852e-27,1.0000013314903824e-30,9.999999999999845e-31,1.0000000548486482e-30,9.99999880578868e-31,9.999998805104522e-31,5.518996475613087e-29,9.99999843173388e-31,5.431603369563461e-28,1.81398726638234e-27,1.0000000597447696e-30,9.999998805121553e-31,9.999999203402994e-31,2.255999999096404e-06,9.03596340035109e-16,6.18e-05,3.32756561404814e-22,1.0000001127137661e-30,1.0006936371142406e-30,1.0000008773154113e-30,9.999999999281173e-31,1.0000002130179517e-30,1.3008639394003024e-28,1.0000000957005167e-30,1.0000239330065693e-30,9.999999981981189e-31,1.0000003440747854e-30,9.999999834842841e-31,9.99999621340141e-31,2.689040272762108e-30,1.0000065980524328e-30,9.999999927590318e-31,1.000000121063996e-30,1.883522886490194e-30,0.00033399999999999955,4.620536080397164e-21,8.172547674300415e-24,1.0000003395203755e-30,9.999999460501618e-31,9.999995610213503e-31,9.999998102330792e-31,1.000000078973606e-30,9.999998574529157e-31,9.999998406806056e-31,4.611262916433643e-19,1.8547959221889174e-27,1.2223745421143434e-17,3.509999999987757e-06,1.0000000597337165e-30,9.999999203519883e-31,2.6310732097175457e-17,1.7799999999736652e-06,1.0000001175127464e-30,1.0000021196046162e-30,1.0000000589714377e-30,9.999998812873382e-31,9.999999992000172e-31,9.999998812837884e-31,8.052902431849118e-29,2.130273075747564e-20,1.0000001186541698e-30,2.662291998067241e-21,1.0000001191341636e-30,1.000191051893166e-30,1.000000059744604e-30,9.999993819540327e-31,1.0000003790668726e-30,1.0001827085506164e-30,1.207357982760362e-24,1.6548919760109054e-30,1.0000000578976705e-30,9.99998026800558e-31,9.99999880510476e-31,1.0000002992849225e-30,3.952175444879542e-30,1.0000000787703537e-30,9.999993948332269e-31
0.2883819245197426,9.144530838398738e-09,10000.0,250.0,1.0,1.0,21.2875,1.0000151514501982e-10,0.00017699999999845094,1.0000625202150188e-30,1.3322322162130908e-28,1.0000000510446401e-30,1.005253178437908e-30,1.0000000293546762e-30,1.0000006397483626e-30,9.999999708613707e-31,1.0000000000163101e-30,9.999999995233293e-31,1.000000345679184e-30,9.999998291306645e-31,9.999989332246497e-31,9.99999827234794e-31,9.999998278582858e-31,9.999999999999822e-31,9.99999913604027e-31,1.0000000863054221e-30,9.999999999969587e-31,9.999999999794285e-31,9.999998279908776e-31,2.8264568448086197e-24,4.449714654114124e-18,7.209613870979881e-25,2.950472221795214e-17,1.0000000001057925e-30,1.0000000011463819e-30,1.0004892618112471e-30,1.701726058460283e-23,1.0000000862897344e-30,1.0000000001065072e-30,1.0000003148331838e-30,9.999995152284347e-31,1.0000000141698191e-30,9.999994944189295e-31,1.0000000078995695e-30,9.999999575288339e-31,1.0000018984569427e-30,8.388075690009303e-20,3.389997555955823e-08,3.063296239250973e-29,2.672538533154659e-23,2.6957474007295904e-28,4.191475550090199e-22,1.000000034938515e-30,1.0000008143743688e-30,1.602627357186958e-30,0.00018232389999973763,0.5000000000000155,8.82881666370698e-19,0.24999999999997993,8.651447047693471e-19,1.145325291828111e-20,9.99999853846608e-31,1.0000001964715696e-30,1.0002182433836446e-30,9.999995759970247e-31,1.0000001720188963e-30,9.999996543534777e-31,9.999996544199988e-31,9.999998272080613e-31,1.3642444879793086e-30,1.0011905933622872e-30,2.1013371935869357e-30,2.6245286005530122e-20,9.999999999999945e-31,9.999998272080613e-31,1.0000000000037324e-30,6.486807113218935e-25,1.0000004484424241e-30,1.052031034352893e-30,9.999999990214751e-31,8.334738502219644e-29,2.444034643186643e-14,1.0000131735218126e-30,5.89050436984727e-28,1.000127670221968e-30,1.0000174757333342e-30,1.0771381337265484e-26,9.999992959087219e-31,9.999999999999992e-31,9.999999563913365e-31,1.0000076191185864e-30,0.1000000014901161,1.8744825372881194e-19,1.6218050393613922e-26,1.0000026843677896e-30,9.999999999999775e-31,1.0000000793157594e-30,9.999998273069886e-31,9.999998272080613e-31,1.143198774770204e-28,9.999997732155266e-31,1.1347436361875069e-27,3.791321587942138e-27,1.0000000863959634e-30,9.999998272109259e-31,9.999998848053703e-31,2.255999998693324e-06,1.3066763616715813e-15,6.18e-05,4.811939567879002e-22,1.0000001630805035e-30,1.0014511978077964e-30,1.0000012690358749e-30,9.999999998960516e-31,1.0000003258212548e-30,2.709401615763927e-28,1.0000001383909975e-30,1.000071843939097e-30,9.999999973943283e-31,1.0000004975610577e-30,9.99999976114e-31,9.99999452426019e-31,4.53205235666196e-30,1.000013968104809e-30,9.999999895289508e-31,1.0000001785831247e-30,2.8475872012147392e-30,0.0003339999999999994,6.6816822908674915e-21,1.1818195005935051e-23,1.0000010342485598e-30,9.99999921983994e-31,9.999993651999867e-31,9.999997255810716e-31,1.000000114202477e-30,9.999997938649249e-31,9.999997696107543e-31,6.668274298481615e-19,3.877581739488266e-27,1.7676564729779984e-17,3.509999999982296e-06,1.0000000863799795e-30,9.999998848235264e-31,3.804753313127879e-17,1.7799999999619175e-06,1.0000001699533372e-30,1.0000049963911603e-30,1.0000000852776601e-30,9.999998283315038e-31,9.999999988431573e-31,9.999998283263705e-31,1.673078634697114e-28,3.08055281215458e-20,1.0000001715899096e-30,3.849898137769596e-21,1.0000001722780232e-30,1.0003995967799062e-30,1.0000000863957337e-30,9.999991062536346e-31,1.000000548162489e-30,1.0003820479246542e-30,1.7459429199113296e-24,2.369483602194269e-30,1.0000000837249023e-30,9.99997146711758e-31,9.999998272081333e-31,1.0000004678396739e-30,7.173469125505046e-30,1.0000001139085571e-30,9.999991248780283e-31
0.4170245354501427,1.3223761271250085e-08,10000.0,250.0,1.0,1.0,21.2875,1.000021910272283e-10,0.0001769999999977599,1.0000904103141465e-30,1.9220726263364087e-28,1.000000073821563e-30,1.0109853852381447e-30,1.0000000424493323e-30,1.0000009273212363e-30,9.999999578630894e-31,1.000000000023586e-30,9.99999999310694e-31,1.0000004998811512e-30,9.9999975290862e-31,9.999984573534216e-31,9.999997501669805e-31,9.999997510686022e-31,9.999999999999742e-31,9.999998750641537e-31,1.0000001248049e-30,9.999999999956021e-31,9.99999999970252e-31,9.999997512603408e-31,4.980431085555436e-24,6.43465876467474e-18,1.0425742348231793e-24,4.266629837278085e-17,1.000000000152985e-30,1.0000000016577621e-30,1.0014784096898077e-30,3.558579487496784e-23,1.0000001247822162e-30,1.0000000001540184e-30,1.0000004552752335e-30,9.9999929897959e-31,1.0000000204907484e-30,9.999992688873007e-31,1.0000000114234452e-30,9.999999385832024e-31,1.000006272020658e-30,1.2220668765243868e-19,3.389996465706978e-08,5.180712852713766e-29,3.8647189705503953e-23,5.35601769544894e-28,6.061229115008979e-22,1.0000000505240255e-30,1.0000011778438982e-30,1.8714630565747334e-30,0.0001823238999996206,0.5000000000000225,1.276721459444157e-18,0.24999999999997102,1.251071371340136e-18,2.3950570549373015e-20,9.999997886499019e-31,1.0000002841144175e-30,1.0006604439636413e-30,9.99999386856068e-31,1.0000002487537832e-30,9.999995001660752e-31,9.999995002622696e-31,9.999997501283224e-31,1.7616931594716576e-30,1.0036004369363439e-30,3.303071472475358e-30,3.7952888671764527e-20,9.999999999999919e-31,9.999997501283224e-31,1.0000000000053972e-30,1.3564931890667835e-24,1.000000648663575e-30,1.1088053430185783e-30,9.999999985849706e-31,2.4991850429080605e-28,3.534278406151274e-14,1.0000371383195156e-30,1.2307068217088148e-27,1.0003853119303661e-30,1.000036599636582e-30,2.2523581403786905e-26,9.999989818249097e-31,9.999999999999987e-31,9.99999936938186e-31,1.0000160893832495e-30,0.1000000014901161,2.7106595207606217e-19,3.3913413164049414e-26,1.0000054688584545e-30,9.999999999999675e-31,1.0000001146972592e-30,9.99999750271386e-31,9.999997501283224e-31,2.379699966670984e-28,9.999996720505794e-31,2.371838505967641e-27,7.925830331996994e-27,1.0000001249358302e-30,9.99999750133679e-31,9.999998334188742e-31,2.2559999981104364e-06,1.889563999357986e-15,6.18e-05,6.958468826655777e-22,1.000000236047993e-30,1.0030356973913026e-30,1.0000018362336466e-30,9.999999998496817e-31,1.0000005169701175e-30,5.654877083604377e-28,1.000000200125021e-30,1.0002164899346128e-30,9.999999962319796e-31,1.0000007195150802e-30,9.999999654612184e-31,9.999992081620321e-31,8.386084384610228e-30,1.0000295563099483e-30,9.999999848579816e-31,1.0000002688737399e-30,4.863599280686674e-30,0.00033399999999999907,9.662271248406191e-21,1.7090111873675857e-23,1.0000030618163297e-30,9.999998871822908e-31,9.999990820258808e-31,9.999996031671564e-31,1.0000001651463858e-30,9.999997019113448e-31,9.999996668377766e-31,9.642885891384486e-19,8.107547195798205e-27,2.5561800404032516e-17,3.5099999999743987e-06,1.000000124912716e-30,9.99999833448919e-31,5.501993528264617e-17,1.7799999999449294e-06,1.0000002458086856e-30,1.0000120747515527e-30,1.0000001233186694e-30,9.999997517529148e-31,9.99999998327108e-31,9.999997517454916e-31,3.487762405085426e-28,4.4547358140549286e-20,1.000000248151588e-30,5.567276387476174e-21,1.0000002491285121e-30,1.000835731453507e-30,1.000000124935518e-30,9.99998707567788e-31,1.0000007926888584e-30,1.0007989090868417e-30,2.524784364106554e-24,3.863808809914494e-30,1.0000001210732506e-30,9.999958742795487e-31,9.999997501285401e-31,1.0000007810818718e-30,1.390970735269299e-29,1.0000001647213524e-30,9.999987345002186e-31
0.6030525784756718,1.912267181873642e-08,10000.0,250.0,1.0,1.0,21.2875,1.0000316840979237e-10,0.00017699999999676059,1.0001307428342994e-30,2.7750477358190946e-28,1.0000001067662398e-30,1.0229724858010788e-30,1.0000000613853072e-30,1.0000013476119402e-30,9.999999390664814e-31,1.0000000000341075e-30,9.999999990032055e-31,1.0000007228701265e-30,9.999996426852433e-31,9.999977692039732e-31,9.99999638720446e-31,9.999996400242668e-31,9.999999999999628e-31,9.999998193322552e-31,1.0000001804783803e-30,9.999999999936403e-31,9.999999999569818e-31,9.999996403015368e-31,9.069814863706715e-24,9.305051580886148e-18,1.5076580376459529e-24,6.169903075097168e-17,1.000000000221229e-30,1.0000000023972581e-30,1.004469084489559e-30,7.441554241940232e-23,1.0000001804455819e-30,1.0000000002227232e-30,1.0000006583662044e-30,9.99998986265642e-31,1.0000000296313414e-30,9.999989427496728e-31,1.0000000165193212e-30,9.999999111876941e-31,1.0000197345482652e-30,1.7862004006602526e-19,3.389994889116004e-08,9.110740520324325e-29,5.588715885809963e-23,1.0798496942930884e-27,8.765053073452258e-22,1.0000000730619779e-30,1.0000017036592035e-30,2.26024146495719e-30,0.00018232389999945134,0.5000000000000325,1.846247231950977e-18,0.24999999999995812,1.8091530616655977e-18,5.008443949066705e-20,9.999996943700057e-31,1.0000004108535837e-30,1.0019978671217417e-30,9.999991133423887e-31,1.0000003597188673e-30,9.999992771981602e-31,9.999992773372603e-31,9.99999638664543e-31,2.592821633601433e-30,1.0108878152947994e-30,5.816089103427729e-30,5.488306326784178e-20,9.999999999999883e-31,9.99999638664543e-31,1.000000000007805e-30,2.8366409068943773e-24,1.0000009407684158e-30,1.2275295247523136e-30,9.999999979537484e-31,7.535195632832885e-28,5.110861125891455e-14,1.0001069235238097e-30,2.5725118275818384e-27,1.0011640779007846e-30,1.0000767152624355e-30,4.709929921814626e-26,9.999985276334557e-31,9.999999999999982e-31,9.999999088072755e-31,1.0000338734612396e-30,0.1000000014901161,3.919841818371368e-19,7.091718803459226e-26,1.0000112272195012e-30,9.999999999999528e-31,1.0000001658618802e-30,9.999996388715196e-31,9.99999638664543e-31,4.965422449402126e-28,9.99999525757568e-31,4.9588007362629986e-27,1.6571149744451382e-26,1.0000001806677164e-30,9.999996386759604e-31,9.999997591096804e-31,2.255999997267532e-06,2.732468583798857e-15,6.18e-05,1.0062529935353705e-21,1.0000003419202834e-30,1.0063496221665017e-30,1.0000026586785167e-30,9.999999997826272e-31,1.000000869454181e-30,1.1814331731176414e-27,1.0000002893976044e-30,1.0006535563045841e-30,9.999999945511254e-31,1.000001040479182e-30,9.999999500904407e-31,9.999988549358531e-31,1.6445479689917127e-29,1.0000626113726784e-30,9.99999978103367e-31,1.000000420951571e-30,9.079401610448387e-30,0.00033399999999999863,1.3972449682874546e-20,2.471375571206034e-23,1.0000090035519233e-30,9.99999836856101e-31,9.999986725324314e-31,9.999994261463586e-31,1.0000002388155559e-30,9.99999568938744e-31,9.999995182194192e-31,1.3944424621380975e-18,1.6953072770702255e-26,3.696451487496239e-17,3.5099999999629794e-06,1.000000180634291e-30,9.999997591645873e-31,7.956345731029687e-17,1.7799999999203638e-06,1.0000003555475777e-30,1.0000300546485598e-30,1.0000001783291654e-30,9.999996410138401e-31,9.999999975808574e-31,9.999996410031057e-31,7.28255516546297e-28,6.441917001802024e-20,1.000000358902955e-30,8.050749494176423e-21,1.0000003602607769e-30,1.0017478074541966e-30,1.000000180667307e-30,9.999981310347783e-31,1.0000011462943098e-30,1.0016706919194697e-30,3.65105944184133e-24,6.988681658211446e-30,1.0000001750821008e-30,9.999940349910143e-31,9.99999638665201e-31,1.0000014426460828e-30,2.799625432422301e-29,1.0000002382009219e-30,9.999981699813174e-31
0.8720647863406966,2.76529929712296e-08,10000.0,250.0,1.0,1.0,21.2875,1.0000458178725045e-10,0.00017699999999531553,1.0001890697228109e-30,4.008558399987948e-28,1.0000001544223438e-30,1.0480397810483695e-30,1.00000008876832e-30,1.0000019688038043e-30,9.999999118850044e-31,1.0000000000493226e-30,9.999999985585513e-31,1.0000010453308529e-30,9.999994832933e-31,9.999967740827879e-31,9.99999477559399e-31,9.999994794448333e-31,9.999999999999463e-31,9.999997387392453e-31,1.0000002609869074e-30,9.999999999908034e-31,9.999999999377922e-31,9.999994798457889e-31,1.7021361095583072e-23,1.3455874001939741e-17,2.18021864264298e-24,8.922193334039631e-17,1.0000000003199158e-30,1.0000000034666258e-30,1.013512133573197e-30,1.55614680759958e-22,1.0000002609394883e-30,1.0000000003220764e-30,1.0000009520527297e-30,9.999985340551258e-31,1.0000000428494025e-30,9.999984711274006e-31,1.0000000238886157e-30,9.999998715776079e-31,1.0000607876979853e-30,2.622704809556173e-19,3.389992609234052e-08,1.6609168342051093e-28,8.081768182717587e-23,2.2005254919034814e-27,1.2675016219935902e-21,1.000000105653738e-30,1.0000024644677587e-30,2.8224983349521787e-30,0.00018232389999920664,0.5000000000000471,2.6698300266122803e-18,0.24999999999993944,2.6161845854483446e-18,1.0473448169765748e-19,9.999995580334424e-31,1.0000005941301014e-30,1.0060425297165862e-30,9.999987178187197e-31,1.0000005201836746e-30,9.99998954767895e-31,9.999989549690213e-31,9.999994774785582e-31,4.3308436854897476e-30,1.0329248207149665e-30,1.1071208617896752e-29,7.936551179263715e-20,9.99999999999983e-31,9.999994774785582e-31,1.0000000000112863e-30,5.931862686873198e-24,1.0000013738037803e-30,1.4758007536119968e-30,9.999999970409477e-31,2.276177729409688e-27,7.390729246976401e-14,1.0003124564733132e-30,5.3784376235976154e-27,1.0035185667936038e-30,1.0001609857167802e-30,9.849102468484254e-26,9.999978708347499e-31,9.999999999999973e-31,9.99999868127574e-31,1.0000711692017258e-30,0.10000000149011612,5.668421195396374e-19,1.4829783018011656e-25,1.0000231757583597e-30,9.999999999999318e-31,1.0000002398502174e-30,9.99999477778325e-31,9.999994774785582e-31,1.0372584512123747e-27,9.999993142055965e-31,1.0368550084095795e-26,3.4649024078525007e-26,1.0000002612607036e-30,9.999994775061703e-31,9.999996516523413e-31,2.255999996048621e-06,3.9513795581154594e-15,6.18e-05,1.4551261744521918e-21,1.0000004959965041e-30,1.0132803319281484e-30,1.0000038547448742e-30,9.999999996856605e-31,1.000001591043324e-30,2.469472086452556e-27,1.0000004184932522e-30,1.0019747464532756e-30,9.999999921204687e-31,1.0000015046200876e-30,9.999999280038057e-31,9.999983441412885e-31,3.329895999491791e-29,1.0001330097325209e-30,9.999999683356259e-31,1.0000007059149983e-30,1.789531533906772e-29,0.0003339999999999979,2.020532197023681e-20,3.5738203768851177e-23,1.0000265222178773e-30,9.999997640801992e-31,9.999980803707339e-31,9.999991701594419e-31,1.0000003453473571e-30,9.999993766492022e-31,9.999993033048048e-31,2.016481167549656e-18,3.5450457132483947e-26,5.345379974547683e-17,3.509999999946465e-06,1.0000002612123674e-30,9.999996517663956e-31,1.1505545590474888e-16,1.779999999884839e-06,1.0000005143347674e-30,1.0000772125755313e-30,1.0000002578789619e-30,9.999994808758398e-31,9.999999965017163e-31,9.999994808603162e-31,1.5218070882984222e-27,9.315541783532597e-20,1.0000005191698714e-30,1.1642059818231739e-20,1.0000005209673634e-30,1.0036551732426252e-30,1.0000002612601998e-30,9.999972973201084e-31,1.0000016576370109e-30,1.0034939485854543e-30,5.2797580294297986e-24,1.35232908312859e-29,1.0000002531834334e-30,9.999913775070492e-31,9.999994774805483e-31,1.0000030268112048e-30,5.745346674949741e-29,1.0000003444585447e-30,9.999973536400357e-31
1.2610790811934538,3.998855533972139e-08,10000.0,250.0,1.0,1.0,21.2875,1.0000662565002857e-10,0.0001769999999932259,1.0002734220795299e-30,5.792404563028931e-28,1.0000002233691319e-30,1.1004604537577578e-30,1.0000001283664595e-30,1.0000029076440987e-30,9.999998725783024e-31,1.0000000000713248e-30,9.99999997915544e-31,1.0000015116359928e-30,9.999992528001335e-31,9.99995335055548e-31,9.99999244507006e-31,9.999992472335026e-31,9.999999999999221e-31,9.999996221949807e-31,1.0000003774089914e-30,9.999999999867009e-31,9.999999999100422e-31,9.99999247813318e-31,3.278165615384327e-23,1.9458297560890643e-17,3.1528216668408675e-24,1.2902230350767697e-16,1.0000000004626253e-30,1.0000000050130092e-30,1.0408572457191455e-30,3.2541486040257034e-22,1.0000003773404409e-30,1.0000000004657497e-30,1.0000013767479297e-30,9.99997880121019e-31,1.0000000619638191e-30,9.999977891222925e-31,1.000000034544652e-30,9.999998142825165e-31,1.0001854278197042e-30,3.8756891060770893e-19,3.389989312335569e-08,3.1248604144335117e-28,1.1686947640643092e-22,4.518833357990098e-27,1.8329164835843773e-21,1.000000152784136e-30,1.0000035655740373e-30,3.635705335834561e-30,0.00018232389999885276,0.5000000000000681,3.860801304411648e-18,0.24999999999991238,3.78321680550134e-18,2.190162991347558e-19,9.999993608791137e-31,1.000000859160544e-30,1.0182740306564296e-30,9.999981458584803e-31,1.0000007522291997e-30,9.9999848850673e-31,9.999984887975988e-31,9.999992443901037e-31,7.965324745573921e-30,1.0995649050049653e-30,2.2060498353396813e-29,1.1476917434248988e-19,9.999999999999752e-31,9.999992443901037e-31,1.000000000016321e-30,1.2404455603835378e-23,1.0000019733524216e-30,1.9949754171076858e-30,9.999999957209615e-31,6.880221134874388e-27,1.0687603772087537e-13,1.0009226603319272e-30,1.1246068579640706e-26,1.0106378304890427e-30,1.000338370534273e-30,2.0595925999586092e-25,9.99996921049302e-31,9.99999999999996e-31,9.999998093012257e-31,1.0001493235993325e-30,0.1000000014901161,8.197014149297234e-19,3.101126345080398e-25,1.000048026997723e-30,9.999999999999011e-31,1.0000003468435564e-30,9.99999244823134e-31,9.999992443901037e-31,2.1679834900253056e-27,9.999990082837153e-31,2.1681195097113884e-26,7.245147945859461e-26,1.0000003778049232e-30,9.999992444636028e-31,9.999994962600051e-31,2.255999994285973e-06,5.714027419363632e-15,6.18e-05,2.1042341948858937e-21,1.0000007215499816e-30,1.0277748549163668e-30,1.0000056047441656e-30,9.999999995454387e-31,1.0000032369455134e-30,5.1629630197984775e-27,1.000000605176378e-30,1.0059693131644329e-30,9.999999886055346e-31,1.0000021758064832e-30,9.999998957117472e-31,9.999976054898177e-31,6.854227393926099e-29,1.0002839218754457e-30,9.999999542106507e-31,1.0000013146952307e-30,3.6330793193789484e-29,0.00033399999999999706,2.9218562114026477e-20,5.1680519949015005e-23,1.0000784835442098e-30,9.99999658840129e-31,9.999972240556989e-31,9.99998799980933e-31,1.0000004994012672e-30,9.99999098582406e-31,9.999989925202645e-31,2.916001490979461e-18,7.413137689094174e-26,7.729869354064501e-17,3.5099999999225853e-06,1.000000377735025e-30,9.999994965297316e-31,1.6637987308257681e-16,1.779999999833468e-06,1.0000007441541623e-30,1.0002046602048672e-30,1.0000003729146402e-30,9.99999249302858e-31,9.999999949411872e-31,9.999992492804097e-31,3.181249657102507e-27,1.3471031549221154e-19,1.0000007512654094e-30,1.6835395110973024e-20,1.0000007533625678e-30,1.0076438760002939e-30,1.0000003778043784e-30,9.999960916997529e-31,1.0000023970804583e-30,1.0073073903775946e-30,7.635014243116122e-24,2.718820607889223e-29,1.000000366124512e-30,9.999875414569687e-31,9.999992443961212e-31,1.000007208296313e-30,1.1905318532219269e-28,1.0000004981159705e-30,9.99996173143011e-31
1.8236264941930882,5.78268167869447e-08,10000.0,250.0,1.0,1.0,21.2875,1.0000958124765973e-10,0.00017699999999020404,1.0003954204137156e-30,8.372202647550757e-28,1.0000003231389285e-30,1.2100830403494504e-30,1.0000001856286997e-30,1.0000043874944224e-30,9.999998157375057e-31,1.0000000001031418e-30,9.999999969857011e-31,1.0000021859520333e-30,9.999989194905907e-31,9.999932541047009e-31,9.999989074937261e-31,9.999989114364696e-31,9.999999999998875e-31,9.999994536621889e-31,1.0000005457650757e-30,9.999999999807683e-31,9.999999998699133e-31,9.999989122749308e-31,6.448425790505513e-23,2.813827581201511e-17,4.559344134314245e-24,1.8657685584312306e-16,1.0000000006689949e-30,1.0000000072491843e-30,1.1235480937701645e-30,6.804936113431474e-22,1.0000005456659913e-30,1.0000000006735132e-30,1.0000019908924436e-30,9.999969344780165e-31,1.0000000896048491e-30,9.999968028863258e-31,1.000000049932705e-30,9.999997308558326e-31,1.0005630604282793e-30,5.778216699370636e-19,3.3899845447485394e-08,6.03567990587906e-28,1.6900374038372632e-22,9.330356639366175e-27,2.650556642461725e-21,1.0000002209385988e-30,1.0000051597836654e-30,4.812048226576226e-30,0.00018232389999834099,0.5000000000000984,5.583048601257556e-18,0.24999999999987327,5.470836743365887e-18,4.57997395534037e-19,9.999990757694412e-31,1.0000012423166118e-30,1.0552631495973369e-30,9.99997318756401e-31,1.0000010877863673e-30,9.999978142524666e-31,9.999978146748688e-31,9.999989073246756e-31,1.5565603863785774e-29,1.3010892129011335e-30,4.5040846229480287e-29,1.659658112294224e-19,9.999999999999642e-31,9.999989073246756e-31,1.0000000000236016e-30,2.5939651230003474e-23,1.0000018534787148e-30,3.0806519918240325e-30,9.999999938121498e-31,2.0802019291395477e-26,1.5455147878568227e-13,1.0027444839993571e-30,2.351619853718754e-26,1.0321657464530853e-30,1.000712801288346e-30,4.306923046804124e-25,9.999955475811985e-31,9.999999999999941e-31,9.999997242332153e-31,1.0003130168525555e-30,0.1000000014901161,1.1853572387610495e-18,6.484918124918392e-25,1.0000997899904838e-30,9.99999999999857e-31,1.0000005015648805e-30,9.999989079163825e-31,9.999989073246756e-31,4.532513588075692e-27,9.99998565895084e-31,4.533772931048342e-26,1.5150059009828605e-25,1.0000005463376262e-30,9.999989075324776e-31,9.999992715496505e-31,2.2559999917370357e-06,8.262964583188878e-15,6.18e-05,3.0428982319984273e-21,1.000001055594361e-30,1.0580876979746658e-30,1.0000081970074304e-30,9.999999993426659e-31,1.000007355243633e-30,1.0795470543651046e-26,1.0000008751357713e-30,1.0180480499880317e-30,9.999999835226441e-31,1.000003146397625e-30,9.999998359448789e-31,9.999965373385847e-31,1.4224166165309185e-28,1.0006104585940905e-30,9.999999337847478e-31,1.0000027898631532e-30,7.488230661875321e-29,0.0003339999999999957,4.225242878135137e-20,7.473452706217526e-23,1.0002333842970854e-30,9.999995066541496e-31,9.99995985753382e-31,9.999982646719024e-31,1.0000007221761017e-30,9.999986964745526e-31,9.999985430998323e-31,4.216783588665477e-18,1.5501916576307094e-25,1.1178041694784858e-16,3.5099999998880526e-06,1.0000005462365473e-30,9.999992722565989e-31,2.405993000222259e-16,1.7799999997591808e-06,1.0000010769101141e-30,1.0005582555937665e-30,1.0000005392658652e-30,9.999989144289313e-31,9.999999926845309e-31,9.999989143964684e-31,6.651407782009125e-27,1.9480191203549348e-19,1.000001087911588e-30,2.4345391482088723e-20,1.0000010894254975e-30,1.0159850183653442e-30,1.0000005463372226e-30,9.999943482738146e-31,1.0000034663755423e-30,1.015284168868508e-30,1.1040956820132493e-23,5.576373966523928e-29,1.0000005294467737e-30,9.999820150464526e-31,9.999989073428725e-31,1.0000189580510917e-30,2.4786799126835723e-28,1.0000007203174565e-30,9.999944660474175e-31
2.6371174020075636,8.362244425442554e-08,10000.0,250.0,1.0,1.0,21.2875,1.0001385529065544e-10,0.00017699999998583421,1.000571888176245e-30,1.2103320200501432e-27,1.0000004675545296e-30,1.43932942341383e-30,1.0000002684347134e-30,1.0000068978446236e-30,9.99999733540935e-31,1.000000000149152e-30,9.999999956410701e-31,1.0000031610688624e-30,9.999984375058511e-31,9.99990244882285e-31,9.999984201443587e-31,9.999984258458965e-31,9.999999999998372e-31,9.999992099496369e-31,1.0000007892220439e-30,9.999999999721894e-31,9.999999998118838e-31,9.999984270583812e-31,1.2896511506217081e-22,4.0690189219888965e-17,6.593433303208263e-24,2.6980530496874444e-16,1.0000000009674229e-30,1.0000000104828284e-30,1.3736019676656865e-30,1.423018391432927e-21,1.0000007890788546e-30,1.0000000009739565e-30,1.000002878996075e-30,9.999955670002234e-31,1.0000001295760512e-30,9.999953767078284e-31,1.0000000721600437e-30,9.999996095443668e-31,1.0017060523446923e-30,8.718905102293186e-19,3.389977650428273e-08,1.1905043616751176e-27,2.443949738385537e-22,1.9339397954846487e-26,3.832938733772493e-21,1.0000003194955903e-30,1.0000074691787369e-30,6.514206549031553e-30,0.0001823238999976009,0.5000000000001423,8.073568561235412e-18,0.24999999999981673,7.911262831722193e-18,9.577437486662873e-19,9.999986634676743e-31,1.0000017962752175e-30,1.1671186847432693e-30,9.999961226983765e-31,1.0000015730298716e-30,9.99996839222802e-31,9.999968398374657e-31,9.999984198998974e-31,3.145899884772013e-29,1.9104952356916325e-30,9.309639035414651e-29,2.400003756935168e-19,9.999999999999482e-31,9.999984198998974e-31,1.00000000003413e-30,5.424381831527202e-23,1.000000527785596e-30,5.350973182105944e-30,9.999999910518478e-31,6.289927950572985e-26,2.2349388762957202e-13,1.0082049842985207e-30,4.917493048623502e-26,1.097264371138365e-30,1.0015064670466115e-30,9.006444200678167e-25,9.999935614340548e-31,9.999999999999915e-31,9.999996012173813e-31,1.0006557919067394e-30,0.1000000014901161,1.7141263365793464e-18,1.3560924619855933e-24,1.0002077490608184e-30,9.99999999999793e-31,1.0000007253048333e-30,9.999984206813242e-31,9.999984198998974e-31,9.47713440991447e-27,9.999979261642187e-31,9.480728351189553e-26,3.168021305798635e-25,1.0000007900499991e-30,9.999984205073796e-31,9.999989465996536e-31,2.2559999880510583e-06,1.1948942256408296e-14,6.18e-05,4.40028377349708e-21,1.000001561570518e-30,1.1214820897341498e-30,1.0000121320469713e-30,9.999999990494394e-31,1.0000184089949267e-30,2.2573907191238778e-26,1.0000012655195352e-30,1.0545724686810612e-30,9.999999761723567e-31,1.0000045499522722e-30,9.99999734255731e-31,9.99994992704016e-31,2.9635883014076695e-28,1.0013260966731199e-30,9.999999042471735e-31,1.0000067218053561e-30,1.5549963739395514e-28,0.00033399999999999386,6.110041921001893e-20,1.0807272085846828e-22,1.0006969737381068e-30,9.99999286580455e-31,9.999941950667234e-31,9.999974905705208e-31,1.0000010443270835e-30,9.999981149930414e-31,9.999978932004177e-31,6.097823984301814e-18,3.2416788048670586e-25,1.6164389125385994e-16,3.509999999838115e-06,1.0000007899038306e-30,9.999989485802651e-31,3.47926837908403e-16,1.7799999996517556e-06,1.0000015589769784e-30,1.0015608669104029e-30,1.0000007798236375e-30,9.999984301732477e-31,9.99999989421216e-31,9.999984301263027e-31,1.390805910716595e-26,2.8169882649790657e-19,1.000001577804374e-30,3.5205470859802416e-20,1.0000015754005779e-30,1.0334278301304851e-30,1.0000007900502193e-30,9.999918271385424e-31,1.0000050126612603e-30,1.0319718488530821e-30,1.5966328164423643e-23,1.1551978840629358e-28,1.0000007656244214e-30,9.999740863879568e-31,9.999984199549241e-31,1.000053164821922e-30,5.172402086743057e-28,1.0000010416393312e-30,9.999919974486603e-31
3.8134937247927456,1.2092509274456956e-07,10000.0,250.0,1.0,1.0,21.2875,1.0002003591667814e-10,0.0001769999999795151,1.000827208356079e-30,1.7500146019184915e-27,1.0000006766850282e-30,1.9187451710924696e-30,1.0000003881791673e-30,1.0000116503991743e-30,9.999996146777874e-31,1.0000000002156864e-30,9.999999936966205e-31,1.000004571167945e-30,9.999977405421243e-31,9.999858933094063e-31,9.999977153965746e-31,9.999977236414764e-31,9.999999999997645e-31,9.99998857520879e-31,1.0000011412811017e-30,9.999999999597833e-31,9.999999997279683e-31,9.999977253948292e-31,2.611813245729998e-22,5.884117504646526e-17,9.535251846153238e-24,3.9016006664008265e-16,1.0000000013989748e-30,1.0000000151588386e-30,2.129753807764952e-30,2.9757515592482807e-21,1.0000011410742375e-30,1.0000000014084231e-30,1.000004163266528e-30,9.999935895155437e-31,1.0000001873776626e-30,9.999933143372798e-31,1.0000001043457953e-30,9.999994352697859e-31,1.0051639161466667e-30,1.3367607146681033e-18,3.389967680685684e-08,2.386423908044152e-27,3.53418506113481e-22,4.0193977402472323e-26,5.542774471799272e-21,1.0000004620171772e-30,1.0000108172678212e-30,8.978746354885607e-30,0.00018232389999653067,0.500000000000206,1.1675081359601777e-17,0.24999999999973496,1.1440294279099571e-17,2.0027893597105293e-18,9.999980672609895e-31,1.0000025975460248e-30,1.5053671876347423e-30,9.999943931003572e-31,1.0000022747319787e-30,9.999954292530598e-31,9.99995430142211e-31,9.999977150430627e-31,6.469462100947493e-29,3.753303310108106e-30,1.9358811307780892e-28,3.470604166187829e-19,9.999999999999251e-31,9.999977150430627e-31,1.0000000000493549e-30,1.1343208764591118e-22,1.0000005965439704e-30,1.0098571354238122e-29,9.999999870602186e-31,1.9019553868501091e-25,3.231898036037365e-13,1.0246161208094969e-30,1.028312302241867e-25,1.2941178456414197e-30,1.0031986503447e-30,1.8833876766370608e-24,9.999906893050913e-31,9.999999999999875e-31,9.999994233254464e-31,1.0013735448043171e-30,0.1000000014901161,2.478770957490239e-18,2.835785657916749e-24,1.00043314558766e-30,9.999999999997006e-31,1.0000010488514189e-30,9.999977161673235e-31,9.999977150430627e-31,1.9817159388908716e-26,9.999970010602334e-31,1.9825591654133217e-25,6.624697930433534e-25,1.0000011424783933e-30,9.999977168498429e-31,9.999984766947945e-31,2.255999982720824e-06,1.727917620323226e-14,6.18e-05,6.363174040043974e-21,1.0000023606959712e-30,1.2540631615670588e-30,1.0000183863741714e-30,9.999999986254093e-31,1.0000494881698269e-30,4.7204391548183565e-26,1.0000018300468746e-30,1.1650184530838355e-30,9.999999655432224e-31,1.0000065796065862e-30,9.999996135051703e-31,9.999927590366417e-31,6.1864239810106e-28,1.002921309987362e-30,9.999998615333565e-31,1.0000178470341233e-30,3.2408323802625e-28,0.0003339999999999911,8.835603706012981e-20,1.5628288779920282e-22,1.002088520862235e-30,9.999989683354549e-31,9.999916055887823e-31,9.999963711559147e-31,1.000001510184143e-30,9.999972741224431e-31,9.9999695339191e-31,8.817966715752857e-18,6.778831546487875e-25,2.3375067200739796e-16,3.509999999765901e-06,1.0000011422670213e-30,9.999984824568225e-31,5.031314904530445e-16,1.7799999994964094e-06,1.0000022579138163e-30,1.0044531512313695e-30,1.0000011276902137e-30,9.999977298991892e-31,9.999999847021878e-31,9.999977298313003e-31,2.908286623813369e-26,4.073578409345579e-19,1.000002295526911e-30,5.0910044075939886e-20,1.0000022781610263e-30,1.0699036514849778e-30,1.0000011424803918e-30,9.99988181375981e-31,1.0000072487101557e-30,1.0668896806343993e-30,2.308902145784515e-23,2.404793714588555e-28,1.0000011071570052e-30,9.999628113246342e-31,9.999977152094626e-31,1.0001546276012333e-30,1.0805402250656413e-27,1.0000015062974371e-30,9.999884276578578e-31
5.514632901046656,1.7486786215901368e-07,10000.0,250.0,1.0,1.0,21.2875,1.0002897362235397e-10,0.0001769999999703771,1.001196799924428e-30,2.5307900740440633e-27,1.0000009797202308e-30,2.92135641666059e-30,1.0000005613397037e-30,1.000021922080973e-30,9.999994427916964e-31,1.0000000003119007e-30,9.999999908847829e-31,1.0000066102858755e-30,9.999967327545025e-31,9.99979600602251e-31,9.999966962728411e-31,9.99996708195659e-31,9.999999999996594e-31,9.999983478794514e-31,1.0000016503876939e-30,9.999999999418436e-31,9.999999996066192e-31,9.999967107311498e-31,5.338730624820527e-22,8.508874089532815e-17,1.3790301009962827e-23,5.642019672005625e-16,1.0000000020230352e-30,1.0000000219205097e-30,4.416326719818284e-30,6.222750478468268e-21,1.0000016500889678e-30,1.000000002036698e-30,1.000006020425206e-30,9.999907299131715e-31,1.0000002709634245e-30,9.999903319834032e-31,1.0000001512684187e-30,9.999991933801965e-31,1.0156225257673487e-30,2.091857911547619e-18,3.389953263650622e-08,4.841828560653851e-27,5.110787697219767e-22,8.36949608821632e-26,8.01536536008464e-21,1.000000668115403e-30,1.000015676905351e-30,1.2551660086878885e-29,0.0001823238999949829,0.5000000000002979,1.688319565725965e-17,0.24999999999961675,1.6543507877230068e-17,4.188135195814399e-18,9.999972052377653e-31,1.0000037580161553e-30,2.528219602875501e-30,9.999918919615374e-31,1.000003289450524e-30,9.999933903527369e-31,9.999933916077361e-31,9.999966957616318e-31,1.3419560450611957e-28,9.325836833053646e-30,4.037320805798629e-28,5.018778899995166e-19,9.999999999998917e-31,9.999966957616318e-31,1.0000000000713714e-30,2.372034195460677e-22,1.0000181407878115e-30,2.0026539005870787e-29,9.999999812879868e-31,5.7512538678477365e-25,4.673572137845404e-13,1.0740318953937705e-30,2.1503450420458296e-25,1.8893910781089812e-30,1.0068358950540613e-30,3.938455848103932e-24,9.999865359794583e-31,9.99999999999982e-31,9.999991660773244e-31,1.0028767128124936e-30,0.1000000014901161,3.584511437918199e-18,5.930022018010643e-24,1.0009041114848742e-30,9.999999999995669e-31,1.0000015167265585e-30,9.999966979832627e-31,9.999966957616318e-31,4.1439904553155497e-26,9.99995663283451e-31,4.145832240084685e-25,1.3853091915850068e-24,1.0000016521190754e-30,9.999967011815788e-31,9.999977971732076e-31,2.2559999750128572e-06,2.4987143103982677e-14,6.18e-05,9.201671311296458e-21,1.0000037163341169e-30,1.5313471031669655e-30,1.0000291364560198e-30,9.999999980122262e-31,1.0001394018814087e-30,9.871034523721179e-26,1.0000026464001891e-30,1.4989984161933523e-30,9.999999501725999e-31,1.0000095146495244e-30,9.999996699274411e-31,9.999895289744429e-31,1.2925887155785221e-27,1.0065549291047544e-30,9.999997997655855e-31,1.0000503834357832e-30,6.766181498355988e-28,0.0003339999999999871,1.2776961427497455e-19,2.2599954267734092e-22,1.0062745638415832e-30,9.999985081265778e-31,9.999878609976326e-31,9.999947523906697e-31,1.0000021838518766e-30,9.999960581540668e-31,9.999955943512683e-31,1.2751522045668697e-17,1.4175531803046194e-24,3.3802314604942067e-16,3.5099999996614734e-06,1.0000016518134147e-30,9.999978142687753e-31,7.275704796449005e-16,1.7799999992717663e-06,1.0000032724583562e-30,1.012907155991139e-30,1.0000016307341226e-30,9.999967172448356e-31,9.99999977878076e-31,9.999967171466573e-31,6.081578398721512e-26,5.890687638272856e-19,1.0000033615268896e-30,7.362014607176871e-20,1.0000032944109037e-30,1.1461802802442298e-30,1.0000016521254784e-30,9.99982909319968e-31,1.0000104822033124e-30,1.1399728893562372e-30,3.33894364809896e-23,5.017902610326566e-28,1.0000016010415424e-30,9.999470824187878e-31,9.99996696264822e-31,1.000458457745936e-30,2.258489655470555e-27,1.0000021782313944e-30,9.99983265462433e-31
7.974623331774108,2.5287364699943266e-07,10000.0,250.0,1.0,1.0,21.2875,1.000418982975229e-10,0.00017699999995716279,1.0017323486758235e-30,3.660810425205051e-27,1.0000014192246882e-30,5.0182088916938805e-30,1.0000008117443675e-30,1.0000470651295251e-30,9.99999194229994e-31,1.000000000451035e-30,9.99999986818629e-31,1.0000095590136082e-30,9.99995275651692e-31,9.999705008880935e-31,9.999952225359864e-31,9.999952397773748e-31,9.999999999995074e-31,9.99997610895511e-31,1.0000023865977616e-30,9.999999999159006e-31,9.99999999431138e-31,9.99995243443896e-31,1.0986306311073264e-21,1.230443293481585e-16,1.994598617544528e-23,8.158786637575923e-16,1.0000000029254788e-30,1.0000000316979678e-30,1.1330846936889207e-29,1.3012701510770964e-20,1.000002386166651e-30,1.000000002945237e-30,1.0000087060235756e-30,9.999865947019167e-31,1.0000003918349837e-30,9.999860192644091e-31,1.000000220789891e-30,9.999988880992472e-31,1.0472521237860119e-30,3.357056674426359e-18,3.389932415512906e-08,9.910853360764427e-27,7.39075178846766e-22,1.7450602247748404e-25,1.1590991123837276e-20,1.0000009661516115e-30,1.0000227427090322e-30,1.774488797331761e-29,0.00018232389999274458,0.5000000000004308,2.4414616761894303e-17,0.24999999999944575,2.3923052721825484e-17,8.758008045029015e-18,9.9999595930154e-31,1.0000054439174304e-30,5.6212929335149135e-30,9.999882751162318e-31,1.0000047568152624e-30,9.999904420752298e-31,9.999904437226553e-31,9.999952217967295e-31,2.7953323903176e-28,2.6176861854418235e-29,8.431758765533205e-28,7.257562409902095e-19,9.999999999998433e-31,9.999952217967295e-31,1.0000000001032089e-30,4.960266623164788e-22,1.0001201864671274e-30,4.078744962907118e-29,9.999999729408539e-31,1.739120830745229e-24,6.758327558728766e-13,1.2230236864371469e-30,4.49667615039386e-25,3.6894697363365135e-30,1.014740662947938e-30,8.235916959851461e-24,9.999805299515265e-31,9.99999999999974e-31,9.999987940720015e-31,1.0060258763431385e-30,0.10000000149011609,5.1835052404341505e-18,1.240044860147744e-23,1.0018888914922492e-30,9.999999999993737e-31,1.0000021933124374e-30,9.999952282494775e-31,9.999952217967295e-31,8.665682785710053e-26,9.999937287486472e-31,8.669572761259694e-25,2.8968696717004557e-24,1.0000023891014784e-30,9.999952381233278e-31,9.999968145286154e-31,2.255999963866488e-06,3.6133511960919356e-14,6.179999999999998e-05,1.3306362080054946e-20,1.0000062734373698e-30,2.1112938616016474e-30,1.0000498413079604e-30,9.999999971255116e-31,1.0004040037041541e-30,2.064165507949168e-25,1.0000038269148299e-30,2.5089343371458565e-30,9.999999279453861e-31,1.0000137589518543e-30,1.0000007669967552e-30,9.99984858051097e-31,2.701917901852135e-27,1.0150528675765584e-30,9.999997104441962e-31,1.0001471735056337e-30,1.4138240261430198e-27,0.00033399999999998134,1.8476425278222182e-19,3.2681714841476535e-22,1.0188866396095265e-30,9.99997842626181e-31,9.999824460285924e-31,9.999924115253875e-31,1.00000315803048e-30,9.999942997641613e-31,9.999936290673789e-31,1.8439774113550118e-17,2.9643059959938347e-24,4.888099198860925e-16,3.509999999510463e-06,1.0000023886594752e-30,9.999968657499975e-31,1.052128145118226e-15,1.7799999989469128e-06,1.0000047475736433e-30,1.0378604380481185e-30,1.0000023581770362e-30,9.999952528632385e-31,9.999999680098361e-31,9.999952527212531e-31,1.2717430389705304e-25,8.518326397894222e-19,1.0000049880669536e-30,1.0646079664434032e-19,1.0000047639919191e-30,1.3056857657344917e-30,1.000002389118084e-30,9.999752855323922e-31,1.0000151580610912e-30,1.2929968033909575e-30,4.8285542146684595e-23,1.0482344419397004e-27,1.0000023152395863e-30,9.999260780208186e-31,9.999952233183678e-31,1.0013726346674652e-30,4.7217675719631866e-27,1.0000031499028356e-30,9.999758005404868e-31
11.531976547633086,3.6567657748709683e-07,10000.0,250.0,1.0,1.0,21.2875,1.000605884666906e-10,0.00017699999993805375,1.0025099790373793e-30,5.297584076037087e-27,1.0000020574945301e-30,9.40376487137898e-30,1.0000011738504968e-30,1.0001145564255206e-30,9.999988347889603e-31,1.0000000006522345e-30,9.99999980938628e-31,1.000013823104484e-30,9.999931692912809e-31,9.999573420819678e-31,9.999930913923093e-31,9.99993116324786e-31,9.999999999992875e-31,9.999965451556632e-31,1.0000034512175714e-30,9.999999998783854e-31,9.999999991773778e-31,9.999931216268532e-31,2.2717018634264276e-21,1.7793004819417288e-16,2.885465230157758e-23,1.1798190377341048e-15,1.0000000042304872e-30,1.000000045835976e-30,3.2240179278057644e-29,2.7211446543565637e-20,1.0000034505959731e-30,1.0000000042590602e-30,1.0000125896052186e-30,9.999806148686325e-31,1.0000005666244121e-30,9.999797827426458e-31,1.0000003272364788e-30,9.999986044764927e-31,1.1429036797900976e-30,5.548964816475046e-18,3.389902267577782e-08,2.041644283150559e-26,1.0687905550653177e-21,3.6418499414723267e-25,1.6761754047458338e-20,1.000001397141146e-30,1.0000330427195944e-30,2.533345555560026e-29,0.0001823238999895074,0.500000000000623,3.530578903812269e-17,0.2499999999991985,3.459422061122781e-17,1.8314238844851128e-17,9.999941597762023e-31,1.0000079094094468e-30,1.4974667081848696e-29,9.999830448797426e-31,1.0000068787404734e-30,9.9998617911761e-31,9.999861808480799e-31,9.999930903232617e-31,5.834573982049341e-28,7.713363119265783e-29,1.762120668460737e-27,1.0495016194871966e-18,9.999999999997732e-31,9.999930903232617e-31,1.0000000001492492e-30,1.037260236565554e-21,1.0005396358207934e-30,8.420166326251615e-29,9.999999608701971e-31,5.258971442605901e-24,9.77300358965773e-13,1.6726526937895874e-30,9.403173436093166e-25,9.132846635071735e-30,1.0321743907365995e-30,1.7222550744282496e-23,9.999718447934269e-31,9.999999999999622e-31,9.999982561151524e-31,1.0126273955250288e-30,0.1000000014901161,7.495784862513594e-18,2.5930794555591537e-23,1.0039493740505364e-30,9.999999999990938e-31,1.0000031717105722e-30,9.999931122707242e-31,9.999930903232617e-31,1.8121357872075571e-25,9.999909312548125e-31,1.812941012160975e-24,6.057759939996501e-24,1.0000034548381422e-30,9.99993139603216e-31,9.999953935435356e-31,2.255999947747901e-06,5.225209939892695e-14,6.179999999999998e-05,1.9242058637535893e-20,1.0000117586551787e-30,3.324353703224704e-30,1.0000953857514945e-30,9.999999958432479e-31,1.0011906089114391e-30,4.316445101034636e-25,1.000005534036825e-30,5.5629390551129896e-30,9.999998958029655e-31,1.0000198965351361e-30,1.0000059542195455e-30,9.999781035414038e-31,5.649049893884223e-27,1.0355419321306592e-30,9.999995812779636e-31,1.0004375523956887e-30,2.955436541640896e-27,0.00033399999999997304,2.671818093310082e-19,4.726109342869647e-22,1.0569275389620103e-30,9.99996880257377e-31,9.999746155798688e-31,9.999890264495603e-31,1.0000045667713046e-30,9.999917569901183e-31,9.999907871082915e-31,2.666546533291162e-17,6.1987669745163075e-24,7.0686028618954e-16,3.509999999292089e-06,1.0000034541989993e-30,9.999955477488828e-31,1.5214658394546824e-15,1.7799999984771477e-06,1.0000068974524033e-30,1.1120394356293026e-30,1.0000034101187956e-30,9.99993135248024e-31,9.999999537395308e-31,9.999931350426778e-31,2.6594033628340846e-25,1.2318000020047533e-18,1.0000075972672372e-30,1.5395099851347803e-19,1.0000068891259058e-30,1.639232786249128e-30,1.0000034548775178e-30,9.999642609966745e-31,1.0000219196498879e-30,1.6135852285086257e-30,6.982831826686226e-23,2.190940731033129e-27,1.0000033480292282e-30,9.999009679306052e-31,9.999930949246748e-31,1.0041298661445379e-30,9.87286794764564e-27,1.0000045550181423e-30,9.99965005733602e-31
16.676208713869638,5.287991093946486e-07,10000.0,250.0,1.0,1.0,21.2875,1.0008761602657187e-10,0.00017699999991042053,1.0036438844987352e-30,7.672121064494075e-27,1.0000029860751365e-30,1.8576587945267733e-29,1.0000016974862065e-30,1.000305814500986e-30,9.999983150072008e-31,1.0000000009431862e-30,9.99999972435652e-31,1.0000199893019556e-30,9.999901255253393e-31,9.999383136470095e-31,9.999900095872034e-31,9.999900456416646e-31,9.999999999989694e-31,9.999950040081506e-31,1.0000049907434214e-30,9.99999999824135e-31,9.99999998810419e-31,9.999900533088183e-31,4.7133297520941e-21,2.5729678936982744e-16,4.175730645780975e-23,1.7060963417801888e-15,1.0000000061176385e-30,1.000000066278594e-30,9.547070520959867e-29,5.690290785410115e-20,1.0000049898483529e-30,1.0000000061589594e-30,1.0000182055500746e-30,9.999719675896354e-31,1.0000008193825048e-30,9.99970764276049e-31,1.0000004759181851e-30,9.99998054235368e-31,1.4321647399325363e-30,9.4763268752641e-18,3.389858671600292e-08,4.224960496156065e-26,1.5456147155809809e-21,7.605281910804895e-25,2.4239336425812795e-20,1.0000020203992242e-30,1.0000481153881944e-30,3.654230148356621e-29,0.00018232389998482538,0.5000000000009008,5.105555716914953e-17,0.24999999999884093,5.002505233685694e-17,3.829753286488707e-17,9.999915555634394e-31,1.0000114502416078e-30,4.325967012480807e-29,9.99975481563231e-31,1.0000099472068117e-30,9.999800141242617e-31,9.999800164047857e-31,9.999900080412603e-31,1.219011255031153e-27,2.3123115319276957e-28,3.683773947407982e-27,1.517661422676903e-18,9.999999999996724e-31,9.999900080412603e-31,1.0000000002158272e-30,2.16904448756861e-21,1.0009051155364241e-30,1.7498721838442722e-28,9.999999434150121e-31,1.5903069195709245e-23,1.413236223199873e-12,3.030421916871619e-30,1.9663274777953345e-24,2.5593882239109225e-29,1.0713184905277425e-30,3.601490610213348e-23,9.999592854572075e-31,9.999999999999454e-31,9.999974781725973e-31,1.0264735412673168e-30,0.1000000014901161,1.083953581477932e-17,5.422385383138939e-23,1.0082514495730424e-30,9.999999999986897e-31,1.0000045865524573e-30,9.999900440804643e-31,9.999900080412603e-31,3.7894970978776003e-25,9.999868858564795e-31,3.791136178363549e-24,1.266763179942525e-23,1.0000049959790417e-30,9.999901569316507e-31,9.999933386830795e-31,2.255999924439067e-06,7.556093329973026e-14,6.179999999999997e-05,2.782550900285171e-20,1.0000250588433424e-30,5.861945318434907e-30,1.0002083901612258e-30,9.999999939889865e-31,1.0035382720317275e-30,9.026233476396328e-25,1.0000080025146972e-30,1.4798426980983175e-29,9.999998493223214e-31,1.0000287719236656e-30,1.0000102609485864e-30,9.99968336032203e-31,1.1811972685851435e-26,1.0866073466599437e-30,9.99999394492749e-31,1.001312314757137e-30,6.179186521699834e-27,0.000333999999999961,3.8636142173766767e-19,6.83447381873899e-22,1.1717604744311635e-30,9.99995488592723e-31,9.999632922016474e-31,9.99984131371804e-31,1.0000066039219331e-30,9.999880799371316e-31,9.999866774105332e-31,3.856050709246319e-17,1.2962402181059132e-23,1.0221794685267909e-15,3.509999998976302e-06,1.0000049950547997e-30,9.999938040060215e-31,2.2001676333519276e-15,1.779999997797828e-06,1.0000100413952076e-30,1.3336769907089572e-30,1.0000049313111015e-30,9.999900730061971e-31,9.999999331034686e-31,9.999900727091996e-31,5.561215920425268e-25,1.781241120413999e-18,1.0000121478735858e-30,2.2262552855161387e-19,1.0000099622404603e-30,2.3367180417732844e-30,1.0000049960681069e-30,9.999483188050754e-31,1.0000316972775122e-30,2.285774705273227e-30,1.0098465256992387e-22,4.580535036976152e-27,1.0000048415292275e-30,9.998805750040617e-31,9.999900219559354e-31,1.0124560944693177e-30,2.0644620537136614e-26,1.0000065869260719e-30,9.999493957403652e-31
24.11520140713613,7.646880202668737e-07,10000.0,250.0,1.0,1.0,21.2875,1.0012670015751029e-10,0.00017699999987046052,1.0053115388973306e-30,1.1128023693106419e-26,1.0000043409705062e-30,3.7765098104774293e-29,1.000002454707236e-30,1.0008675416875068e-30,9.999975633595052e-31,1.0000000013639268e-30,9.99999960139633e-31,1.0000289060654688e-30,9.999857306660498e-31,9.99910797568881e-31,9.999855530545989e-31,9.999856051922854e-31,9.999999999985098e-31,9.999927753833323e-31,1.0000072170190108e-30,9.999999997456846e-31,9.999999982797661e-31,9.999856162794114e-31,9.802639564084931e-21,3.720622821154452e-16,6.047335381726163e-23,2.4671143892687133e-15,1.0000000088466152e-30,1.0000000958358832e-30,2.866763655191397e-28,1.1899134349993262e-19,1.0000072157326444e-30,1.0000000089063737e-30,1.0000263265931297e-30,9.999594630286321e-31,1.0000011848875211e-30,9.999577229581323e-31,1.0000007686968026e-30,9.999993346788184e-31,2.3068809387106745e-30,1.674005123498811e-17,3.389795629139053e-08,8.771309620970127e-26,2.2352010798227288e-21,1.5889464936833565e-24,3.5053018236613695e-20,1.000002921739685e-30,1.0000703032143935e-30,5.345620695190965e-29,0.00018232389997805318,0.5000000000013028,7.383149987419734e-17,0.24999999999832384,7.233813098598107e-17,8.008485494727207e-17,9.999878186082814e-31,1.0000169328635547e-30,1.2879175549946045e-28,9.999645445128927e-31,1.0000143844337054e-30,9.999711054639104e-31,9.99971102168143e-31,9.999855508188594e-31,2.5480556568451966e-27,6.9720531352852215e-28,7.702236803118238e-27,2.1946530784755934e-18,9.999999999995261e-31,9.999855508188592e-31,1.000000000312105e-30,4.5357209694851714e-21,1.0050099037033e-30,3.6483281219154237e-28,9.999999181733456e-31,4.808996689624973e-23,2.0436117845119678e-12,7.132245801503761e-30,4.111827835133496e-24,7.537086025794919e-29,1.1614956018227488e-30,7.531232834904895e-23,9.999411238790193e-31,9.999999999999213e-31,9.999963531796156e-31,1.0555727770194366e-30,0.10000000149011609,1.5674881125715436e-17,1.1338597321685685e-22,1.0172823430974917e-30,9.99999999998105e-31,1.0000066325241925e-30,9.999857305665135e-31,9.999855508188592e-31,7.924562217160969e-25,9.999810358976258e-31,7.927834547032644e-24,2.6489791508208956e-23,1.000007224590096e-30,9.999860008697087e-31,9.999903671893744e-31,2.255999890732532e-06,1.0926746854966169e-13,6.179999999999997e-05,4.0237761720627924e-20,1.0000604551609935e-30,1.11711257466481e-29,1.0005145349551456e-30,9.999999913075686e-31,1.0105982139123781e-30,1.887488779815913e-24,1.0000115720158638e-30,4.2725752886051874e-29,9.999997821074016e-31,1.000041606328889e-30,1.000063850825222e-30,9.999542115603151e-31,2.4699626629787372e-26,1.2182425249726154e-30,9.999991243856692e-31,1.0039527402459412e-30,1.2920538814298205e-26,0.0003339999999999436,5.586986664012868e-19,9.88347934794429e-22,1.5185753529445325e-30,9.999934761319253e-31,9.999469178742603e-31,9.99977052745978e-31,1.0000095497982013e-30,9.999827626355682e-31,9.999807344715406e-31,5.57617384825874e-17,2.710582336499023e-23,1.4781575455199706e-15,3.5099999985196467e-06,1.0000072232538783e-30,9.999917728811522e-31,3.181627520177854e-15,1.779999996815474e-06,1.0000146611773137e-30,1.998313943987175e-30,1.0000071310748091e-30,9.999856447635194e-31,9.999999032619865e-31,9.999856443339328e-31,1.1629349228730115e-24,2.575729731078915e-18,1.0000210793793808e-30,3.2193405388270744e-19,1.0000144062059117e-30,3.795224175947912e-30,1.0000072247860685e-30,9.999252655037134e-31,1.0000458361341337e-30,3.696838119734559e-30,1.4604700183720254e-22,9.577597844400727e-27,1.0000070012575581e-30,9.998992162933838e-31,9.99985592896611e-31,1.0376150637434297e-30,4.31700135126141e-26,1.0000095252211756e-30,9.999268228072568e-31
34.872610968407265,1.1058032397389417e-06,10000.0,250.0,1.0,1.0,21.2875,1.0018321910987472e-10,0.000176999999812675,1.00780666240454e-30,1.6190493970887457e-26,1.0000063273623534e-30,7.791381594291595e-29,1.0000035497129193e-30,1.0025489394395133e-30,9.999964764146719e-31,1.000000001972353e-30,9.99999942358555e-31,1.0000418002949422e-30,9.99979395565765e-31,9.998710083430896e-31,9.999791085696756e-31,9.999791839641197e-31,9.99999999997845e-31,9.999895526130506e-31,1.0000104363833935e-30,9.999999996322386e-31,9.999999975123968e-31,9.999791999964096e-31,2.0421412004208435e-20,5.380113536746568e-16,8.77072910289175e-23,3.56756196360214e-15,1.00000001279294e-30,1.0000001385688902e-30,8.648616939486112e-28,2.488247032030771e-19,1.0000104345398835e-30,1.0000000128793658e-30,1.0000380701253122e-30,9.999413806574912e-31,1.0000017134292132e-30,9.999388644155688e-31,1.0000017566877464e-30,1.0000162582890356e-30,4.951922668420466e-30,3.0557306006892293e-17,3.389704466507498e-08,1.825146013114697e-25,3.2325233092424815e-21,3.3208569860588796e-24,5.0691491463994906e-20,1.0000042254006303e-30,1.0001032668400132e-30,8.003425426992946e-29,0.00018232389996825668,0.500000000001884,1.0676837592525706e-16,0.2499999999975761,1.0460220566249707e-16,1.674659906029753e-16,9.999826248058146e-31,1.0000274915200311e-30,3.8743004773343654e-28,9.99948729124601e-31,1.000020800966798e-30,9.999582691881805e-31,9.99958211572214e-31,9.999791053352485e-31,5.327299281215603e-27,2.1062067175393362e-27,1.6105421263188636e-26,3.173625724484869e-18,9.999999999993147e-31,9.999791053352485e-31,1.0000000004513317e-30,9.484622805015034e-21,1.0369052791543305e-30,7.618257489582628e-28,9.999998816717727e-31,1.4541864992783104e-22,2.9551369015688673e-12,1.9527432540838626e-29,8.598258718031299e-24,2.2588920602350196e-28,1.3757557405036691e-30,1.574883277046377e-22,9.999148612924296e-31,9.999999999998862e-31,9.999947263036489e-31,1.1169189462081493e-30,0.10000000149011609,2.266719742018642e-17,2.370937875955778e-22,1.0364168171919123e-30,9.999999999972593e-31,1.0000095911533021e-30,9.999803881445972e-31,9.999791053352485e-31,1.6571906775732554e-24,9.999725764225189e-31,1.6578260489776638e-23,5.539375702657647e-23,1.0000104473316901e-30,9.99980465996324e-31,9.999860701749882e-31,2.255999841990046e-06,1.580099546331524e-13,6.179999999999996e-05,5.818663327543182e-20,1.000160379177981e-30,2.2281518587732945e-29,1.0013894600256181e-30,9.999999874300125e-31,1.0319296268847479e-30,3.946919577850019e-24,1.0000167349398168e-30,1.2717318105016945e-28,9.999996849089785e-31,1.0000601656381946e-30,1.0004851587506723e-30,9.99933786741037e-31,5.1649765247977033e-26,1.5686428616862316e-30,9.999987337882262e-31,1.011930292505898e-30,2.701771207220871e-26,0.0003339999999999185,8.078992230489248e-19,1.4292876179989981e-21,2.566382225624455e-30,9.999905659513892e-31,9.9992323970441e-31,9.999668166480807e-31,1.0000138097518588e-30,9.999750734280134e-31,9.999721405440171e-31,8.06361664960527e-17,5.668070700321122e-23,2.1375402226251887e-15,3.5099999978592846e-06,1.0000104454018905e-30,9.999903188613657e-31,4.600901056772823e-15,1.7799999953949083e-06,1.0000214955390055e-30,3.99650126369544e-30,1.0000103121007093e-30,9.999792411869118e-31,9.999998601086932e-31,9.99979240565477e-31,2.4318724820526586e-24,3.724523645025001e-18,1.0000411037456968e-30,4.655412325057081e-19,1.0000208325187535e-30,6.845048597429868e-30,1.0000104477555571e-30,9.998919294295767e-31,1.0000662812412024e-30,6.663952599004348e-30,2.1122698441779308e-22,2.0027374237435685e-26,1.0000101244197093e-30,1.0000717037326745e-30,9.999792325769123e-31,1.1136615787587265e-30,9.027402303711935e-26,1.0000137742122908e-30,9.998941813472803e-31
50.428730626069544,1.5990845581579638e-06,10000.0,250.0,1.0,1.0,21.2875,1.0026495029171914e-10,0.0001769999997291123,1.0116655868589465e-30,2.3703557957521258e-26,1.0000092620174288e-30,1.6194250245900864e-28,1.0000051331868146e-30,1.007622723644627e-30,9.999949046030461e-31,1.0000000028521888e-30,9.999999166456203e-31,1.0000604460992213e-30,9.999702957310679e-31,9.998134725738918e-31,9.99969789380543e-31,9.999698984020406e-31,9.999999999968838e-31,9.999848922343378e-31,1.000015091818663e-30,9.99999999468186e-31,9.999999964027165e-31,9.999699215842845e-31,4.259288978562868e-20,7.779636522551525e-16,1.2758907645453997e-22,5.158800204163082e-15,1.000000018499647e-30,1.0000002003449246e-30,2.613231039375902e-27,5.203165015212062e-19,1.0000150891876798e-30,1.0000000186246466e-30,1.0000550518856964e-30,9.999152326051742e-31,1.0000024777254853e-30,9.999115940047598e-31,1.0000055816584823e-30,1.0001046979542385e-30,1.295019972325082e-29,5.746687143962801e-17,3.3895726420053154e-08,3.8039772865779712e-25,4.674990906875759e-21,6.942314769249632e-24,7.330808709620685e-20,1.0000061115070562e-30,1.0001529513714126e-30,1.2484996098968256e-28,0.0001823238999540832,0.5000000000027246,1.543998487478166e-16,0.2499999999964948,1.5125351428571485e-16,3.5018535851385e-16,9.99976005969854e-31,1.0000539237953149e-30,1.1695192978768552e-27,9.999258604381129e-31,1.0000300796663579e-30,9.999399034630662e-31,9.999395709794476e-31,9.999697846969201e-31,1.1139140480150533e-26,6.36670642130842e-27,3.367763213031382e-26,4.5892727298230994e-18,9.99999999999009e-31,9.999697846969203e-31,1.0000000006526666e-30,1.983297287056014e-20,1.1932003907463535e-30,1.5919877591025214e-27,9.999998288874283e-31,4.397271505701365e-22,4.273172294167746e-12,5.699189526498017e-29,1.797964007608067e-23,6.810345176638668e-28,1.9022382919840273e-30,3.2932788859089985e-22,9.998768846046775e-31,9.999999999998354e-31,9.99992373634884e-31,1.246783449747996e-30,0.10000000149011609,3.2778675297004033e-17,4.957574938991161e-22,1.0773938880710741e-30,9.999999999960367e-31,1.0000138695419052e-30,9.999764620520365e-31,9.9996978469692e-31,3.465568157760975e-24,9.99960343430315e-31,3.466746905203561e-23,1.1583548028975798e-22,1.0000151076505489e-30,9.999738988780087e-31,9.999798563631715e-31,2.2559997715043105e-06,2.284956901814238e-13,6.179999999999993e-05,8.41416046055137e-20,1.0004519698405571e-30,4.553942241943357e-29,1.0039629348891942e-30,9.9999998182274e-31,1.0964917688692232e-30,8.253276301999623e-24,1.000024207510346e-30,3.825274922594455e-28,9.999995443518942e-31,1.0000870032915313e-30,1.0025535577815481e-30,9.999042514880157e-31,1.0800680048483002e-25,2.5285590582786e-30,9.99998168951718e-31,1.0360439904561382e-30,5.649693977896126e-26,0.0003339999999998822,1.1682357556217195e-18,2.0669816906307445e-21,5.7328788389168224e-30,9.999863576003679e-31,9.998890001043689e-31,9.99952014931233e-31,1.00001996993779e-30,9.999639543157881e-31,9.999597131321082e-31,1.1660668225837315e-16,1.1852267891974634e-22,3.0910630705047965e-15,3.5099999969043456e-06,1.0000151048715698e-30,9.999927012169085e-31,6.653289907286471e-15,1.7799999933406508e-06,1.0000317011421757e-30,1.0014639919544111e-29,1.0000149120951585e-30,9.999699811493949e-31,9.999997977054023e-31,9.999699802502946e-31,5.085405509782666e-24,5.385559951211772e-18,1.0000915559657309e-30,6.732065655279567e-19,1.0000301254343183e-30,1.322227643614325e-29,1.0000151085572401e-30,9.99843724626133e-31,1.0000958447684079e-30,1.291812508877303e-29,3.0551624858530553e-22,4.187988974445217e-26,1.0000146408323076e-30,1.0007611813028152e-30,9.999701694704828e-31,1.3435642510328453e-30,1.8877547742409065e-25,1.000019918546425e-30,9.998469809333147e-31
72.92418898202241,2.312410863204668e-06,10000.0,250.0,1.0,1.0,21.2875,1.0038314050087125e-10,0.00017699999960827365,1.0179996575883887e-30,3.5141068466377186e-26,1.0000136466031402e-30,3.3787097669718476e-28,1.0000074230362232e-30,1.0229527154943742e-30,9.99992631635508e-31,1.0000000041245054e-30,9.999998794625535e-31,1.000087408797272e-30,9.999573213112034e-31,9.997302768644376e-31,9.999563132177342e-31,9.999564708540957e-31,9.999999999954935e-31,9.999781529728776e-31,1.0000218238933735e-30,9.999999992309524e-31,9.999999947980257e-31,9.999565043723567e-31,8.890871054024488e-20,1.124904635272655e-15,1.8674668691339329e-22,7.459652238816671e-15,1.0000000267520022e-30,1.0000002896375126e-30,7.900189665891271e-27,1.0880175170188034e-18,1.0000218201617053e-30,1.0000000269328058e-30,1.000079608155153e-30,9.998774215300018e-31,1.0000035829214458e-30,9.998721600107866e-31,1.000018630503175e-30,1.000433271242119e-30,3.713641388631436e-29,1.1086933784257857e-16,3.389382021746712e-08,7.937653039158152e-25,6.761455046835003e-21,1.4516216134410034e-23,1.0601786724976966e-19,1.0000088417709614e-30,1.0002295386012375e-30,2.0889946562616724e-28,0.0001823238999335726,0.5000000000039402,2.232831028558126e-16,0.24999999999493117,2.1870423731582498e-16,7.32254929978121e-16,9.999692323895594e-31,1.0001271693463832e-30,3.534500041465826e-27,9.998927952507632e-31,1.0000434971387434e-30,9.999139615816883e-31,9.999126157280192e-31,9.999563064230473e-31,2.3292626086211985e-26,1.9249912734037668e-26,7.042335947981536e-26,6.63635505517977e-18,9.99999999998567e-31,9.999563064230495e-31,1.0000000009438173e-30,4.147123044465498e-20,1.7648915281039525e-30,3.327948004260826e-27,9.999997525568283e-31,1.3296925027990614e-21,6.1789394072825256e-12,1.7024591710284672e-28,3.759621045738941e-23,2.05735573786823e-27,3.2393334541423694e-30,6.886610567846631e-22,9.998219696781421e-31,9.999999999997622e-31,9.999889713772136e-31,1.5229969714036556e-30,0.10000000149011606,4.740072333890794e-17,1.0365766744483047e-21,1.1657277606582484e-30,9.999999999942684e-31,1.0000200563722327e-30,9.999827056602372e-31,9.999563064230473e-31,7.247415321448297e-24,9.999426537466088e-31,7.2494249451411e-23,2.4222558245513e-22,1.0000218467870431e-30,9.99968746991569e-31,9.999708707365693e-31,2.255999669576008e-06,3.30423992476572e-13,6.179999999999988e-05,1.2167340704963297e-19,1.0013177688020785e-30,9.424883829902382e-29,1.0116410615097409e-30,9.999999737141522e-31,1.291737498863115e-30,1.725782475434759e-23,1.0000350077098302e-30,1.1546937306165281e-27,9.999993410945551e-31,1.0001258113913659e-30,1.0101225972818047e-30,9.99861542555649e-31,2.2585834253539292e-25,5.222876540406602e-30,9.999973521511508e-31,1.1089485998546381e-30,1.1814207261215546e-25,0.00033399999999982955,1.689253229151746e-18,2.9892626518812277e-21,1.530409755324802e-29,9.999802720019046e-31,9.998394889398792e-31,9.999306118724299e-31,1.0000288779479387e-30,9.999478754358754e-31,9.99941742321651e-31,1.6862307399069895e-16,2.478325352055444e-22,4.469937360088044e-15,3.5099999955234244e-06,1.0000218428089062e-30,1.0000097088302317e-30,9.621216635913025e-15,1.7799999903700222e-06,1.0000471367715036e-30,2.816243421421444e-29,1.000021563997469e-30,9.999565905088898e-31,9.999997074649978e-31,9.999565892077682e-31,1.0634312562630652e-23,7.787105833125889e-18,1.0002295154404402e-30,9.735023978690037e-19,1.0000435636182853e-30,2.655673563998002e-29,1.000021848712432e-30,9.997740205332093e-31,1.0001385923147869e-30,2.614617526986798e-29,4.419365520322937e-22,8.757809373846261e-26,1.0000211721532647e-30,1.0030888905477571e-30,9.999574699659648e-31,2.0386759322737998e-30,3.947560921172945e-25,1.000028803635556e-30,9.99778729102612e-31
105.45451516752199,3.34394073971087e-06,10000.0,250.0,1.0,1.0,21.2875,1.0055405357696885e-10,0.00017699999943353087,1.029434680041613e-30,5.33955375665863e-26,1.000020387147269e-30,7.065224820537897e-28,1.000010734432212e-30,1.0696357259560822e-30,9.99989344742274e-31,1.0000000059643821e-30,9.999998256927116e-31,1.0001263976553018e-30,9.999391213759886e-31,9.996099811098284e-31,9.999368259547208e-31,9.999370538195884e-31,9.99999999993483e-31,9.999684075139033e-31,1.0000315588800002e-30,9.999999988878921e-31,9.999999924775073e-31,9.999371022744483e-31,1.856956650503599e-19,1.6265054631684676e-15,2.767332114237939e-22,1.078643384015913e-14,1.000000038685554e-30,1.0000004186768843e-30,2.388704250881174e-26,2.2750752470355764e-18,1.000031553636253e-30,1.000000038947103e-30,1.0001151169453463e-30,9.998227460615778e-31,1.0000051810425565e-30,9.998151378869244e-31,1.0000764239125343e-30,1.0019474581756949e-30,1.102705058360862e-28,2.1839270710565392e-16,3.3891063877679995e-08,1.657809361790347e-24,9.779775257721324e-21,3.0359339064084546e-23,1.5332790656178176e-19,1.0000128017151173e-30,1.0003519775614092e-30,3.885159134202193e-28,0.00018232389990388207,0.5000000000056981,3.2290273201526414e-16,0.24999999999266992,3.162206707323659e-16,1.5311454363509094e-15,9.999739232765367e-31,1.0004144276966843e-30,1.06857241195356e-26,9.998450025023059e-31,1.0000628992887833e-30,9.998796375895552e-31,9.998736374512418e-31,9.999368160258915e-31,4.870749940506365e-26,5.820403639832433e-26,1.4726281900222816e-25,9.596477920071993e-18,9.99999999997928e-31,9.999368160259022e-31,1.0000000013648524e-30,8.671485823031443e-20,4.3811277645500166e-30,6.957994045870231e-27,9.999996421763668e-31,4.0207605599671005e-21,8.934372777837278e-12,5.126343477528567e-28,7.861337261429491e-23,6.219029234644004e-27,6.776488491234486e-30,1.4400514957901812e-21,9.997425634552178e-31,9.999999999996559e-31,9.999840514073668e-31,2.1178214620612594e-30,0.10000000149011604,6.854543545007544e-17,2.167250172170277e-21,1.3657150845798498e-30,9.999999999917116e-31,1.0000290028829634e-30,1.000053449201517e-30,9.999368160258925e-31,1.5156590732891794e-23,9.999170735033852e-31,1.515941468813091e-22,5.065179425940722e-22,1.0000315919849817e-30,9.999744347486066e-31,9.999578769070191e-31,2.255999522179112e-06,4.778208884242361e-13,6.179999999999982e-05,1.7594489527944902e-19,1.0039122749761898e-30,1.963298865643101e-28,1.034738475724417e-30,9.999999619884517e-31,1.885259832429395e-30,3.6085564028444425e-23,1.0000507684664518e-30,3.489510283771523e-27,9.999990471674082e-31,1.0001819282678312e-30,1.0447695013999528e-30,9.997997854317535e-31,4.723046955089286e-25,1.2934047022396708e-29,9.999961709899625e-31,1.3293868009973065e-30,2.4704996200779436e-25,0.0003339999999997535,2.4425639818672192e-18,4.323212956210504e-21,4.42365281565573e-29,9.999714717798137e-31,9.997678962836492e-31,9.998996665071799e-31,1.0000417593934828e-30,9.999246247091735e-31,9.999157555883593e-31,2.4384315114511134e-16,5.182050903256955e-22,6.463905630238987e-15,3.5099999935264963e-06,1.0000315864217072e-30,1.0000753149452514e-30,1.3913087873432689e-14,1.7799999860742444e-06,1.0000708837482393e-30,8.293603115507329e-29,1.000031183047413e-30,9.999372268358996e-31,9.999995769697923e-31,9.999372249523872e-31,2.2237799929216972e-23,1.1258997443305006e-17,1.0006255492182595e-30,1.4077434897672769e-18,1.0000629960411105e-30,5.443715231556066e-29,1.0000315960536358e-30,9.99673231142362e-31,1.0002004009148548e-30,5.426048808956855e-29,6.393583312829937e-22,1.831436798972812e-25,1.000030617711713e-30,1.0104781785287767e-30,9.999403345150379e-31,4.14044895238599e-30,8.254894671208318e-25,1.0000416519396284e-30,9.996800394507548e-31
152.4961048515547,4.835619763177152e-06,10000.0,250.0,1.0,1.0,21.2875,1.0080120844985307e-10,0.00017699999918083825,1.0528616633449442e-30,8.49415274149802e-26,1.000031499360654e-30,1.4802437461276729e-27,1.0000155234291934e-30,1.2129718702086386e-30,9.999845916371132e-31,1.0000000086249984e-30,9.999997479369997e-31,1.0001827757461633e-30,9.999145275783218e-31,9.994360489238828e-31,9.999086468213293e-31,9.99908975852704e-31,9.999999999905758e-31,9.99954314927948e-31,1.0000456361553946e-30,9.999999983917983e-31,9.999999891218424e-31,9.999090458766605e-31,3.8800506530142246e-19,2.3516428911781547e-15,4.2017764129588395e-22,1.559631150750652e-14,1.0000000559423732e-30,1.0000006051004666e-30,7.22264049497828e-26,4.7571131650636506e-18,1.0000456288915124e-30,1.0000000563207865e-30,1.0001664622105662e-30,9.997436860200504e-31,1.0000074918818899e-30,9.99732684847786e-31,1.0003553779555774e-30,1.0093525281788997e-30,3.3140081859947347e-28,4.372408852169606e-16,3.388707837478912e-08,3.4649072248104965e-24,1.414685573781151e-20,6.350793793099269e-23,2.2176089516269885e-19,1.0000185798068255e-30,1.0005594936174322e-30,8.23637201872989e-28,0.00018232389986088348,0.5000000000082403,4.669791753677788e-16,0.24999999998939984,4.571895810835697e-16,3.201517383695857e-15,1.0000534210428444e-30,1.0017400959939781e-30,3.230845592288933e-26,9.997759964060686e-31,1.0000909550835391e-30,9.99846011648601e-31,9.998172742717787e-31,9.999086319430213e-31,1.0185404341207217e-25,1.7597587921952128e-25,3.0794119460041973e-25,1.3876791897951162e-17,9.999999999970036e-31,9.999086319430726e-31,1.0000000019737192e-30,1.813101162838092e-19,1.714570136501493e-29,1.454862532344814e-26,9.999994825569508e-31,1.2157554033828977e-20,1.2917986440453095e-11,1.5477761253434861e-27,1.643740574549834e-22,1.8802194716605166e-26,1.653323467582059e-29,3.0112304189377876e-21,9.99627746771858e-31,9.999999999995026e-31,9.999769374796865e-31,3.427761435183507e-30,0.10000000149011601,9.912246873088986e-17,4.5308658026260164e-21,1.862090982823922e-30,9.99999999988014e-31,1.0000419399420043e-30,1.000465490003824e-30,9.999086319430337e-31,3.1698143479073354e-23,9.998800834234287e-31,3.1699880426330053e-22,1.0591668616693428e-21,1.0000456840254923e-30,1.0000223859914067e-30,9.999390870346157e-31,2.2559993090308117e-06,6.909691887526782e-13,6.179999999999973e-05,2.544204791330791e-19,1.0117249657734094e-30,4.10468179743245e-28,1.1045500072219322e-30,9.99999945032102e-31,3.7000737409578305e-30,7.545069606269556e-23,1.0000751490794648e-30,1.0548838630588027e-26,9.99998622124168e-31,1.0002630722362937e-30,1.2138341764837906e-30,9.99710490175389e-31,9.876632796350707e-25,3.5337776788657897e-29,9.999944629339375e-31,1.9959397672251164e-30,5.166111309174367e-25,0.0003339999999996435,3.531654718306959e-18,6.252749379321513e-21,1.3169651637057063e-28,9.999587460549425e-31,9.99664377307764e-31,9.998549379319296e-31,1.0000603864480071e-30,9.998910038952388e-31,9.998781777792037e-31,3.5261770670341784e-16,1.0834914869433679e-21,9.347351556760624e-15,3.5099999906387687e-06,1.0000456769167789e-30,1.0002941998191779e-30,2.0119493631381767e-14,1.7799999798621916e-06,1.0001082328851704e-30,2.4835752048886478e-28,1.0000450926672592e-30,9.999092260046236e-31,9.999993882627719e-31,9.999092232767628e-31,4.650205230201787e-23,1.6277667637895447e-17,1.0017924123688308e-30,2.035667654741033e-18,1.0000910962862263e-30,1.1272725134283267e-28,1.0000456925946881e-30,9.99527499170278e-31,1.0002897647317375e-30,1.1442000898651513e-28,9.25153173096419e-22,3.829966998503897e-25,1.0000442791875304e-30,1.0333266522655178e-30,9.999192715176931e-31,1.0495608432087434e-29,1.726206720294805e-24,1.000060231077841e-30,9.995373431369565e-31
220.522202941753,6.992713183084506e-06,10000.0,250.0,1.0,1.0,21.2875,1.0115861557368116e-10,0.0001769999988154237,1.1076000315633979e-30,1.4605080637352647e-25,1.0000520837700909e-30,3.107605177727518e-27,1.0000224504923617e-30,1.6533966762440526e-30,9.999777182869472e-31,1.0000000124724736e-30,9.999996354957063e-31,1.0002642967720017e-30,9.998842281352642e-31,9.99184581868007e-31,9.998679004770528e-31,9.998683742396453e-31,9.999999999863718e-31,9.999339362137746e-31,1.0000659923806999e-30,9.99999997674405e-31,9.999999842692691e-31,9.998684753625867e-31,8.109670689425486e-19,3.3997936240617195e-15,6.676502809320271e-22,2.254985817233036e-14,1.0000000808969751e-30,1.0000008743120238e-30,2.1838935544360376e-25,9.946576172663233e-18,1.0000659825436096e-30,1.0000000814445924e-30,1.000240704605033e-30,9.996293696022747e-31,1.0000108331772359e-30,9.996134628393571e-31,1.001527817002515e-30,1.0405895813774485e-30,1.0000136604929707e-27,8.862118130173552e-16,3.3881315831068304e-08,7.246560552057845e-24,2.046690128446617e-20,1.328864900396919e-22,3.2075979822322604e-19,1.0000271279841462e-30,1.0009415018605924e-30,1.9827222573336535e-27,0.00018232389979857085,0.500000000011917,6.753636204736405e-16,0.24999999998467087,6.609420318118988e-16,6.693819451011212e-15,1.000454597659731e-30,1.0072401168531927e-30,9.768754921202541e-26,9.99676618491143e-31,1.0001315233074423e-30,9.998603966133206e-31,9.997357739981286e-31,9.998678767919729e-31,2.1299191627816384e-25,5.320382781308864e-25,6.439296172816619e-25,2.0065915683977316e-17,9.99999999995667e-31,9.998678767921957e-31,1.0000000028542222e-30,3.790743550645819e-19,7.095494180671478e-29,3.042071537082449e-26,9.999992517338852e-31,3.676010454718508e-20,1.8676588863665958e-11,4.677457440770267e-27,3.4367479901342744e-22,5.684825287806492e-26,4.427360940174488e-29,6.296518869101708e-21,9.994617364686713e-31,9.999999999992805e-31,9.999666541138414e-31,6.390480247118041e-30,0.10000000149011597,1.433394321667286e-16,9.471135498541581e-21,3.19050238423917e-30,9.999999999826672e-31,1.000060647289563e-30,1.0022804852275739e-30,9.998678767920484e-31,6.629583561128183e-23,9.998265949646416e-31,6.628686572612655e-22,2.214757792131954e-21,1.0000660615996797e-30,1.0002118540207391e-30,9.999119159228178e-31,2.2559990008004655e-06,9.991995350664568e-13,6.179999999999962e-05,3.6789116094283007e-19,1.0353058820616797e-30,8.602924730094045e-28,1.3159312091556063e-30,9.999999205117942e-31,9.252719031782731e-30,1.577492887335019e-22,1.0001174447564726e-30,3.1892623992771413e-26,9.99998007476188e-31,1.00038040209837e-30,1.9265638996402102e-30,9.995813935168214e-31,2.065360151233848e-24,1.011698752149655e-28,9.999919929463254e-31,4.011484298739408e-30,1.0802890349580496e-24,0.00033399999999948456,5.1060280187326445e-18,9.04413396372692e-21,3.9609429973298622e-28,9.999403438721022e-31,9.995147020290466e-31,9.997903318901218e-31,1.0000873214821326e-30,9.998423896893588e-31,9.998238396019753e-31,5.099148544557583e-16,2.265275812328968e-21,1.351705701735778e-14,3.509999986462872e-06,1.0000660551944695e-30,1.0009857259416815e-30,2.9094476040415705e-14,1.7799999708790474e-06,1.0001686184724377e-30,7.481555121217422e-28,1.0000652064457142e-30,9.99868735846175e-31,9.99999115376601e-31,9.998687318927907e-31,9.724099187027109e-23,2.3530954323203185e-17,1.0052762038941388e-30,2.9436465654253447e-18,1.000131730196659e-30,2.345839423533151e-28,1.0000660796066363e-30,9.993167960457709e-31,1.0004189575858094e-30,2.4436018711253107e-28,1.3390768494406114e-21,8.00951891903275e-25,1.0000640425961848e-30,1.1031406500305395e-30,9.999000496791997e-31,2.9712184796098704e-29,3.60970502695829e-24,1.0000870968403781e-30,9.993310282805859e-31
318.8936664160823,1.0112051826993984e-05,10000.0,250.0,1.0,1.0,21.2875,1.0167545714105755e-10,0.00017699999828700417,1.250372212310673e-30,2.811033570285324e-25,1.0001006087909497e-30,6.54704493496598e-27,1.0000324760453122e-30,3.023555655325507e-30,9.999677789276456e-31,1.0000000180362456e-30,9.999994728961543e-31,1.0003821695751725e-30,9.998570091454266e-31,9.988210512386205e-31,9.998089886030337e-31,9.998096640954762e-31,9.999999999802922e-31,9.999044676123782e-31,1.0000954277325619e-30,9.999999966369938e-31,9.999999772520392e-31,9.998098099090266e-31,1.695387395085913e-18,4.914548437092101e-15,1.146094890269558e-21,3.260121371598641e-14,1.0000001169829872e-30,1.0000012628354585e-30,6.603089401551659e-25,2.079592847608802e-17,1.0000954149022323e-30,1.0000001177757256e-30,1.0003480503421304e-30,9.994640815587442e-31,1.0000156641919881e-30,9.994410829258039e-31,1.0067576243653186e-30,1.1801031479999671e-30,3.0214674140570435e-27,1.812540534752609e-15,3.3872984440904025e-08,1.5165703376662634e-23,2.961641070836297e-20,2.7815506135322217e-22,4.640020613127373e-19,1.0000403453058307e-30,1.001738281414368e-30,5.260246909087736e-27,0.00018232389970818325,0.5000000000172347,9.767840262840598e-16,0.24999999997783176,9.553752788285398e-16,1.3994627442375488e-14,1.0023501471758798e-30,1.0316607966589216e-30,2.9535322347859147e-25,9.995347758851794e-31,1.0001901824885973e-30,1.0001707685916948e-30,9.996179295333414e-31,9.998089443511932e-31,4.453988576156423e-25,1.608366695028726e-24,1.3464875722270953e-24,2.901471675150828e-17,9.999999999937338e-31,9.998089443521817e-31,1.0000000041275671e-30,7.92481211690899e-19,3.1119584782873475e-28,6.360836903155043e-26,9.999989179443994e-31,1.111425125078315e-19,2.699975181685769e-11,1.4139641767917615e-26,7.185047771571251e-22,1.7187201717325538e-25,1.2628721990903295e-28,1.3165682322181877e-20,9.992217247859461e-31,9.999999999989596e-31,9.99951806792225e-31,1.34755451996598e-29,0.1000000014901159,2.0728088232500728e-16,1.9794691879378054e-20,7.334736501061648e-30,9.999999999749352e-31,1.0000876981655937e-30,1.0105069955235329e-30,9.998089443517161e-31,1.3866526429383233e-22,9.997492509820367e-31,1.3860842763388966e-21,4.631022771131299e-21,1.0000955278181367e-30,1.0008490683982038e-30,9.998726255198385e-31,2.255998555073517e-06,1.4449264831800666e-12,6.179999999999944e-05,5.319550263015781e-19,1.1066013075303268e-30,1.8070709624112344e-27,1.9577220631243293e-30,9.999998850533662e-31,2.638514026378247e-29,3.2978778734229583e-22,1.0002334640575991e-30,9.641786578781578e-26,9.999971186441452e-31,1.0005500573154154e-30,5.1089682930685295e-30,9.993948761845614e-31,4.3189958545572256e-24,2.962050419264129e-28,9.999884211471424e-31,1.0106093526108551e-29,2.2589765551009734e-24,0.0003339999999992547,7.381568128731695e-18,1.308303745593535e-20,1.1953293548042634e-27,9.999137333657862e-31,9.992983074318839e-31,9.996972311949268e-31,1.0001262691852938e-30,9.997721016297196e-31,9.997452672468814e-31,7.373797382724041e-16,4.735609036723177e-21,1.9546801978744223e-14,3.5099999804241757e-06,1.0000955359295855e-30,1.0031196353499388e-30,4.207305036768487e-14,1.7799999578886793e-06,1.0002695275069866e-30,2.2587301973294897e-27,1.0000942911931351e-30,9.998101865973372e-31,9.999987207603619e-31,9.998101808622614e-31,2.0333972695924615e-22,3.4011181047560764e-17,1.0157440646078741e-30,4.256551168672049e-18,1.0001904873045923e-30,4.892932559621429e-28,1.0000955655975373e-30,9.990121801473029e-31,1.000605708698136e-30,5.285976641931467e-28,1.9389833173337797e-21,1.6750554817550217e-24,1.0000926475098568e-30,1.3152495952236695e-30,9.999062297502164e-31,8.781836214296274e-29,7.548263989021658e-24,1.0001259444143835e-30,9.990327549485266e-31
461.1470823513949,1.462287805528269e-05,10000.0,250.0,1.0,1.0,21.2875,1.0242285518770052e-10,0.0001769999975228662,1.6517314218463945e-30,6.172357739579431e-25,1.0002490354321085e-30,1.387703055707496e-26,1.000047011205867e-30,7.332505367400745e-30,9.999534059522443e-31,1.0000000260819265e-30,9.99999237763563e-31,1.0005525954285772e-30,9.9987105500538e-31,9.982955892602958e-31,9.997238380067195e-31,9.997247712721584e-31,9.999999999715012e-31,9.99861855070428e-31,1.0001379906691187e-30,9.999999951368102e-31,9.999999671045346e-31,9.997249808407124e-31,3.54501384823867e-18,7.103006770329722e-15,2.201486580148615e-21,4.712783750173607e-14,1.0000001691654727e-30,1.0000018230440502e-30,1.9963561726620803e-24,4.347566638406142e-17,1.0001379750321954e-30,1.0000001703135902e-30,1.0005032499215161e-30,9.992251094716702e-31,1.0000226486160705e-30,9.991918596353235e-31,1.029537413940486e-30,1.788025912416416e-30,9.132566446892042e-27,3.731519497533691e-15,3.386094017270074e-08,3.176360207928592e-23,4.286864622573852e-20,5.82509983922395e-22,6.713125150409343e-19,1.000063131639406e-30,1.0036755783228734e-30,1.484076417197004e-26,0.00018232389957689333,0.500000000024926,1.4128282735413e-15,0.24999999996794076,1.380711894856377e-15,2.925527417360449e-14,1.010754875851781e-30,1.1378764236427719e-30,8.929266270169845e-25,9.99337654908601e-31,1.000274996320806e-30,1.0018663030544246e-30,9.99447541268406e-31,9.997237292248772e-31,9.31398623231163e-25,4.861517092311106e-24,2.815504934502805e-24,4.195294226178297e-17,9.999999999909386e-31,9.997237292292032e-31,1.000000005969063e-30,1.6565284310187892e-18,1.3577886604031388e-27,1.3299871194477357e-25,9.999984352569079e-31,3.360103069886027e-19,3.9026840169573536e-11,4.274659553714523e-26,1.5019819738866215e-21,5.195905384788627e-25,3.7665527262626876e-28,2.752748187133561e-20,9.988747686974012e-31,9.999999999984956e-31,9.999304554569826e-31,3.172111985728653e-29,0.1000000014901158,2.997455997679822e-16,4.136073097071042e-20,2.181998648392258e-29,9.99999999963754e-31,1.0001268128288487e-30,1.0465175326209158e-30,9.997237292281891e-31,2.90062086856103e-22,9.99637415174693e-31,2.89828202018512e-21,9.683032760476278e-21,1.000138135378499e-30,1.0028688066185344e-30,9.998158110555833e-31,2.255997910514993e-06,2.0894850075689705e-12,6.17999999999992e-05,7.691543971770286e-19,1.3223937552150775e-30,3.805437031560765e-27,3.9103933114412766e-30,9.999998337774972e-31,7.961924118802635e-29,6.89363409689045e-22,1.0007306300050258e-30,2.914665226437585e-25,9.999958333196021e-31,1.0007954162475346e-30,1.897430115622327e-29,9.991260454634913e-31,9.031706592081583e-24,8.774275407750003e-28,9.999832560474732e-31,2.8534738307030135e-29,4.723640287118139e-24,0.00033399999999892224,1.0669816202050013e-17,1.892849680288833e-20,3.611117871818275e-27,9.99875253586358e-31,9.989854921580907e-31,9.995639764384523e-31,1.0001825853570245e-30,9.996704964615952e-31,9.996316559287753e-31,1.0663130402276737e-15,9.898549275977575e-21,2.8266320514806735e-14,3.5099999716917124e-06,1.0001382225954658e-30,1.0096340178291657e-30,6.084114942410752e-14,1.7799999391035434e-06,1.0004446351812028e-30,6.825346080438785e-27,1.0001363471138466e-30,9.997255255787235e-31,9.999981501123438e-31,9.997255172472436e-31,4.2519556064650745e-22,4.9148429460297034e-17,1.0472930567209967e-30,6.1548931382368664e-18,1.0002754488666408e-30,1.0215911553140905e-27,1.0001382145532627e-30,9.985718441358685e-31,1.0008756147449294e-30,1.1608244491611264e-27,2.8092936924325174e-21,3.503225332043305e-24,1.000134095261602e-30,1.957913911208879e-30,1.0000178975811894e-30,2.6351528355859334e-28,1.578400661267028e-23,1.0001821158928846e-30,9.986015840525925e-31
666.8574950113216,2.1145912449623337e-05,10000.0,250.0,1.0,1.0,21.2875,1.0350365909416937e-10,0.00017699999641786118,2.8373462585947064e-30,1.5285110283939385e-24,1.000813368582794e-30,2.9751903704908623e-26,1.0000682013256636e-30,2.1151152999796068e-29,9.999326217854432e-31,1.0000000377166552e-30,9.999988977421432e-31,1.0007989867440979e-30,1.000074378145702e-30,9.975362158853645e-31,9.996008768900375e-31,9.996020246732743e-31,9.999999999587886e-31,9.998002369600013e-31,1.0001995338599575e-30,9.999999929674189e-31,9.999999524303886e-31,9.996023236549468e-31,7.413868710615221e-18,1.026351448087077e-14,4.8243134931810594e-21,6.811683238310234e-14,1.0000002446238038e-30,1.000002629747247e-30,6.035160657130812e-24,9.087847199239248e-17,1.0001995173465336e-30,1.0000002462877412e-30,1.0007276159478457e-30,9.988796367727213e-31,1.000032745273738e-30,9.988315716913594e-31,1.1292862279853433e-30,4.4502737263719816e-30,2.760467790616632e-26,7.718244413825808e-15,3.384353072103175e-08,6.65923957430354e-23,6.207686994593945e-20,1.2207173981782823e-21,9.714554088065078e-19,1.000112760330444e-30,1.0093542626934571e-30,4.3331960067199405e-26,0.00018232389938582005,0.5000000000360519,2.0437294974038255e-15,0.24999999995363528,1.994868350786774e-15,6.114805312345676e-14,1.0477747600468586e-30,1.602768321079413e-30,2.699248212790126e-24,9.990876155871913e-31,1.0003976187454214e-30,1.009791590023191e-30,9.992011977086683e-31,9.996005138252743e-31,1.9477010580601216e-24,1.4691673606180265e-23,5.887021090758043e-24,6.06574911488251e-17,9.999999999868962e-31,9.996005138442164e-31,1.000000008632298e-30,3.4620219783001866e-18,5.939844609572115e-27,2.780737441834028e-25,9.999977372505838e-31,1.0157252279819002e-18,5.640041165497605e-11,1.2922790132286564e-25,3.139293692180603e-21,1.570590456463105e-24,1.1684239566256638e-27,5.75520828099586e-20,9.983733377949e-31,9.999999999978247e-31,9.999002505371852e-31,8.374970744823064e-29,0.10000000149011565,4.334573610124452e-16,8.63918224208833e-20,7.769778646763779e-29,9.999999999475849e-31,1.0001833693195148e-30,1.204429741620575e-30,9.996005138463663e-31,6.068404430390487e-22,9.994757123060096e-31,6.060040551668183e-21,2.0245217538921632e-20,1.0001997430742581e-30,1.009110118359642e-30,9.997336584920194e-31,2.255996978429447e-06,3.0215705534631988e-12,6.179999999999883e-05,1.112058475680824e-18,1.976286790060107e-30,8.040202104807476e-27,9.869967601320714e-30,9.999997596282797e-31,2.4695235330391126e-28,1.4407364717515512e-21,1.0035641147062391e-30,8.809591739590664e-25,9.99993974635061e-31,1.0011506182636823e-30,7.968689054762296e-29,9.987427332868666e-31,1.8886733643929185e-23,2.6166005479049938e-27,9.999757869258357e-31,8.425685927549214e-29,9.877161922974086e-24,0.00033399999999844145,1.5419938883325703e-17,2.7391696402248464e-20,1.0911976633665039e-26,9.998196112055263e-31,9.985333887798904e-31,9.993774874081782e-31,1.0002640118123318e-30,9.995236985068748e-31,9.994673872344485e-31,1.5419781439107523e-15,2.068625603395063e-20,4.0875477824817386e-14,3.5099999590638364e-06,1.000200199830182e-30,1.0294207345723096e-30,8.798137565016963e-14,1.7799999119387189e-06,1.00076125408504e-30,2.0633565907883725e-26,1.0001971570913484e-30,9.996031114241666e-31,9.999973249078593e-31,9.996030992957015e-31,8.89090549469967e-22,7.100049254611267e-17,1.1425040701222885e-30,8.89957745603195e-18,1.0003982975529068e-30,2.133684102884582e-27,1.0001999088680693e-30,9.979354244460984e-31,1.0012656045051866e-30,2.597366449007569e-27,4.0736722726630265e-21,7.327064975909372e-24,1.0001943059293158e-30,3.902279748881052e-30,1.000489980362564e-30,7.94759390266728e-28,3.300501140357331e-23,1.0002633333730178e-30,9.979784037451047e-31
964.3320659977904,3.0578769216063876e-05,10000.0,250.0,1.0,1.0,21.2875,1.0506659966401856e-10,0.0001769999948199365,6.473282773456196e-30,4.130725849989584e-24,1.0032439991589188e-30,6.51622003551642e-26,1.0000996357642129e-30,6.669750370873454e-29,9.999025668949268e-31,1.0000000545414458e-30,9.99998406042754e-31,1.0011551664828253e-30,1.0010535476958686e-30,9.964391195680775e-31,9.994238496375315e-31,9.99424558801362e-31,9.999999999404046e-31,9.997111387021068e-31,1.0002885171166503e-30,9.999999898302965e-31,9.99999931210339e-31,9.994249777765532e-31,1.5507977133493256e-17,1.4825132786295533e-14,1.1926522637830261e-20,9.843165475826471e-14,1.0000003537388566e-30,1.0000037891891166e-30,1.824241217890326e-23,1.899323408286079e-16,1.0002885059886577e-30,1.0000003561527088e-30,1.001051930916717e-30,9.983802654140402e-31,1.0000473387677669e-30,9.983107947538283e-31,1.5653025589632008e-30,1.6087188910378187e-29,8.343021292717394e-26,1.6017402933719435e-14,3.381837101830684e-08,1.3979593304624951e-22,8.994603318396642e-20,2.5606272961601286e-21,1.4062252148972575e-18,1.0002624482923796e-30,1.0295936015384984e-30,1.2879639294502043e-25,0.00018232389910696658,0.5000000000521482,2.956784936561763e-15,0.24999999993294364,2.8810781427218646e-15,1.2778151028901373e-13,1.2099134509485512e-30,3.634685857100278e-30,8.158346720109896e-24,9.988787641162333e-31,1.0005748887607686e-30,1.0451565779002774e-30,9.988450755619388e-31,9.994223608450624e-31,4.072950068349413e-24,4.438601956574368e-23,1.2308740921380983e-23,8.76949432267018e-17,9.999999999810508e-31,9.994223609279092e-31,1.0000000124841387e-30,7.233468315393708e-18,2.5961184568807497e-26,5.813543295897065e-25,9.999967278755587e-31,3.06994341076255e-18,8.148517970998394e-11,3.906408228189954e-25,6.5599584403335656e-21,4.746636701028652e-24,3.762568654063064e-27,1.2031348977017093e-19,9.976490374899598e-31,9.999999999968545e-31,9.998604892641393e-31,2.495195875281009e-28,0.10000000149011545,6.268158162626822e-16,1.80356975672096e-19,3.0615973156272025e-28,9.99999999924203e-31,1.0002651413655092e-30,1.8948252537140424e-30,9.99422360978624e-31,1.2698274639682583e-21,9.992419205108725e-31,1.2670306245315146e-20,4.2325255346617784e-20,1.0002888195585215e-30,1.0281746108307637e-30,9.996148723230207e-31,2.2559956305559887e-06,4.369444011135816e-12,6.179999999999832e-05,1.6077046879640103e-18,3.9602848824958806e-30,1.7064338750203714e-26,2.8132505567324915e-29,9.999996524022807e-31,7.807002817163146e-28,3.0102952239308227e-21,1.0210085872242505e-30,2.662130887055325e-24,9.999912868269031e-31,1.0016672454934745e-30,3.450284066554636e-28,9.982222186617244e-31,3.949515903043431e-23,7.834998088337121e-27,9.999649860460316e-31,2.5273455018131404e-28,2.065253632779626e-23,0.0003339999999977462,2.2278656051348304e-17,3.9651469506203926e-20,3.297101994748331e-26,9.997391531159444e-31,9.978802150151451e-31,9.991367224054383e-31,1.0003817373408488e-30,9.993119548952606e-31,9.992298886178246e-31,2.2298296339116254e-15,4.3218414863368366e-20,5.910937974982845e-14,3.5099999408028687e-06,1.0002909252550454e-30,1.0893749238016717e-30,1.2722837548614102e-13,1.779999872656227e-06,1.0013589724650805e-30,6.239401800154985e-26,1.0002850800060047e-30,9.994261170298659e-31,9.999961315939314e-31,9.994260993175057e-31,1.8590451778182214e-21,1.0252180406146044e-16,1.4299698963054017e-30,1.2867622739728156e-17,1.0005759201552549e-30,4.4561470188232605e-27,1.0002891665212926e-30,9.970158253101062e-31,1.001828900307313e-30,5.947620122592606e-27,5.91424945934107e-21,1.5325872847336862e-23,1.0002822998287293e-30,9.779735449645159e-30,1.0021116804951813e-30,2.4009822259382175e-27,6.901311024727816e-23,1.0003807574751081e-30,9.970779203176618e-31
1394.505333550732,4.4219474047143965e-05,10000.0,250.0,1.0,1.0,21.2875,1.0732675820899952e-10,0.00017699999250921458,1.8082801820072046e-29,1.1775299112920314e-23,1.0145291847795383e-30,1.4835632258840165e-25,1.0001488591615801e-30,2.2289881106510366e-28,9.998591065912616e-31,1.0000000788714953e-30,9.999976950044777e-31,1.00166997621406e-30,1.005364500709551e-30,9.948547596109017e-31,9.991716077852648e-31,9.991680178716426e-31,9.999999999138197e-31,9.995823091650139e-31,1.000417166426659e-30,9.999999852937542e-31,9.99999900524362e-31,9.99168576608459e-31,3.2446311394566404e-17,2.1403379406316996e-14,3.218422857567651e-20,1.4219211273254482e-13,1.000000511519947e-30,1.0000054509613276e-30,5.513057135729062e-23,3.9684937849997393e-16,1.0004171769948766e-30,1.0000005150265969e-30,1.0015206309231925e-30,9.976585739137724e-31,1.0000684273017052e-30,9.975581876600685e-31,3.470464186018906e-30,6.693085983702277e-29,2.5209777520514502e-25,3.3318075891645597e-14,3.378202104723263e-08,2.9400879481746646e-22,1.3043949673022167e-19,5.378678430451371e-21,2.0364716372528827e-18,1.0008566443117854e-30,1.1160686033670483e-30,3.862680682558126e-25,0.00018232389869839684,0.50000000007544,4.2786398542507175e-15,0.24999999990301194,4.15862423948448e-15,2.6694316850096864e-13,1.9188769137678496e-30,1.2513505611348507e-29,2.4652626149374148e-23,9.992434807443269e-31,1.0008311331198186e-30,1.2007280322627142e-30,9.983303367025528e-31,9.991647927956612e-31,8.517181921810904e-24,1.3404195583772806e-22,2.5733620387820182e-23,1.267705924681395e-16,9.999999999725979e-31,9.991647931578263e-31,1.0000000180554348e-30,1.5107701601331226e-17,1.133931055270302e-25,1.2152769250860344e-24,9.999952682361332e-31,9.276492687927888e-18,1.1767868224646736e-10,1.1807035547863157e-24,1.370340216017557e-20,1.4341502685668815e-23,1.2582530062416547e-26,2.51482590923775e-19,9.966041662245222e-31,9.999999999954515e-31,9.998266717516463e-31,8.341707199835971e-28,0.10000000149011516,9.064284050829145e-16,3.7624375323152925e-19,1.2712551950136366e-27,9.999999998903907e-31,1.0003833663480925e-30,4.910488462264994e-30,9.99164793639526e-31,2.6579032703121616e-21,9.989039302322486e-31,2.648896539419659e-20,8.847644948487807e-20,1.0004176035747915e-30,1.0860907745257224e-30,9.994431314090718e-31,2.2559936814189716e-06,6.318581028461822e-12,6.179999999999753e-05,2.323986959190409e-18,9.990342291314229e-30,3.6443415331332525e-26,8.441242779298538e-29,9.999994973444832e-31,2.515959524743864e-27,6.28741452541058e-21,1.1305039850019782e-30,8.042053272281272e-24,9.999874000428988e-31,1.0024341828309041e-30,1.5041183567681e-27,9.976816602578617e-31,8.259063991424308e-23,2.3519956589143718e-26,9.999493672712363e-31,7.6209859750473155e-28,4.3181144750292123e-23,0.0003339999999967407,3.217531547906421e-17,5.742462090164551e-20,9.959735236532389e-26,9.996228153974991e-31,9.969371640914387e-31,9.98928511759232e-31,1.0005519282325282e-30,9.990082951783671e-31,9.988865454387972e-31,3.2245201860127954e-15,9.025627119144537e-20,8.5477134900567e-14,3.5099999143959775e-06,1.0004269649617067e-30,1.2708182964996676e-30,1.839827326085807e-13,1.7799998158507112e-06,1.0025383631364738e-30,1.887173118816937e-25,1.0004121958596177e-30,9.991702242532948e-31,9.999944059640899e-31,9.991701982401844e-31,3.887000802283845e-21,1.4794039106158336e-16,2.2978571184999433e-30,1.8603661252171118e-17,1.0008327210677127e-30,9.303429997767657e-27,1.000418329306769e-30,9.95687506105177e-31,1.0026420913439502e-30,1.4000942580302624e-26,8.60127022055531e-21,3.2060339756655724e-23,1.000412749316053e-30,2.7533769766608443e-29,1.0072954385248038e-30,7.257103248533368e-27,1.4430039355875538e-22,1.0005505150425778e-30,9.957771823255283e-31
2016.5720853524851,6.394508134679367e-05,10000.0,250.0,1.0,1.0,21.2875,1.1059516884812657e-10,0.00017699998916774048,5.733839450959598e-29,3.4563656379616314e-23,1.0702197690083487e-30,3.60699495266211e-25,1.0002386993532603e-30,7.889512260108589e-28,9.997962626750548e-31,1.0000001140547658e-30,9.999966667841744e-31,1.0024139031800373e-30,1.0255168938855155e-30,9.925680961608814e-31,9.988259270892305e-31,9.987972940056055e-31,9.999999998753756e-31,9.993960401733626e-31,1.0006031456857939e-30,9.999999787335343e-31,9.999998561498584e-31,9.9879791580069e-31,6.790557328055117e-17,3.0878070732310506e-14,9.16121057332456e-20,2.0531204974142993e-13,1.000000739666994e-30,1.0000078229360539e-30,1.6656439874161735e-22,8.288803901606022e-16,1.0006032167014869e-30,1.0000007447713955e-30,1.0021978114257872e-30,9.966158698990761e-31,1.0000988919907753e-30,9.964708578207727e-31,1.179356716599847e-29,2.890262716652456e-28,7.614987201307189e-25,6.941921685840601e-14,3.372952502047834e-08,6.199277435660041e-22,1.8939549701364753e-19,1.132026689858637e-20,2.951034760293848e-18,1.0036181386432059e-30,1.5427674500731539e-30,1.1636300528674837e-24,0.00018232389809643294,0.5000000001091532,6.193277827922345e-15,0.2499999998597079,5.9977565185301365e-15,5.574103180345314e-13,5.01712133919399e-30,5.130745760159015e-29,7.447006628641305e-23,1.0026819663657037e-30,1.0012015091400525e-30,1.8818932157382528e-30,9.975865459146326e-31,9.98792445114198e-31,1.7810780807599386e-23,4.0455170359932125e-22,5.379521297247177e-23,1.8322966340034473e-16,9.999999999603736e-31,9.987924466971663e-31,1.0000000261145282e-30,3.1536390385337074e-17,4.950319735806537e-25,2.5400474049685487e-24,9.999931574784704e-31,2.802149812230607e-17,1.6984812196524606e-10,3.5679199685786165e-24,2.861216110960001e-20,4.331491740081921e-23,4.372785767648762e-26,5.25551491463987e-19,9.951021164726046e-31,9.999999999934224e-31,9.999239579821644e-31,3.0636343239145767e-27,0.10000000149011477,1.3107717176892464e-15,7.840386816837745e-19,5.417504326837814e-27,9.999999998414954e-31,1.0005543130277402e-30,1.8076010813935927e-29,9.987924504436495e-31,5.565589099193927e-21,9.984153608760038e-31,5.537250354992809e-20,1.8492041985715521e-19,1.0006037774034545e-30,1.2615659157996348e-30,9.991948880987786e-31,2.2559908628058224e-06,9.137194177521744e-12,6.179999999999642e-05,3.358822162973376e-18,2.836145821020179e-29,7.849796192079438e-26,2.592032433001716e-28,9.999992731179023e-31,8.29285069887909e-27,1.3125073474135934e-20,1.821144091606268e-30,2.428327238770869e-23,9.999817794528935e-31,1.0036710734833068e-30,6.565804013400002e-27,9.982373591054509e-31,1.7271009416603605e-22,7.070783783113223e-26,9.999267816400789e-31,2.301926135428644e-27,9.027870095141725e-23,0.0003339999999952866,4.644162662110772e-17,8.321912431363942e-20,3.0072864242439337e-25,9.994546052078597e-31,9.955772403627043e-31,9.993317411878892e-31,1.0007979337998226e-30,9.98582552187052e-31,9.983902509479485e-31,4.662925195849969e-15,1.883771119041555e-19,1.236071245188368e-13,3.509999876209403e-06,1.0006449248920937e-30,1.819575601983073e-30,2.66054084032652e-13,1.7799997337057232e-06,1.004973267618901e-30,5.709352117826036e-25,1.0005959573764115e-30,9.988002990897818e-31,9.99991910563401e-31,9.988002603757425e-31,8.126648274172687e-21,2.1327830888469496e-16,4.9170143756216984e-30,2.6894089369850172e-17,1.0012039590591905e-30,1.9411660109977442e-26,1.0006052946759423e-30,9.937697740667162e-31,1.0038151519518733e-30,3.4011060675951006e-26,1.2539791427324546e-20,6.707790471906603e-23,1.0006128315605066e-30,8.112389954894536e-29,1.023371427510332e-30,2.1937297590993597e-26,3.0170366213334507e-22,1.0007959035215283e-30,9.93899206262285e-31
2916.1329667119107,9.246996977143298e-05,10000.0,250.0,1.0,1.0,21.2875,1.1532163064523847e-10,0.00017699998433573838,2.019116134641773e-28,1.0299676307346279e-22,1.3637565285570601e-30,9.675004502225894e-25,1.0004664241825331e-30,2.9919028975806592e-27,9.997053920685905e-31,1.0000001649326782e-30,9.999951798929352e-31,1.003488604358939e-30,1.129172706747406e-30,9.892706808222767e-31,9.98430141832791e-31,9.982621183910384e-31,9.99999999819783e-31,9.991267409228929e-31,1.0008719651228203e-30,9.999999692469078e-31,9.99999791980595e-31,9.982621533569351e-31,1.421747637381949e-16,4.450018566811079e-14,2.684189746615894e-19,2.962523519815584e-13,1.0000010695498374e-30,1.000011188077764e-30,5.030343463948831e-22,1.7303178594109415e-15,1.0008721843111088e-30,1.0000010770012624e-30,1.00317581986768e-30,9.951099599225455e-31,1.0001428815219102e-30,9.949005831571321e-31,4.8139509092396914e-29,1.2587196103998771e-27,2.2990923658950047e-24,1.4480365064581256e-13,3.365375559266275e-08,1.3118565159331932e-21,2.7547597543276966e-19,2.389168118894774e-20,4.280112713241602e-18,1.0175577492728204e-30,3.866119992317765e-30,3.513446270797845e-24,0.00018232389720263984,0.5000000001579715,8.96850312208349e-15,0.24999999979704454,8.64002281784556e-15,1.1631877947025697e-12,1.8549834154123578e-29,2.2075037490742235e-28,2.2485072918901977e-22,1.0203581112675016e-30,1.0017369937042609e-30,4.858698554504294e-30,9.965124336777862e-31,9.982542444272072e-31,3.7245240187201284e-23,1.2199152334452702e-21,1.1244030306984112e-22,2.647747823252053e-16,9.999999999426968e-31,9.982542513446594e-31,1.0000000377739443e-30,6.577815525696843e-17,2.159536804889574e-24,5.307746954130902e-24,9.999901051531813e-31,8.460342757726345e-17,2.4493633128844436e-10,1.0778489960118712e-23,5.970029290535302e-20,1.30749644172341e-22,1.5787475203992004e-25,1.0979889645510332e-18,9.929645542578275e-31,9.99999999990488e-31,1.000976896088208e-30,1.2022583158057376e-26,0.10000000149011422,1.8954861276225396e-15,1.6312830044853814e-18,2.3374625121001166e-26,9.9999999977079e-31,1.0008017935446445e-30,7.550723497350612e-29,9.982542780666282e-31,1.166098703170406e-20,9.977092519724325e-31,1.157318485399734e-19,3.8640213568250655e-19,1.0008728777302806e-30,1.792485731318418e-30,9.98836371624423e-31,2.2559867868603146e-06,1.3213139685436495e-11,6.179999999999478e-05,4.853256459510003e-18,8.451894696185732e-29,1.7103687415083158e-25,8.077953643014652e-28,9.999989488674882e-31,2.8071695640653037e-26,2.7377540867442496e-20,6.18016495804175e-30,7.327611159982691e-23,9.999736516627322e-31,1.0062737615542186e-30,2.8656553903200476e-26,1.007475860991702e-30,3.6116403844841206e-22,2.1270420479096896e-25,9.998941218193773e-31,6.956232162035242e-27,1.887268222059353e-22,0.00033399999999318377,6.697799830418377e-17,1.2071468871652074e-19,9.074446944761254e-25,9.992114091758723e-31,9.936207053288335e-31,1.0035962226153334e-30,1.0011534596162909e-30,9.980426790833508e-31,9.976730034247848e-31,6.742977294479153e-15,3.9283157817318456e-19,1.7874629118872215e-13,3.509999820988428e-06,1.0010530568230612e-30,3.478543925905392e-30,3.847356934343353e-13,1.7799996149183442e-06,1.0102434811665981e-30,1.7277951974530725e-24,1.0008615692794462e-30,9.982656031455242e-31,9.999883020150648e-31,9.982655428880612e-31,1.6989008275522032e-20,3.070535511559719e-16,1.281528190817193e-29,3.8873621399212016e-17,1.0017405543254069e-30,4.0464639667706597e-26,1.000876048258704e-30,9.910031028837821e-31,1.0055054939222168e-30,8.544806805077691e-26,1.834506564582115e-20,1.4037466797203988e-22,1.00094437568101e-30,2.4273372839266462e-28,1.0725458068968529e-30,6.630977619281658e-26,6.3075485851207405e-22,1.0011505751237879e-30,9.911897570717706e-31
4216.973715599934,0.00013371935932267675,10000.0,250.0,1.0,1.0,21.2875,1.221566273039899e-10,0.0001769999773483618,7.987434014977427e-28,3.0926153171742475e-22,3.0366098118159124e-30,2.9321398970660993e-24,1.0013478154787537e-30,1.23150314692813e-26,9.995740001303242e-31,1.000000238506297e-30,9.99993029726949e-31,1.0050407033761948e-30,1.708171973821388e-30,9.845217052537276e-31,9.984745343005088e-31,9.97492702584471e-31,9.999999997393908e-31,9.987374398791676e-31,1.0012604452063427e-30,9.999999555284549e-31,9.999996991864476e-31,9.97487906314262e-31,2.978423760871003e-16,6.40347079885326e-14,7.978636093026753e-19,4.270591723326478e-13,1.000001546510852e-30,1.000015918799559e-30,1.5183131871722246e-21,3.609312781755062e-15,1.0012610056166676e-30,1.0000015574326723e-30,1.0045874893153544e-30,9.929363169983147e-31,1.0002063584406244e-30,9.926342092639294e-31,2.0675906233933286e-28,5.489540962800458e-27,6.936415255291944e-24,3.022956930583838e-13,3.3544487554181204e-08,2.7900690449831223e-21,4.0165314589106854e-19,5.062217057203794e-20,6.215471461103304e-18,1.0916168911212456e-30,1.730771236811133e-29,1.0621866871424308e-23,0.00018232389586137512,0.5000000002287028,1.2995191350689145e-14,0.24999999970634168,1.242513220425986e-14,2.425034415195222e-12,7.762358641541279e-29,9.604500873385124e-28,6.784364296163775e-22,1.1013136162690099e-30,1.0025127293839978e-30,1.785350903165178e-29,9.949638325124545e-31,9.974764738164319e-31,7.788633495034132e-23,3.674003562653209e-21,2.34967257828015e-22,3.824882358049811e-16,9.999999999171346e-31,9.974765040358111e-31,1.000000054645495e-30,1.3704254613779781e-16,9.410691490674641e-24,1.1087574684184998e-23,9.9998569125053e-31,2.552581757721273e-16,3.527848604523396e-10,3.254686226792555e-23,1.2444392717164448e-19,3.9436365448599975e-22,5.909689758238588e-25,2.2929818390344672e-18,9.900148820273331e-31,9.99999999986245e-31,1.0082222582194129e-30,4.9203978135061515e-26,0.10000000149011336,2.741032268024144e-15,3.3864476644420326e-18,1.0141718463277786e-25,9.99999999668555e-31,1.0011630968373913e-30,3.25756762039288e-28,9.974766859715836e-31,2.4452031075284908e-20,9.966890023845311e-31,2.418297962400698e-19,8.071345157744745e-19,1.0012617630165256e-30,3.397507085543209e-30,9.983203914714676e-31,2.2559808927133095e-06,1.9107286690217287e-11,6.179999999999241e-05,7.010107747439145e-18,2.570024996380664e-28,3.7831899917654374e-25,2.5536780575121375e-27,9.999984799742978e-31,9.794244272584852e-26,5.704280767876693e-20,3.367976196187477e-29,2.2090524711889774e-22,9.999618983112877e-31,1.0152047300271912e-30,1.2498220330844591e-25,1.0740055890723659e-30,7.55250669824213e-22,6.398079081130561e-25,9.998468948578659e-31,2.1021552916616923e-26,3.944754820023499e-22,0.0003339999999901427,9.648006712051914e-17,1.753432468140017e-19,2.7356129529884453e-24,9.988598319014584e-31,9.908186047683485e-31,1.0297080407719354e-30,1.0016671230246217e-30,9.977107414742008e-31,9.966367143736721e-31,9.750902238072552e-15,8.181758702674169e-19,2.584821511442315e-13,3.509999741134305e-06,1.002049660995269e-30,8.492053870752352e-30,5.563583010903966e-13,1.7799994431442663e-06,1.0222443021203994e-30,5.23082711326319e-24,1.0012454099707827e-30,9.974929181559183e-31,9.999830837736449e-31,9.974928059349048e-31,3.55112841555649e-20,4.411917867204447e-16,3.6605336893132333e-29,5.617796951369229e-17,1.0025160018945273e-30,8.423452333103234e-26,1.0012683842271212e-30,9.870158805857704e-31,1.0079373923081666e-30,2.2205644388443353e-25,2.696756422630371e-20,2.938578098252844e-22,1.0015845640883982e-30,7.294702054962217e-28,1.221980231925713e-30,2.00403308271712e-25,1.3185385814296308e-21,1.0016631622840118e-30,9.872847235550708e-31
6098.0989279483565,0.00019336944850166022,10000.0,250.0,1.0,1.0,21.2875,1.320408882302936e-10,0.00017699996724424526,3.591849805775235e-27,9.321545366276047e-22,1.3447296459995214e-29,1.0029578152563695e-23,1.0060224998161395e-30,5.537700194746577e-26,9.993840268701389e-31,1.0000003448996834e-30,9.999899204141032e-31,1.0072831935412277e-30,5.123699906130967e-30,9.776945780023965e-31,1.00253049609861e-30,9.964090095929305e-31,9.999999996231366e-31,9.981747460711092e-31,1.0018216863563431e-30,9.999999356904332e-31,9.99999564998317e-31,9.96369346685417e-31,6.244503401815383e-16,9.194343276173222e-14,2.3870949899966925e-18,6.147611046322026e-13,1.0000022360749159e-30,1.0000224770447203e-30,4.578903839005087e-21,7.520362016322219e-15,1.0018230053535525e-30,1.000002252174962e-30,1.0066234303240474e-30,9.898014965125229e-31,1.0002978684266021e-30,9.893659698146987e-31,8.983786841745922e-28,2.393014178970043e-26,2.090584008868719e-23,6.314446633289682e-13,3.3387103933077435e-08,5.975244678581686e-21,5.875823900761963e-19,1.0784792295177121e-19,9.041345941028793e-18,1.500361200241761e-30,9.785422628227959e-29,3.2138809330516987e-23,0.0001823238938197151,0.5000000003312669,1.884598245804959e-14,0.24999999957500163,1.7824666989664315e-14,5.048914135874244e-12,3.352862799208006e-28,4.1871371923688686e-27,2.045002788406789e-21,1.4596315917906574e-30,1.0036475474560875e-30,7.4521128194531e-29,9.927429882952209e-31,9.963528236943676e-31,1.6287715274886388e-22,1.1044886006950627e-20,4.90860681991958e-22,5.522785091478047e-16,9.999999998801694e-31,9.96352955650583e-31,1.0000000790662719e-30,2.850457926667733e-16,4.094563402829089e-23,2.3150348473707505e-23,9.99979308410552e-31,7.693619710609766e-16,5.072149387613653e-10,9.821603428666654e-23,2.5903088232732554e-19,1.1880979024725592e-21,2.2849865490601128e-24,4.785675588981766e-18,9.863466531013512e-31,9.999999999801097e-31,1.054675425526605e-30,2.064501184996474e-25,0.1000000014901121,3.96376292359632e-15,7.007283870530136e-18,4.409462148399459e-25,9.999999995208198e-31,1.0017186752566686e-30,1.414447325585552e-27,9.963541600938854e-31,5.133217283745615e-20,9.952153976694407e-31,5.0514910944349675e-19,1.6851478709763392e-18,1.0018235880812517e-30,8.246516827483404e-30,9.975887800348085e-31,2.2559723693083794e-06,2.76306916205032e-11,6.179999999998893e-05,1.0120279354568135e-17,7.903556951309003e-28,8.528507965784828e-25,8.209411968991001e-27,9.999978019156942e-31,3.5296378101102705e-25,1.1866055271846895e-19,2.0699627700753473e-28,6.650523318477285e-22,9.999449022209857e-31,1.0609063924549793e-30,5.444702764829259e-25,1.5049686151393362e-30,1.579346796992806e-21,1.9229697230364832e-24,9.997786046448106e-31,6.351450638285416e-26,8.243598233688407e-22,0.0003339999999857443,1.3873765287580098e-16,2.5519145388414863e-19,8.23557469773914e-24,9.983516403456283e-31,9.86842265359442e-31,1.179051828844312e-30,1.002408975087239e-30,9.999554731785592e-31,9.951400566831477e-31,1.4100603449967167e-14,1.7010237330336346e-18,3.7378688233325363e-13,3.5099996256586385e-06,1.0052667398055733e-30,2.3637247022490375e-29,8.045369675857231e-13,1.7799991947496194e-06,1.051136913536001e-30,1.58447634061773e-23,1.0017999400211363e-30,9.963767861429446e-31,9.999755378058531e-31,9.96376427922874e-31,7.421310140735649e-20,6.321368271758289e-16,1.081394122164943e-28,8.116170278991586e-17,1.0036362897553306e-30,1.7499941751907352e-25,1.001837404718336e-30,9.812783772864173e-31,1.0114282485821727e-30,5.957199010821806e-25,3.9906024125329596e-20,6.154351976547942e-22,1.0031406957510998e-30,2.1927601804548095e-27,1.6745804858045515e-30,6.055150969038815e-25,2.7558525489198033e-21,1.0024041337216154e-30,9.816649104236554e-31
8818.36431597356,0.0002796284980965741,10000.0,250.0,1.0,1.0,21.2875,1.4633494194752588e-10,0.0001769999526332923,1.818207383714396e-26,2.8152056121487912e-21,8.425101238127484e-29,3.775050443617326e-23,1.0357012662085382e-30,2.709019438305513e-25,9.991093734008041e-31,1.0000004987529383e-30,9.99985424103056e-31,1.0105438412750373e-30,2.59005933610915e-29,9.679056218550103e-31,1.0365059118419665e-30,9.950713453066159e-31,9.999999994550228e-31,9.973616041248899e-31,1.002632173458997e-30,9.999999070030172e-31,9.999993709510226e-31,9.947540434574082e-31,1.3106852930621755e-15,1.3160169275883357e-13,7.157718674070711e-18,8.831771598734302e-13,1.0000032329045888e-30,1.0000313715780517e-30,1.3792306724019047e-20,1.5644214654649174e-14,1.0026351429260036e-30,1.0000032568266767e-30,1.0095562100118795e-30,9.85286281792519e-31,1.0004296098473367e-30,9.846588428761632e-31,3.9100909743034455e-27,1.0418830967061618e-25,6.291522424351214e-23,1.3195291932853455e-12,3.316081902774051e-08,1.2917492852846206e-20,8.634530257751623e-19,2.3149915839341583e-19,1.3182159409306486e-17,3.825985414660901e-30,5.900940737409423e-28,9.73120187321935e-23,0.00018232389065354142,0.5000000004801598,2.7364010796570222e-14,0.24999999938471884,2.54805997674502e-14,1.0491274348329206e-11,1.4578366328764685e-27,1.8246947683789063e-26,6.155417068368341e-21,3.026576033529737e-30,1.0053797933131205e-30,3.213074365912578e-28,9.896209665568897e-31,9.9473016938413e-31,3.4063141895936605e-22,3.311653332522695e-20,1.024978906921044e-21,7.969063116198947e-16,9.999999998267138e-31,9.947307452104568e-31,1.0000001144290103e-30,5.914884346641387e-16,1.7775363207154487e-22,4.83038390098657e-23,9.99970078359413e-31,2.3155018634535884e-15,7.273678532159876e-10,2.9611032705544e-22,5.38064490867334e-19,3.573416669988337e-21,9.079444779454262e-24,9.97954464586061e-18,9.836019663859029e-31,9.999999999712372e-31,1.3480639137681928e-30,8.784937277430803e-25,0.10000000149011029,5.731933882380734e-15,1.4431859701602083e-17,1.9174287273537248e-24,9.999999993081442e-31,1.0028273972188142e-30,6.1398092037636625e-27,9.947385729199077e-31,1.0792993571491678e-19,9.930881215803358e-31,1.0546704632257727e-18,3.515769232579456e-18,1.002634915439799e-30,2.2886381914510335e-29,9.966199859798859e-31,2.255960043805455e-06,3.9956194544539386e-11,6.179999999998376e-05,1.4599476168159297e-17,2.4552934383027555e-27,1.966940645871826e-24,2.693226046544946e-26,9.999968213867533e-31,1.313756370409194e-24,2.4626496899446026e-19,1.2977007239621061e-27,1.9982496635055754e-21,9.999203249565091e-31,1.335184181996196e-30,2.367937398234602e-24,4.2317612012504136e-30,3.30265759448045e-21,5.770081994245195e-24,9.996798595059852e-31,1.9183619254297253e-25,1.7222017772592775e-21,0.0003339999999793824,1.9900921478817953e-16,3.7243765130034733e-19,2.474419793365053e-23,9.976172098328268e-31,9.813072314665007e-31,2.0363596552431095e-30,1.0034798281792704e-30,1.0199742246838353e-30,9.929797382171028e-31,2.0390613613603252e-14,3.527394345585214e-18,5.40527158375651e-13,3.5099994586713505e-06,1.0176742040230473e-30,6.936560125235202e-29,1.163419875729671e-12,1.779998835560657e-06,1.125102226394164e-30,4.803214388540266e-23,1.0026007178222947e-30,9.947665960628584e-31,9.99964625802741e-31,9.947642751107056e-31,1.550505038849678e-19,9.020450170134801e-16,3.226997737156489e-28,1.1720719741697194e-16,1.0052540763164558e-30,3.625203036747585e-25,1.0026637160914674e-30,9.730404006567665e-31,1.0164228749491717e-30,1.6438884201449958e-24,5.957936744956672e-20,1.2897394176227264e-21,1.0079258935531686e-30,6.580457667146393e-27,3.0427597688220996e-30,1.8288858816669522e-24,5.7586300777910616e-21,1.0034765976096986e-30,9.735947162648727e-31
12752.097026966174,0.0004043663440818802,10000.0,250.0,1.0,1.0,21.2875,1.6700654260016274e-10,0.00017699993150554783,1.0061404717735245e-25,8.511618369342839e-21,6.053405794103436e-28,1.5126505781409976e-22,1.2462604949392257e-30,1.4226704553157015e-24,9.987123348588292e-31,1.0000007212366376e-30,9.999789220944535e-31,1.0155307631113332e-30,1.5423988196709637e-28,9.539230512637018e-31,1.298240010312001e-30,9.952445551890327e-31,9.999999992119149e-31,9.96186903865042e-31,1.0038018786890322e-30,9.999998655186697e-31,9.999990903423763e-31,9.924228305024007e-31,2.7553914073531588e-15,1.8751816144539012e-13,2.145536234088342e-17,1.2651030435273582e-12,1.0000046736987294e-30,1.0000430079178312e-30,4.147204182418351e-20,3.246835951486378e-14,1.0038083893384545e-30,1.0000047096290162e-30,1.0137736174740374e-30,9.787978578833433e-31,1.0006188919643979e-30,9.77891522640235e-31,1.70003242787727e-26,4.527559746339747e-25,1.8893552546546083e-22,2.7582393207770416e-12,3.283630175802144e-08,2.827432975487715e-20,1.2762974590120009e-18,5.019764660835467e-19,1.9276528705610882e-17,1.7379447283077505e-29,3.630315607305591e-27,2.9487292670621923e-22,0.00018232388562713355,0.5000000006966427,3.979873180993571e-14,0.24999999910885562,3.624105858634444e-14,2.173854968672929e-11,6.3403074720903585e-27,7.941344785844991e-26,1.84894706715971e-20,9.840057468738979e-30,1.0084774360945103e-30,1.3940606736610897e-27,9.855905261054466e-31,9.923883474420986e-31,7.125019702939065e-22,9.892056379045219e-20,2.138903423673605e-21,1.1487785060219985e-15,9.999999997494106e-31,9.923908578630058e-31,1.0000001656672083e-30,1.223217417863824e-15,7.69172779964025e-22,1.0068778462601627e-22,9.99956731080617e-31,6.9540866551311055e-15,1.0391944988843625e-09,8.915462235871604e-22,1.114356688129777e-18,1.072184348592974e-20,3.6863035578897293e-23,2.0784394372523513e-17,9.906712591358469e-31,9.999999999584144e-31,3.193258741742732e-30,3.766019484297059e-24,0.10000000149010772,8.288856899967555e-15,2.95234794620695e-17,8.32794419000547e-24,9.999999990093306e-31,1.0072134283833594e-30,2.658189665855804e-26,9.924410591536778e-31,2.2740357969750114e-19,9.900195842380918e-31,2.2004268589021704e-18,7.327487731176273e-18,1.0038058279541375e-30,6.704952650369398e-29,9.957720060665748e-31,2.2559422202121078e-06,5.7779787892577285e-11,6.179999999997606e-05,2.1038544630577583e-17,7.721564233937668e-27,4.654477987705537e-24,9.047753306638786e-26,9.999954034611964e-31,5.038132291546792e-24,5.093881361787595e-19,8.147025347444049e-27,5.9870367486635435e-21,9.998847852354155e-31,3.055764296792008e-30,1.0273400190794793e-23,2.1357301526576494e-29,6.906358308777454e-21,1.726712582714073e-23,9.995370830048821e-31,5.791091783303267e-25,3.5963651395225955e-21,0.0003339999999701795,2.8444823515820215e-16,5.457056009793362e-19,7.413327326470073e-23,9.965561169523125e-31,9.739234562654209e-31,7.041441402030811e-30,1.0050248289137915e-30,1.1529036655824202e-30,9.89864030678284e-31,2.9486447773472196e-14,7.287591942328413e-18,7.81647484463292e-13,3.509999217194185e-06,1.0694581973289734e-30,2.0733638403571793e-28,1.682385692908486e-12,1.7799983161650132e-06,1.3274692404798322e-30,1.4576061186942458e-22,1.0037563732193315e-30,9.924593966771542e-31,9.999488463399345e-31,9.924376087666e-31,3.238098817084988e-19,1.2797199994546303e-15,9.639546342287945e-28,1.6915876325940402e-16,1.0075888495624253e-30,7.478819254568941e-25,1.0038657726594856e-30,9.612497564314325e-31,1.0235357242182241e-30,4.6454218924383134e-24,8.998757044248803e-20,2.7051966171867767e-21,1.025249034766163e-30,1.968804302204918e-26,7.172846647327421e-30,5.5210046152116725e-24,1.2029231221552537e-20,1.005036131007246e-30,9.620417310011552e-31
18440.60562235985,0.0005847477683396706,10000.0,250.0,1.0,1.0,21.2875,1.9690186434810084e-10,0.00017699990095492953,5.8912688654100205e-25,2.575231413990803e-20,4.687268461762389e-27,6.279868150991175e-22,2.85984687426451e-30,7.88340184675219e-24,9.98138462745674e-31,1.0000010429654425e-30,9.99969519717236e-31,1.025974183417545e-30,9.520171690662057e-28,9.34059561595751e-31,3.3745061459169864e-30,1.0170533472919975e-30,9.999999988603577e-31,9.944906350633186e-31,1.005488516044023e-30,9.999998055289583e-31,9.99998684558812e-31,9.89061403387483e-31,5.805161743092524e-15,2.6547423285485196e-13,6.417103173857442e-17,1.8046245645968999e-12,1.000006755748858e-30,1.0000572903964424e-30,1.2438947256235408e-19,6.716055079665523e-14,1.0055025527502827e-30,1.0000068104854951e-30,1.0198233609319164e-30,9.69531486701836e-31,1.0008900622855171e-30,9.681875878378081e-31,7.374289853074961e-26,1.9620076801047697e-24,5.656265446687707e-22,5.766739344981743e-12,3.237263104157646e-08,6.287549969986653e-20,1.9002801951530167e-18,1.1029764697883941e-18,2.829100288064996e-17,9.779346278699157e-29,2.2503665385387072e-26,8.943562834508566e-22,0.00018232387741969286,0.5000000010120432,5.801649272198958e-14,0.24999999870859774,5.117455336366565e-14,4.485999546702232e-11,2.752562647862051e-26,3.449075984758684e-25,5.537305135746413e-20,3.9336872032017833e-29,1.0167167827099588e-30,6.044800577729939e-27,9.825425360808169e-31,9.890116232913845e-31,1.4911294067840945e-21,2.938744891524725e-19,4.459259718801653e-21,1.6537093415595513e-15,9.999999996376194e-31,9.890225531372208e-31,1.0000002399720186e-30,2.5174081717841355e-15,3.312860037868209e-21,2.0958115890739874e-22,9.999374301099727e-31,2.0821304361863102e-14,1.476721402307135e-09,2.6791455206652352e-21,2.297986772675945e-18,3.205869336191955e-20,1.520340413729467e-22,4.32101277109691e-17,1.048540198672825e-30,9.999999999399385e-31,1.4767067115685038e-29,1.6195637289705855e-23,0.10000000149010402,1.1986380677507269e-14,5.981432643025805e-17,3.60846236102697e-23,9.999999986562878e-31,1.038792557085311e-30,1.1459329923697707e-25,9.893410804233445e-31,4.804057970696897e-19,9.855982470013738e-31,4.586209539044206e-18,1.524906561400255e-17,1.0054942001276678e-30,2.0012185578264828e-28,9.979732092013029e-31,2.255916446049589e-06,8.355395041089594e-11,6.179999999996444e-05,3.0270623397542724e-17,2.4681611826710007e-26,1.1312218243348479e-23,3.119650643157869e-25,9.999933530253124e-31,1.9818292477783504e-23,1.0486180953719987e-18,5.1026813226864023e-26,1.7865086647990403e-20,9.998333940489623e-31,1.398172981958037e-29,4.4416568178953787e-23,1.2840105926575644e-28,1.4442219888761338e-20,5.146038559341854e-23,9.99330652504471e-31,1.7468603728769587e-24,7.505372840383773e-21,0.00033399999995686533,4.0449617963549845e-16,8.04044832892153e-19,2.211917735281848e-22,9.950236831817716e-31,9.650547468604828e-31,3.672750284830209e-29,1.0072559751482558e-30,1.9915782301869556e-30,9.853757648089502e-31,4.263968514374873e-14,1.497591590570362e-17,1.1303274614123345e-12,3.509998867998951e-06,1.2918686097615803e-30,6.231969857999929e-28,2.4328349252452565e-12,1.7799975651198317e-06,1.920918212905998e-30,4.429850102153104e-22,1.0054226737969175e-30,9.89317395518844e-31,9.99926028352189e-31,9.890827373351095e-31,6.758546439626923e-19,1.800500158331956e-15,2.8706661892886224e-27,2.4392428817179335e-16,1.0109553704828582e-30,1.5337991170016727e-24,1.0056187011269453e-30,9.444517213985684e-31,1.0335976848426347e-30,1.338261369690116e-23,1.3789499563748283e-19,5.680694968199387e-21,1.0936649448132812e-30,5.863651116708243e-26,1.9623004350359448e-29,1.6653936831548747e-23,2.5115832561999732e-20,1.0073384740078064e-30,9.455771764156526e-31
26666.667842968214,0.0008455944902006664,10000.0,250.0,1.0,1.0,21.2875,2.4013797611450675e-10,0.00017699985677994035,3.5600406217030224e-24,7.795273029083116e-20,3.812457818246892e-26,2.6531933650999736e-21,1.5911856285212563e-29,4.533895387980717e-23,9.973091785275481e-31,1.0000015082209021e-30,9.999559232441553e-31,1.0794339347320331e-30,5.9157866055949244e-27,9.060645435824084e-31,2.0457923172013926e-29,1.2868797886461883e-30,9.999999983519713e-31,9.920427948403325e-31,1.0079174194344455e-30,9.999997187790928e-31,9.999980977619526e-31,9.842207152899645e-31,1.2266726723694618e-14,3.7240096251218987e-13,1.9115897481916948e-16,2.5588270790754977e-12,1.000009763719125e-30,1.0000726794807026e-30,3.717439942477606e-19,1.3825448840599012e-13,1.007947342131253e-30,1.00000984846318e-30,1.0284718004823126e-30,9.566519049744961e-31,1.0012769253191144e-30,9.54324970399961e-31,3.187513446509299e-25,8.468202335428644e-24,1.6858272147818241e-21,1.205761107365319e-11,3.171367957275867e-08,1.4253850157487894e-19,2.8529737597260636e-18,2.4642280443070108e-18,4.16886643839286e-17,5.807099280121915e-28,1.3983703360057107e-25,2.7158508100117095e-21,0.0001823238635819472,0.5000000014727529,8.483027738788901e-14,0.24999999812736182,7.152382193334018e-14,9.202954623943564e-11,1.191339367779242e-25,1.4935027533769209e-24,1.6512393182451897e-19,1.6638562074851403e-28,1.0522415477275266e-30,2.613018381569754e-26,9.945653232450885e-31,9.841489071935554e-31,3.1254585667572322e-21,8.662270636114897e-19,9.28433969387631e-21,2.3757912522615444e-15,9.999999994759528e-31,9.84196400513888e-31,1.0000003478607378e-30,5.145252496899796e-15,1.4173093397401148e-20,4.353443854429885e-22,9.99909519946681e-31,6.206715404763597e-14,2.0821712027741355e-09,8.02864105007133e-21,4.709536343536925e-18,9.537728533329949e-20,6.333958604905628e-22,8.960156641539035e-17,1.337414807184888e-30,9.999999999138355e-31,8.711834369547063e-29,6.965540661301341e-23,0.10000000149009859,1.733330684568357e-14,1.1951223534998293e-16,1.5576662057562926e-22,9.99999998858668e-31,1.3123078847483544e-30,4.90918885062045e-25,9.861975298422552e-31,1.0181298798148172e-18,9.792380125571583e-31,9.54468559757189e-18,3.1666329393557386e-17,1.0079256222230972e-30,6.004473949375279e-28,1.0222707717394244e-30,2.2558791749716136e-06,1.208250283866455e-10,6.17999999999466e-05,4.3456786354573294e-17,8.062734513872993e-26,2.818668728344678e-23,1.1040787939808434e-24,9.999903879305397e-31,7.950374492049181e-23,2.1439820199314885e-18,3.182893589985128e-25,5.299873702887268e-20,9.997590827550567e-31,8.371621777006251e-29,1.910755348401726e-22,7.937896792321407e-28,3.0200753296199216e-20,1.5243820293719043e-22,9.990322152880212e-31,5.2635124073889726e-24,1.5649057356104326e-20,0.00033399999993759944,5.710318907764085e-16,1.193892374640886e-18,6.56090368150663e-22,9.928118222391804e-31,9.575407971587321e-31,2.147884371734006e-28,1.0105151373290267e-30,7.222357948212529e-30,9.789215647528436e-31,6.166015540667926e-14,3.05403046433549e-17,1.6345474054614752e-12,3.5099983630355055e-06,2.2556919676078502e-30,1.874823384432033e-27,3.518007780890019e-12,1.779996479135727e-06,3.785361294977069e-30,1.3490030948081221e-21,1.0078221277901616e-30,9.869527025083858e-31,9.998930325489814e-31,9.842514895114572e-31,1.4094521431701311e-18,2.5035644215692084e-15,8.498848043455108e-27,3.5129149210881434e-16,1.015803351600205e-30,3.119309829802088e-24,1.008183408773417e-30,9.20678174138965e-31,1.047697008915953e-30,3.914360397245317e-23,2.1493605917727892e-19,1.1946955520888921e-20,1.3753888124450762e-30,1.7349272156744972e-25,5.709082331446167e-29,5.0180568602310524e-23,5.240286874302488e-20,1.010892667632541e-30,9.22265131404194e-31
38562.24618702058,0.0012228008050171417,10000.0,250.0,1.0,1.0,21.2875,3.0267094725936275e-10,0.0001769997929066505,2.1851387293082387e-23,2.3603452527695735e-19,3.2018179814904877e-25,1.1282300400642746e-20,1.2537221743723286e-28,2.6696432050892107e-22,9.961111821682182e-31,1.0000021811870128e-30,9.999362619253965e-31,1.6226117060725478e-30,3.671471129876608e-26,8.670587115371403e-31,1.6479456392863422e-28,4.4539459945622955e-30,9.999999976167908e-31,9.885136644609177e-31,1.0114087722950558e-30,9.99999593332128e-31,9.99997249204989e-31,9.77262735626307e-31,2.6021593062704975e-14,5.156546178372748e-13,5.6592193191796105e-16,3.597239558141273e-12,1.0000141101983689e-30,1.0000840935399794e-30,1.1052369313792339e-18,2.8264951881648215e-13,1.0114720476564703e-30,1.0000142415559608e-30,1.0407901563345794e-30,9.415561704899663e-31,1.0018255020674853e-30,9.346289455057157e-31,1.3707681096573474e-24,3.633852413153915e-23,4.992483624604829e-21,2.52078120047692e-11,3.078443096793969e-08,3.3032242871089073e-19,4.3191475813130145e-18,5.6161510077596344e-18,6.165690386450472e-17,3.500208751100013e-27,8.68252400855179e-25,8.259477104554515e-21,0.00018232383944063546,0.5000000021477581,1.245176415287962e-13,0.24999999728282146,9.853084518540574e-14,1.8719808886853033e-10,5.133061583938434e-25,6.43919278169006e-24,4.893773357746061e-19,7.09834686276732e-28,1.250848525843465e-30,1.1239732584114734e-25,1.1103064594978355e-30,9.771592673669477e-31,6.5803344283938686e-21,2.52471043347583e-18,1.929298987887285e-20,3.4032951872428597e-15,9.999999992421527e-31,9.773650579755968e-31,1.0000005047875197e-30,1.0414301306337098e-14,6.005288427802691e-20,9.016181924994794e-22,9.998691608915474e-31,1.8384798366957285e-13,2.902979283203288e-09,2.396368705386454e-20,9.565976687258906e-18,2.8171344195826633e-19,2.6514338807162668e-21,1.8511640712733542e-16,2.634330563854635e-30,9.999999998816336e-31,5.372080602023031e-28,2.988165095627736e-22,0.10000000149009075,2.506540286616822e-14,2.341061814299892e-16,6.686652315779762e-22,1.0000000055415757e-30,3.753155684520566e-30,2.0842138490010354e-24,9.898049516983988e-31,2.1650704006207614e-18,9.701100366206273e-31,1.982204681672007e-17,6.555488101136428e-17,1.0114208446866894e-30,1.80196938994029e-27,1.1861048849911889e-30,2.2558252789649023e-06,1.7472103509753207e-10,6.179999999991882e-05,6.218693145534101e-17,2.7094700918864213e-25,7.163587838609419e-23,3.99882340548058e-24,9.9998610017255e-31,3.2314903973096857e-22,4.3412931791169295e-18,1.9736006744189243e-24,1.5592473489442452e-19,9.996516321703544e-31,5.3060611235489415e-28,8.1613707858784155e-22,4.8984523061776074e-27,6.315389286850111e-20,4.476085039084054e-22,9.98600849396099e-31,1.5834364394462817e-23,3.258635044984284e-20,0.00033399999990971354,7.9784725279217065e-16,1.7916613794287464e-18,1.929718574381801e-21,9.896219815961579e-31,9.623192350024226e-31,1.2891693702644277e-27,1.0156477435915116e-30,3.9686628729500685e-29,9.696650919186418e-31,8.916490151182297e-14,6.160188972767675e-17,2.363690512299221e-12,3.5099976328206383e-06,6.439355757578582e-30,5.6339674608765826e-27,5.0871752816361314e-12,1.7799949088922775e-06,1.0033919511756002e-29,4.119105975753926e-21,1.0112708096739493e-30,1.0096704447579985e-30,9.998453197800805e-31,9.773070784860983e-31,2.9357518699118352e-18,3.4241391100508206e-15,2.4941339960776002e-26,5.049984962375932e-16,1.0227718973701468e-30,6.269163219791301e-24,1.011952201211701e-30,8.873540329989641e-31,1.0671911549987967e-30,1.158596932505512e-22,3.4127031794805037e-19,2.5171395711236256e-20,2.558866871967686e-30,5.085669338721099e-25,1.6958999612552103e-28,1.5096013207420574e-22,1.0922586474691313e-19,1.0170507926897505e-30,8.895666938107586e-31
55764.25370223015,0.0017682728850275922,10000.0,250.0,1.0,1.0,21.2875,3.9311830792525463e-10,0.00017699970055489204,1.3492733817373935e-22,7.14654991625253e-19,2.7404915953966742e-24,4.7940532480308186e-20,1.0642197731638514e-27,1.5921502455264366e-21,9.943813233080178e-31,1.0000031566737166e-30,9.999078306847044e-31,8.167131912552003e-30,2.2665479827947295e-25,8.136037355225866e-31,1.4033636134669969e-27,4.248654748152836e-29,9.99999996553628e-31,9.83432438516542e-31,1.0164138786450979e-30,9.999994119266003e-31,9.999960221216316e-31,9.672882186761729e-31,5.5471548354399285e-14,7.011686562974617e-13,1.6602140567983002e-15,4.995790854954774e-12,1.0000204237555801e-30,1.0000784339143443e-30,3.26176846675624e-18,5.721856305581905e-13,1.0165468476392193e-30,1.0000205941733822e-30,1.0584469835172623e-30,9.481945972964677e-31,1.0025965706980154e-30,9.068647312768661e-31,5.851773482023795e-24,1.5464271092771488e-22,1.464984267211967e-20,5.2671322681243895e-11,2.9488604801021598e-08,7.834485087761058e-19,6.579446093623754e-18,1.3087831385580016e-17,9.134877920906389e-17,2.117484770244719e-26,5.371471424906519e-24,2.5163089952851175e-20,0.0001823237958716642,0.5000000031397487,1.8362604776665722e-13,0.2499999960561293,1.3303649564249668e-13,3.761425797922109e-10,2.1973657589904114e-24,2.7591067895421135e-23,1.4375995246396184e-18,3.0116882540505565e-27,2.4494729346284057e-30,4.799979992267012e-25,1.8683395935219797e-30,9.671393773409978e-31,1.4029266915674623e-20,7.240889518598414e-18,3.997989657138846e-20,4.854944412130241e-15,9.999999989040223e-31,9.680274536448872e-31,1.0000007336070466e-30,2.079458818157918e-14,2.509547917254558e-19,1.859308810653836e-21,9.99810801207742e-31,5.396248723444228e-13,3.982041671632562e-09,7.11182496008172e-20,1.9182370693687974e-17,8.234936193956473e-19,1.1093568418954325e-20,3.8044668582349876e-16,8.24607705477658e-30,9.999999998848321e-31,3.31739562133739e-27,1.2750998739838367e-21,0.10000000149007933,3.624664514449461e-14,4.458709478254307e-16,2.847318652499442e-21,1.000000071995039e-30,2.549501070649901e-29,8.735139792453793e-24,1.044389312891781e-30,4.616919588464294e-18,9.570543491555058e-31,4.10403472810378e-17,1.3510466852302393e-16,1.0164333070309094e-30,5.3961635618349266e-27,2.1951083626016615e-30,2.255747343121989e-06,2.5265687801020607e-10,6.179999999987483e-05,8.858062155014514e-17,9.431517118005464e-25,1.8411131619675262e-22,1.472677851311728e-23,9.999798997771463e-31,1.3217074932275103e-21,8.671622894851861e-18,1.2134039283653231e-23,4.533649939544117e-19,9.994962700739394e-31,3.407078562750857e-27,3.4507207394257315e-21,2.9946525461571735e-26,1.3206276349121547e-19,1.2978651266891142e-21,9.979779267291487e-31,4.7525774408655776e-23,6.772671484002414e-20,0.0003339999998693355,1.0987024650639972e-15,2.7272174496598e-18,5.607981586186031e-21,9.850273428441077e-31,1.0152976718132544e-30,7.774680482159728e-27,1.0270808395389266e-30,2.4003923063439194e-28,9.564529345769974e-31,1.2893813346086206e-13,1.2233399868159676e-16,3.4180899116380128e-12,3.5099965768786283e-06,2.4574007117352262e-29,1.6890097851657786e-26,7.356147392699207e-12,1.77999263854432e-06,3.220590770733556e-29,1.2620828237992038e-20,1.0162140345920878e-30,1.3645237643315658e-30,9.997763271564362e-31,9.673520110825315e-31,6.104188232511e-18,4.5775072883716524e-15,7.228842670204235e-26,7.240601943092564e-16,1.0327624445168109e-30,1.2393684916942883e-23,1.0175209978660673e-30,8.412862485076348e-31,1.0936476733664626e-30,3.46102596209964e-22,5.516164305115796e-19,5.3140767311666144e-20,7.577911464189511e-30,1.4714354300823899e-24,5.06286274755666e-28,4.530992421929405e-22,2.2733374444944407e-19,1.0304601929708874e-30,8.44321514736773e-31
80639.8044316553,0.0025570714241392473,10000.0,250.0,1.0,1.0,21.2875,5.239497562890422e-10,0.0001769995670333214,8.329499959436956e-22,2.161978356418008e-18,2.3662433918608367e-23,2.0239896732180453e-19,9.21534109418982e-27,9.53316902981747e-21,9.918851135247062e-31,1.0000045979853384e-30,9.998667181418833e-31,8.944768962900209e-29,1.3866155090474063e-24,7.420781025746455e-31,1.2096357820967128e-26,5.078194871187789e-28,9.99999995016136e-31,9.761307196381214e-31,1.0235613123365084e-30,9.999991496017441e-31,9.999942476588126e-31,9.53044845739452e-31,1.1893573289281607e-13,9.29926087449924e-13,4.8070030062743035e-15,6.8200209988801005e-12,1.0000300745780839e-30,1.0000253804257591e-30,9.52541263283354e-18,1.1422094663803565e-12,1.0238392173592598e-30,1.0000297802488174e-30,1.0864897358199885e-30,1.1947547655430614e-30,1.0036665813257293e-30,8.681749015080953e-31,2.4720296306346537e-23,6.502986046927099e-22,4.2427878449669905e-20,1.099049069079681e-10,2.7710594841428665e-08,1.899368411288169e-18,1.0027517710990659e-17,3.120719006050322e-17,1.3495296297235205e-16,1.2774525554354676e-25,3.300825945833219e-23,7.679885873170461e-20,0.00018232371477507457,0.5000000046004837,2.721870205528316e-13,0.2499999942791761,1.747753979351323e-13,7.425832891302518e-10,9.319883632002364e-24,1.1718628931804533e-22,4.170108967096638e-18,1.2625202883986788e-26,9.770112441466497e-30,2.0287962973166866e-24,6.496108942533551e-30,9.52831285441246e-31,3.092988902756557e-20,2.0295505350287544e-17,8.251935061204594e-20,6.8846460138161985e-15,9.999999984149832e-31,9.566412976436392e-31,1.000001068410467e-30,4.075349810764223e-14,1.0282137747843326e-18,3.810676124088101e-21,9.997264142712676e-31,1.5632924639098741e-12,5.3353536700691384e-09,2.093471556165781e-19,3.776419902354704e-17,2.3716313935416013e-18,4.613360610970436e-20,7.761010849053235e-16,3.2048165176348746e-29,1.0000000003322238e-30,2.031600685672182e-26,5.394128157967191e-21,0.10000000149006279,5.241562209088012e-14,8.163416927317041e-16,1.1984645689746761e-20,1.0000006665576623e-30,2.172590610381133e-28,3.5943695377215687e-23,1.417848690090877e-30,9.85126347602608e-18,9.384727600854354e-31,8.460064112052993e-17,2.7665612687068937e-16,1.023603008658339e-30,1.6096267933719612e-26,8.181084994735245e-30,2.255634646182652e-06,3.6535381734646844e-10,6.179999999980383e-05,1.2534719986024502e-16,3.4203453406812386e-24,4.728730219046914e-22,5.460510335023884e-23,9.999709339795887e-31,5.401288772795821e-21,1.6996370755340852e-17,7.371051059276058e-23,1.296560201049064e-18,9.992716462530402e-31,2.2008569435680604e-26,1.4382269715778224e-20,1.8046319268162176e-25,2.761580551501752e-19,3.6964469243071014e-21,9.970847170106611e-31,1.4217635916595533e-22,1.4037543585367682e-19,0.00033399999981083923,1.482940611213851e-15,4.228850667030878e-18,1.6022897274828962e-20,9.784209525449315e-31,1.2270280276396346e-30,4.6714264707900484e-26,1.0797017793606753e-30,1.4659788563638035e-27,9.37828297182407e-31,1.8645161848324796e-13,2.376576525562116e-16,4.942834005811267e-12,3.5099950499193026e-06,1.0292495943736324e-28,5.04483870747969e-26,1.0636901138928004e-11,1.7799893561173637e-06,1.147088955329616e-28,3.8830611504840637e-20,1.0232716213440239e-30,5.887398486851912e-30,9.996765664969474e-31,9.531364083199142e-31,1.266028065715892e-17,5.933536095014854e-15,2.0593901368315833e-25,1.0342456576740403e-15,1.0470334150970389e-30,2.395436377565702e-23,1.0258040003536128e-30,7.788653921465111e-31,1.1286562485882039e-30,1.041206009148456e-21,9.043846049690985e-19,1.1238748136980154e-19,2.8941369710451835e-29,4.1811148450893875e-24,1.5093305104713388e-27,1.3554864897186856e-21,4.721592196200014e-19,1.0695089965286655e-30,7.82932244215607e-31
116611.94451734517,0.0036977405034673127,10000.0,250.0,1.0,1.0,21.2875,7.132104645717829e-10,0.0001769993739977096,5.11590375149407e-21,6.5238994576154726e-18,2.04326347702614e-22,8.441127379644332e-19,8.026764681926529e-26,5.684905048597147e-20,9.882864625892808e-31,1.000007081853031e-30,9.998072689227485e-31,1.1027160815909496e-27,8.36808034548516e-24,6.496203471925592e-31,1.0418838869968603e-25,6.243993032960169e-27,9.99999992792618e-31,9.65667603015496e-31,1.0337110411025711e-30,9.99998770263795e-31,9.999916816424906e-31,9.32819596870261e-31,2.5654962417534454e-13,1.1927871361855031e-12,1.366036186404216e-14,9.091215447471162e-12,1.0000511672106561e-30,9.998591707428578e-31,2.7407973407636015e-17,2.2355980279938695e-12,1.0342886967142567e-30,1.0000430633674778e-30,1.166057111005002e-30,3.485663220052353e-30,1.005123995226548e-30,8.151755657244132e-31,1.0288276992302871e-22,2.6884741594632055e-21,1.2060700779294533e-19,2.2863730566784703e-10,2.532733314822074e-08,4.687772774145461e-18,1.5127564201966167e-17,7.601354535345568e-17,1.9713770534436732e-16,7.638398199035472e-25,2.0071199502543394e-22,2.346833678302562e-19,0.00018232356000626412,0.5000000067488607,4.0544069921416977e-13,0.2499999917249926,2.2144943615698949e-13,1.429371839015916e-09,3.901428574774985e-23,4.915532582681731e-22,1.1881412954589776e-17,5.197437384656528e-26,5.414741112703561e-29,8.450091578900128e-24,3.405165656187535e-29,9.325145818102054e-31,7.386499626032073e-20,5.5067671355562396e-17,1.6935789163683396e-19,9.680337601849134e-15,9.999999977076296e-31,9.487227744542527e-31,1.0000015606221357e-30,7.789590359049451e-14,4.09644651680121e-18,7.741155791628102e-21,9.996043963683142e-31,4.444947948724196e-12,6.910212759146705e-09,6.09175162906931e-19,7.242031707352612e-17,6.686630909278389e-18,1.8946000355977712e-19,1.5668794677518212e-15,1.311916478342471e-28,1.0000000048719272e-30,1.2274107257821096e-25,2.2523758462836303e-20,0.10000000149003879,7.579723899127752e-14,1.4153378115454073e-15,4.9616620809688335e-20,1.0000058248089185e-30,1.8834161575460504e-27,1.441159393481484e-22,3.674845104818475e-30,2.0932371914230993e-17,9.122152522491787e-31,1.7330873058200975e-16,5.612997712832737e-16,1.0338579976969693e-30,4.7732411444845225e-26,4.2523886173797126e-29,2.2554716870622257e-06,5.2831293777138e-10,6.179999999968786e-05,1.757173948295913e-16,1.2952043424243446e-23,1.195719097053978e-21,2.0119371029290727e-22,9.99957975091734e-31,2.188876555724408e-20,3.246121914477367e-17,4.402843097242499e-22,3.6237356102697e-18,9.98946910880614e-31,1.4278953684937005e-25,5.875344890992482e-20,1.065469592940466e-24,5.774722965809224e-19,1.02661540401475e-20,9.958816195365501e-31,4.2332996404384263e-22,2.897954497368408e-19,0.00033399999972603755,1.947923383040963e-15,6.711355786366844e-18,4.4704032904719494e-20,9.689467680714265e-31,1.9264508670098757e-30,2.7770105805543925e-25,1.472695908530732e-30,8.871557537789403e-27,9.129168142861142e-31,2.696169616313312e-13,4.477539001523424e-16,7.1477290158988404e-12,3.509992841854325e-06,4.397194047387528e-28,1.4987447367766022e-25,1.5380365448236114e-11,1.7799846107487223e-06,4.334249093470696e-28,1.200089757425576e-19,1.0332907176291226e-30,6.239737384050696e-29,9.995323219204614e-31,9.329505855276645e-31,2.6163238419522688e-17,7.388452100501264e-15,5.732101710091669e-25,1.4693602239232564e-15,1.0673188533892181e-30,4.4923314982569785e-23,1.0382144437317417e-30,6.966995262324234e-31,1.173473524058437e-30,3.1479675661272187e-21,1.493649095438145e-18,2.3785927143787655e-19,1.198292056185346e-28,1.1593640341565747e-23,4.477696114084172e-27,4.0360095433246966e-21,9.776694677131647e-19,1.2109641064052331e-30,7.019662510659429e-31
168630.68679241865,0.005347244000266954,10000.0,250.0,1.0,1.0,21.2875,9.870132460462145e-10,0.00017699909493221243,3.110823902210564e-20,1.9571256335362348e-17,1.749766872163817e-21,3.4529423305208134e-18,6.976011801624926e-25,3.3478729918080875e-19,9.83105589501093e-31,1.00001579979968e-30,9.997213065755549e-31,1.3647370790670425e-26,4.951408875968728e-23,5.359111267354301e-31,8.885461441051053e-25,7.672348151942646e-26,9.999999895767666e-31,9.507351150186757e-31,1.0480079762546464e-30,9.999982217214742e-31,9.999879709800199e-31,9.043325154696378e-31,5.561245217453384e-13,1.4656841890951266e-12,3.7808010225117865e-14,1.1733523208726472e-11,1.0001748138343696e-30,9.994443976244024e-31,7.725127237808779e-17,4.257422266816694e-12,1.0492012209358029e-30,1.0000622703699651e-30,1.7502450016962114e-30,2.1919684104415153e-29,1.0070559311265251e-30,7.445668690583876e-31,4.192759854018148e-22,1.0849686617945412e-20,3.3395102187294494e-19,4.727202436320744e-10,2.223876383377226e-08,1.1702206810975127e-17,2.222029265568194e-17,1.8840571885699285e-16,2.8117267983206537e-16,4.494786624016744e-24,1.2016073953156138e-21,7.167542195720816e-19,0.00018232325986876788,0.5000000098826685,6.060692495878518e-13,0.24999998811747565,2.6809223709135107e-13,2.653513312072488e-09,1.6033912843635997e-22,2.0262189129402297e-21,3.3008227106226827e-17,2.0847394301368597e-25,3.1882722413397936e-28,3.4474211184035963e-23,1.946016403978612e-28,9.039014798947859e-31,2.0545481340885892e-19,1.4276710086457403e-16,3.447959779240996e-19,1.3448571926613947e-14,9.999999966843866e-31,9.720216497223437e-31,1.0000022889090279e-30,1.4414805020985387e-13,1.5689890143351046e-17,1.5527518397389192e-20,9.994279747992044e-31,1.2307060465464862e-11,8.522695550057642e-09,1.7442530667038027e-18,1.3382478254678916e-16,1.8293530167904227e-17,7.622900296558984e-19,3.118612133314922e-15,5.3509130877795235e-28,1.0000000450966305e-30,7.272233324794378e-25,9.22894419706049e-20,0.10000000149000417,1.0960884794242251e-13,2.2802230582952432e-15,2.0065994300432305e-19,1.0000494334826064e-30,1.605838823418384e-26,5.5726116347567775e-22,1.6624566676872322e-29,4.393040115057849e-17,8.754958443377135e-31,3.5188865185595476e-16,1.1238270653025545e-15,1.0487547142756306e-30,1.4035096797618767e-25,2.31331107287566e-28,2.255236055657933e-06,7.639443420653057e-10,6.179999999949725e-05,2.4308451770278106e-16,5.102200180664873e-23,2.9235637345462634e-21,7.248381060981333e-22,9.999393274594784e-31,8.72456406706137e-20,5.988769607510292e-17,2.5692092221375994e-21,9.814717301766228e-18,9.984775034589413e-31,9.282531174025589e-25,2.334591449194596e-19,6.1129021854658845e-24,1.2075353418757225e-18,2.7534515891381305e-20,9.952239409685001e-31,1.2520346431015957e-21,5.948117094505941e-19,0.00033399999960299497,2.4695180935131016e-15,1.0951584726744492e-17,1.206984946009224e-19,9.554143934989886e-31,4.07015926311254e-30,1.6202862616313392e-24,4.7655393418191616e-30,5.27735678447217e-26,8.893500953891812e-31,3.898730735981584e-13,8.088640832959967e-16,1.0336163882092752e-11,3.509989648908029e-06,1.8767232847164012e-27,4.418372301533098e-25,2.2238165626174166e-11,1.7799777509484519e-06,1.7007664637976508e-27,3.7235820757343624e-19,1.0473979800802377e-30,7.618202081591068e-28,9.993237692005217e-31,9.04519021043724e-31,5.37899849524443e-17,8.757281299286334e-15,1.5476878867858368e-24,2.0715041349929206e-15,1.0959763064185013e-30,8.104021667725269e-23,1.0569446277735566e-30,5.929671464744915e-31,1.2286004314281528e-30,9.541305226863604e-21,2.4615183919023468e-18,5.025604237646241e-19,5.048409092757968e-28,3.1128758819313783e-23,1.3178715443909095e-26,1.1937059768719659e-20,2.0155207054815354e-18,1.779661418404498e-30,5.994602313440691e-31
243854.16644735882,0.007732564892420054,10000.0,250.0,1.0,1.0,21.2875,1.3831382363460238e-09,0.00017699869150560515,1.8614916389010306e-19,5.801800580110539e-17,1.4721918378284343e-20,1.3721444444194712e-17,6.0036802493410236e-24,1.927456606376865e-18,9.756616084492693e-31,1.0000925212347065e-30,9.995970108076222e-31,1.6640296718647447e-25,2.8489374534285614e-22,4.057566138013623e-31,7.428391105749579e-24,9.305433220742123e-25,9.999999849251477e-31,9.29548976782341e-31,1.0679124960743006e-30,9.999974285088621e-31,9.999826050771769e-31,8.64676894076908e-31,1.207310201749684e-12,1.7106108982811553e-12,1.0086090648548802e-13,1.4518586892938654e-11,1.0015380896458083e-30,9.985193770273547e-31,2.116774430940563e-16,7.810947283394495e-12,1.0703579901468243e-30,1.0000900421641015e-30,7.776494943689744e-30,1.59440534615949e-28,1.0095211246381655e-30,6.563145166894036e-31,1.659338571161751e-21,4.232481317072252e-20,8.914765049242015e-19,9.659309107383105e-10,1.8426273650690727e-08,2.932670314368981e-17,3.109704723967293e-17,4.727012157444173e-16,3.856076484792444e-16,2.5800922349840033e-23,7.035077363109536e-21,2.179145516299302e-18,0.00018232267598003492,0.5000000143569179,9.068019367106564e-13,0.2499999831990596,3.0780563982756253e-13,4.678652907218571e-09,6.423559267935351e-22,8.153733309305312e-21,8.853802699910736e-17,8.060865848900891e-25,1.8601552910240347e-27,1.3664705961954108e-22,1.1029541773903846e-27,8.640879772580563e-31,6.977846705434249e-19,3.476130041203392e-16,6.940870600294871e-19,1.8371270764056118e-14,9.999999952039352e-31,1.145457784070534e-30,1.0000033756708459e-30,2.5635405155162137e-13,5.689304782479645e-17,3.0587884197676625e-20,9.991729106032608e-31,3.282345184368352e-11,9.79631907950864e-09,4.8848534740390526e-18,2.348574772747295e-16,4.798352716595977e-17,2.974490182077704e-18,6.089736360299766e-15,2.1323849698670854e-27,1.0000003876996701e-30,4.191958628367422e-24,3.6813476731164195e-19,0.10000000148995422,1.5850291005126876e-13,3.3423923259242107e-15,7.853745726008681e-19,1.0004060155071074e-30,1.3322331180796488e-25,2.0499085918720533e-21,8.758997357012723e-29,9.000783237727159e-17,8.249203586856813e-31,7.055698086059996e-16,2.2080451932085096e-15,1.0722108955629959e-30,4.077210162934624e-25,1.2106430932736773e-27,2.254895357138447e-06,1.104642861551555e-09,6.179999999918495e-05,3.301094539644913e-16,2.067040570297581e-22,6.768079256233389e-21,2.505165797218396e-21,9.999136720790851e-31,3.389301058831724e-19,1.056308104269178e-16,1.4522667923399088e-20,2.5487101600488873e-17,9.977990922128469e-31,6.0152326539820995e-24,8.934081606114056e-19,3.370920247214392e-23,2.525014583112041e-18,7.042862621374378e-20,1.0072974105001656e-30,3.66802449242275e-21,1.2106451154687567e-18,0.00033399999942427855,2.996738649472094e-15,1.8443026899641982e-17,3.1175033042042327e-19,9.36218729139546e-31,1.03968727611972e-29,9.185488756821926e-24,3.2330129782824775e-29,3.0611354084885634e-25,9.442127474020825e-31,5.63758378115636e-13,1.3815278453136738e-15,1.4946845084091567e-11,3.5099850318613625e-06,7.943187745963703e-27,1.2883774810795298e-24,3.215164757081663e-11,1.779967835523456e-06,6.876013181268555e-27,1.1571838862886707e-18,1.0670388624995115e-30,9.274430851600775e-27,9.990222619336055e-31,8.649406525442576e-31,1.0978245129740747e-16,9.824300192328378e-15,4.0225796909396e-24,2.888640770852303e-15,1.1361952324790827e-30,1.3942719635353194e-22,1.0853933725175212e-30,4.696596667447074e-31,1.2938022343090792e-30,2.889114925500759e-20,4.006886026025156e-18,1.0555505553307745e-18,2.122071749649949e-27,8.024275875886868e-23,3.8336942822135227e-26,3.497234326821118e-20,4.128850670857871e-18,4.14570209321247e-30,4.7711482460271195e-31
352633.64945513353,0.011181939670698044,10000.0,250.0,1.0,1.0,21.2875,1.9562276181065535e-09,0.00017699810830156885,1.0873389634468475e-18,1.6825928990730924e-16,1.2029356046804774e-19,5.226772543616941e-17,5.072217495931297e-23,1.070746066154531e-17,9.649965613905481e-31,1.000972698571995e-30,9.99417295892557e-31,1.9748425931822886e-24,1.5765239946913543e-21,2.7143928893435027e-31,6.011806326545003e-23,1.1002249996460383e-23,9.999999781951414e-31,8.997443990153428e-31,1.095160336873834e-30,9.99996281514665e-31,9.999748455873447e-31,8.104022783167012e-31,2.6070881323506744e-12,1.889140528642365e-12,2.5584610054028943e-13,1.7061497852598314e-11,1.018048940763915e-30,9.966666387475154e-31,5.586198230224705e-16,1.3641856473183766e-11,1.1001190920122333e-30,1.0001301959319621e-30,6.935504959851045e-29,1.1022385719582924e-27,1.012561856248964e-30,5.781584487419786e-31,6.308813415211378e-21,1.5751760288361807e-19,2.2637497911184592e-18,1.932288562864819e-09,1.403884258647121e-08,7.332129571368066e-17,4.050584903773866e-17,1.1942003647319937e-15,5.021319909377172e-16,1.4286078743742245e-22,3.992123708409733e-20,6.546317878983395e-18,0.00018232155701867133,0.5000000204699111,1.3534306455226287e-12,0.24999997692322676,3.347601193169184e-13,7.670466926337848e-09,2.485749555601689e-21,3.1764614047715944e-20,2.2637499122395897e-16,2.9615197716145792e-24,1.0543997087945293e-26,5.206492655346076e-22,6.0309426998717815e-27,8.097057945168765e-31,2.766875424073769e-18,7.777531326943001e-16,1.3755312942433656e-18,2.451839936970483e-14,9.999999930614567e-31,1.9435099590051784e-30,1.0000050152216705e-30,4.357005163940687e-13,1.9145446101306279e-16,5.873382685741465e-20,9.988042129080632e-31,8.309801683348931e-11,1.0175303907492585e-08,1.3280933941099077e-17,3.8432478441713684e-16,1.1878434954197674e-16,1.1109776555058454e-17,1.1601988261072696e-14,8.201870931917221e-27,1.0000032128300323e-30,2.326028370314092e-23,1.414506132649976e-18,0.10000000148988245,2.2920706481593356e-13,4.3783058601101075e-15,2.9387755016524322e-18,1.0031923037041825e-30,1.0648100253578905e-24,7.05060147794203e-21,4.55456003929158e-28,1.7770063742312974e-16,7.567865685531918e-31,1.3901722941077672e-15,4.223898852854036e-15,1.1202884483008416e-30,1.16437053386022e-24,5.9036691161102614e-27,2.25440277107002e-06,1.5972289299793983e-09,6.17999999986787e-05,4.370374160576766e-16,8.450893869075447e-22,1.4490626827848284e-20,8.12782787220381e-21,9.99894488692985e-31,1.2704356397592481e-18,1.7610651621204978e-16,7.867100403968663e-20,6.26382697024963e-17,9.968188703329894e-31,3.84880603237787e-23,3.251782270514776e-18,1.7611821509365984e-22,5.279903921907449e-18,1.69200758668832e-19,1.1763244061663989e-30,1.0604181200675928e-20,2.434152860002279e-18,0.00033399999916438125,3.4625446758951863e-15,3.2119081415195045e-17,7.597907799067529e-19,9.093966926449927e-31,2.8717288917678646e-29,4.9934416905588916e-23,2.5613385727438965e-28,1.713425635126721e-24,1.6548572751932316e-30,8.151851154725935e-13,2.1963222587660174e-15,2.1614133303482587e-11,3.5099783557138516e-06,3.3171056470568666e-26,3.699382630547799e-24,4.648006594723337e-11,1.779953505272996e-06,2.901070652926993e-26,3.58337240007813e-18,1.0941429057293813e-30,1.0999897701532118e-25,9.985864191019144e-31,8.107717072500762e-31,2.2176256828364664e-16,1.0460418306995714e-14,9.994208221658237e-24,3.966624396608139e-15,1.1924077915654298e-30,2.273081586960394e-22,1.1288388318572205e-30,3.352518517152341e-31,1.3699504133804807e-30,8.697309890305176e-20,6.3917490119549424e-18,2.1902672694384618e-18,8.82425973485293e-27,1.9697023321737005e-22,1.0967155055931582e-25,1.0110822835346375e-19,8.38126354005306e-18,1.4019839363767533e-29,3.429746262793858e-31
509937.93766033405,0.016170025927839105,10000.0,250.0,1.0,1.0,21.2875,2.785291287908115e-09,0.0001769972652091917,6.131779485336996e-18,4.702059837192611e-16,9.402601959993103e-19,1.873867293238841e-16,4.161372564421396e-22,5.640161349115735e-17,9.497798568432893e-31,1.0108955481794353e-30,9.991574699322768e-31,2.2477590556816683e-23,8.271644220565139e-21,1.521447691874986e-31,4.632072718389166e-22,1.2487969429857567e-22,9.999999684535145e-31,8.583273309381001e-31,1.1315754510818432e-30,9.999946232653131e-31,9.999636248318034e-31,7.379166445180178e-31,5.54001435885228e-12,1.9860060783014165e-12,6.067634312510308e-13,1.894729344737209e-11,1.210949957219338e-30,9.9418167751498e-31,1.404836915900931e-15,2.2389429552266603e-11,1.1414716715773446e-30,1.0001882478924704e-30,6.466796165732929e-28,6.90169248645987e-27,1.0171318208821496e-30,7.874754962453235e-31,2.2734163959112003e-20,5.498004932343824e-19,5.378247685591447e-18,3.729416639503764e-09,9.474139705077715e-09,1.8235043116331468e-16,4.828119655078283e-17,3.023981319734329e-15,6.208200390283424e-16,7.523216286710952e-22,2.1702239984885085e-19,1.91963060902192e-17,0.00018231949753314463,0.5000000281732508,2.009296341423673e-12,0.24999996982461845,3.480693521284701e-13,1.1361122332535276e-08,9.188224316724316e-21,1.1861329370527332e-19,5.430690479460378e-16,1.0144880427519932e-23,5.734788130586845e-26,1.8816490961785794e-21,3.124139669711603e-26,7.377288872116211e-31,1.1538465766675823e-17,1.5594965098522582e-15,2.6687018166648122e-18,3.171123342591572e-14,9.999999899598064e-31,5.149390650923972e-30,1.0000075238469945e-30,7.066923507612337e-13,5.834516964467328e-16,1.0880985825012682e-19,9.98272524929128e-31,1.9593039180427473e-10,9.139390931078917e-09,3.475916134023604e-17,5.744259746644839e-16,2.7223024749775913e-16,3.906448369395542e-17,2.1441018845707832e-14,3.008522658598814e-26,1.0000256108862065e-30,1.2253570909252425e-22,5.163652837718464e-18,0.10000000148977943,3.314496042168119e-13,5.10749045397314e-15,1.0354972052282495e-17,1.0236770732707456e-30,8.10311829095465e-24,2.221490925262779e-20,2.231129059426883e-27,3.347650080090124e-16,6.679168318580143e-31,2.6739549596343865e-15,7.78331087751311e-15,1.2754397556778962e-30,3.2468430287545652e-24,2.615613923998037e-26,2.2536906438825043e-06,2.3093561174947033e-09,6.179999999786838e-05,5.592758978995213e-16,3.404619556189745e-21,2.80057224387728e-20,2.4179339381283053e-20,1.0000969674794765e-30,4.545169140021274e-18,2.742733286773421e-16,4.0309018848420887e-19,1.4347911766338897e-16,9.954030955435667e-31,2.395197872783862e-22,1.1086019321443531e-17,8.558731191014372e-22,1.104064084809349e-17,3.7543309692776815e-19,3.1038299992065316e-30,3.009930921785124e-20,4.808090022162087e-18,0.00033399999878592145,3.819109501537959e-15,5.783900044707086e-17,1.721793880414596e-18,8.73571921707902e-31,8.164077644656006e-29,2.558976654270194e-22,1.9906091574347915e-27,9.127603323543364e-24,6.854206559020449e-30,1.1787338155434904e-12,3.2050963239148585e-15,3.1255256641230856e-11,3.5099687025255747e-06,1.3589649574035806e-25,1.0396812383242808e-23,6.718481393501932e-11,1.779932798667262e-06,1.3693964864470665e-25,1.0957580158707181e-17,1.1345421355851354e-30,1.2512011856828996e-24,9.979564924053941e-31,7.384270709337015e-31,4.415870640815055e-16,1.0719700776197122e-14,2.3627063933645736e-23,5.331880911790015e-15,1.2714004138654687e-30,3.503763681614839e-22,1.1956723526008093e-30,2.058957349652101e-31,1.4653528600198845e-30,2.586556670650095e-19,9.96241222712602e-18,4.455478527152483e-18,3.6054480440774667e-26,4.575661933742565e-22,3.063983308088188e-25,2.870058504248764e-19,1.6792687507526236e-17,5.476316895402696e-29,2.1278969277481415e-31
737413.1784277145,0.023383218494029506,10000.0,250.0,1.0,1.0,21.2875,3.984606825306184e-09,0.00017699604645922252,3.289651739724721e-17,1.2405216906624027e-15,6.892706902967552e-18,6.172861666055155e-16,3.269994781790413e-21,2.752915608423254e-16,9.281985993646617e-31,1.1137457409259762e-30,9.987818588099297e-31,2.406479370014436e-22,4.0435415070538475e-20,6.729127747863823e-32,3.3231917321951356e-21,1.3339450639465027e-21,9.999999543393498e-31,8.01795047566317e-31,1.1788310920653738e-30,9.999922434861957e-31,9.999473989255113e-31,6.444722394689515e-31,1.1418556372849418e-11,2.020884280649725e-12,1.319348272400949e-12,1.9984271977106118e-11,3.305486242461627e-30,1.0049378623530285e-30,3.3315825267190292e-15,3.4132604948124086e-11,1.1979175464826833e-30,1.0002721671324508e-30,5.4570342575181206e-27,3.801871828609308e-26,1.0380953729857423e-30,3.605574587695641e-30,7.64402243200929e-20,1.7620716310403737e-18,1.1730225796715617e-17,6.804748900673687e-09,5.364890728008093e-09,4.514055974315766e-16,5.276410157832509e-17,7.637366540282307e-15,7.441297666186905e-16,3.703413394585723e-21,1.113747540877023e-18,5.398292832087692e-17,0.00018231597890075858,0.5000000365817778,2.963677391953216e-12,0.24999996343991948,3.522944586033819e-13,1.4640711199165895e-08,3.203388107329293e-20,4.2005256457167824e-19,1.200403192658379e-15,3.164414999866552e-23,2.9550985736319233e-25,6.350569436479609e-21,1.5032938836084676e-25,6.487267303007688e-31,4.6176469548419065e-17,2.7371766435749554e-15,5.0346423065576876e-18,3.9375848127818023e-14,9.999999854672912e-31,1.6993889594410372e-29,1.0000114351990907e-30,1.0981185449015375e-12,1.566924718728356e-15,1.9186751441850223e-19,9.97548257548077e-31,4.203558763236752e-10,6.669293295828584e-09,8.683798202306677e-17,7.701182657655459e-16,5.655628896550404e-16,1.2670852880965636e-16,3.821903619674402e-14,1.0388072758015373e-25,1.0001946428460661e-30,6.024384086655894e-22,1.7599849301360782e-17,0.1000000014896313,4.792975348519362e-13,5.432384116838332e-15,3.377292182707091e-17,1.162798471871646e-30,5.789268847980677e-23,6.274843928707717e-20,1.005337294377803e-26,6.015404344250255e-16,5.57325182771448e-31,4.980115265367894e-15,1.3621048618501572e-14,1.970941346219422e-30,8.76197772570817e-24,1.0271154156096105e-25,2.252661253010101e-06,3.3387469898990715e-09,6.179999999657368e-05,6.852452454439902e-16,1.3187294141360152e-20,4.780673360148346e-20,6.44129664775429e-20,1.003122563513522e-30,1.5342178972788398e-17,3.9441979084504816e-16,1.9231402430264297e-18,3.0091853056931543e-16,9.933593335442335e-31,1.4190721435986503e-21,3.4751859254036046e-17,3.779675256863483e-21,2.3087876350435955e-17,7.575542420079503e-19,2.347365535916025e-29,8.334230664911945e-20,9.25651012806088e-18,0.00033399999823402953,4.078896582123327e-15,1.0745659591249642e-16,3.581933377070532e-18,8.338525957059928e-31,2.365861922766815e-28,1.2096004922697126e-21,1.4611492353796698e-26,4.5450119536423474e-23,3.9122299817923967e-29,1.70443581807806e-12,4.270248770337587e-15,4.519633133848437e-11,3.509954745570544e-06,5.422034286148192e-25,2.837459984034189e-23,9.709345034986883e-11,1.7799028878862634e-06,8.505223302275762e-25,3.2648085680710846e-17,1.2572250032115437e-30,1.338426389396429e-23,9.970462732287507e-31,6.451640751013517e-31,8.622564237070995e-16,1.078148266669432e-14,5.308147264453628e-23,6.962220664367558e-15,1.3855809560000833e-30,5.1164457829976145e-22,1.3003225918297069e-30,1.017367320817308e-31,1.609660507459322e-30,7.543674247187387e-19,1.5212090294473038e-17,8.81116596185492e-18,1.4364935320827432e-25,1.0027928767804388e-21,8.28144371774052e-25,7.947611763112953e-19,3.3029321730560415e-17,2.1946623625032273e-28,1.0669949621253797e-31
1066361.5227645051,0.0338141020663529,10000.0,250.0,1.0,1.0,21.2875,5.719663590075406e-09,0.00017699428484773422,1.6484766979383052e-16,3.015559082248276e-15,4.622038203816047e-17,1.8149631853874743e-15,2.4198007096274595e-20,1.2094424458712593e-15,8.978546370979403e-31,2.058497813273104e-30,9.9823894286317e-31,2.363359153540523e-21,1.8052472013236257e-19,2.5386396812023533e-32,2.156876515509182e-20,1.3072368435880542e-20,9.999999338517674e-31,7.267858452472894e-31,1.2419155451861948e-30,9.999897937876894e-31,9.999239354243859e-31,5.300000401245116e-31,2.2440651970493318e-11,2.028621841434138e-12,2.5766490635614486e-12,2.0357138935117757e-11,2.386477253317909e-29,1.1945451801772143e-30,7.388516093428913e-15,4.797286291927278e-11,1.2730184047447616e-30,1.000393461269123e-30,4.01675239150358e-26,1.79609121133512e-25,1.2435209996385796e-30,2.4667305154617255e-29,2.3588546518615215e-19,5.0580012756926074e-18,2.303088156663339e-17,1.1451456535002686e-08,2.3572659018742143e-09,1.1127506013264076e-15,5.433008973739158e-17,1.9086477461884845e-14,8.944249230583344e-16,1.6701993221903883e-20,5.300251271165005e-18,1.4224761520652315e-16,0.00018231063174410587,0.5000000434988945,4.34594650591555e-12,0.2499999602567708,3.530260123136038e-13,1.566928503118733e-08,1.0398070556176887e-19,1.3970313519685461e-18,2.3985280948970965e-15,8.739398971057297e-23,1.4234044482059167e-24,1.9684657986754427e-20,6.569271488530707e-25,5.611072442732133e-31,1.672578146221916e-16,4.160338391267793e-15,9.168619563624527e-18,4.6516460149888665e-14,9.999999789554979e-31,5.716515893332146e-29,1.00001770613711e-30,1.6466149747262327e-12,3.617425036830638e-15,3.1659383564183444e-19,9.97824341490546e-31,7.999918673833558e-10,3.6220006645523415e-09,2.055982252278135e-16,9.209070947682176e-16,1.0452894717261777e-15,3.7020528973892226e-16,6.530313955419689e-14,3.3296017899495505e-25,1.0013968193929406e-30,2.7090590496110026e-21,5.48298512209902e-17,0.10000000148941743,6.930910025877456e-13,5.509122880415445e-15,1.0025477089286929e-16,2.018394753286418e-30,3.820011630335978e-22,1.5596148113197306e-19,4.071833797777788e-26,1.0428241760997237e-15,4.2877120853431785e-31,8.896025464043245e-15,2.224139333441778e-14,5.3644798655904034e-30,2.2627941160774566e-23,3.506137101734476e-25,2.2511735136713893e-06,4.8264863286106115e-09,6.179999999445712e-05,7.971054055534409e-16,4.8102829994086416e-20,7.101000349271938e-20,1.5036220740579195e-19,1.0369718433192147e-30,4.8260777610701667e-17,5.181803871383483e-16,8.387598037311037e-18,5.660926015472638e-16,9.904113257708127e-31,7.783727733646806e-21,9.794562409826105e-17,1.4732420150963725e-20,4.8285288554562936e-17,1.3775262685261151e-18,2.228866224100016e-28,2.233733878765374e-19,1.7176542169618554e-17,0.00033399999742807934,4.314729774601854e-15,2.0518147535748967e-16,6.79668049975994e-18,8.32687721410052e-31,6.993724389262385e-28,5.133436110880036e-21,9.920662221406556e-26,2.0674723253555105e-22,2.139057987525628e-28,2.4647235188639448e-12,5.258210549810752e-15,6.535436188014626e-11,3.509934567689494e-06,2.087384326560413e-24,7.446470871031711e-23,1.4027651504954976e-10,1.7798597021703062e-06,7.651122414778078e-24,9.312896976109337e-17,2.5209348374778396e-30,1.312865657068226e-22,9.957314984706414e-31,5.309101640109956e-31,1.6403652645259641e-15,1.0788236009209215e-14,1.1347254058139458e-22,8.751086467745086e-15,1.562005020472373e-30,7.098392563405215e-22,1.471323142493895e-30,3.67056446472992e-32,1.8732325156497065e-30,2.1409025109861652e-18,2.2887453000793918e-17,1.6798576162462466e-17,5.530751169683196e-25,2.0721333106327276e-21,2.1388998210184e-24,2.13038340733105e-18,6.331611867970875e-17,8.66342103516792e-28,3.9323163161451683e-32
1542048.5156736346,0.048898037660883895,10000.0,250.0,1.0,1.0,21.2875,8.230543603428441e-09,0.00017699173904086107,7.554784891990379e-16,6.587262108161813e-15,2.753518558094125e-16,4.618779163431468e-15,1.6540644164449068e-19,4.6239554743923755e-15,8.55720589202221e-31,9.494103198770538e-30,9.974543643105732e-31,2.064497223509659e-20,7.207816096940888e-19,1.95674380045672e-32,1.22239101007887e-19,1.1391797175050137e-19,9.999999040027368e-31,6.3408869367341545e-31,1.3931562043218836e-30,1.0000329022901222e-30,9.998900063907422e-31,3.997938249590726e-31,4.127210161201751e-11,2.0309277472187236e-12,4.433113263543512e-12,2.0431694586781625e-11,2.016276001333749e-28,3.0086504963334486e-30,1.5252272807097182e-14,6.203102160042836e-11,1.3694904142578128e-30,1.0005687371412396e-30,2.5233043668498685e-25,7.1230785907885095e-25,3.0973084083483226e-30,1.426967715575445e-28,6.5790722641304305e-19,1.2650055851396712e-17,3.9988266793636074e-17,1.7349377101715263e-08,7.176889905363438e-10,2.715259954628156e-15,5.464093169384749e-17,4.6606114735184173e-14,1.1036768563769356e-15,6.749625461328659e-20,2.2905540093792438e-17,3.416410078997218e-16,0.00018230374277619212,0.5000000454140776,6.345163107019041e-12,0.24999996261955448,3.5308219273952583e-13,1.3216524162964637e-08,3.104551319687749e-19,4.332785371576035e-18,4.252990672472965e-15,2.0721995204518814e-22,6.324729665593541e-24,5.514858813908233e-20,2.543849442378172e-24,5.8412052788170875e-31,5.31344588023462e-16,5.581318457401166e-15,1.6015081711295835e-17,5.2005240146932124e-14,9.999999695070156e-31,1.7957367478306287e-28,1.0000282399199705e-30,2.3981159031121014e-12,7.087816017999456e-15,4.79477350011892e-19,1.030200547704863e-30,1.3206567283788354e-09,1.2957530164048402e-09,4.587580689974588e-16,9.997624709338007e-16,1.7003573267171693e-15,9.48686391030102e-16,1.059950587254408e-13,9.755823523589164e-25,1.00939045320124e-30,1.0897028693431845e-20,1.5219872280038334e-16,0.10000000148910829,1.0022395335818536e-12,5.516768907700639e-15,2.67355787134109e-16,6.691873488037523e-30,2.2844264391110006e-21,3.3757455434332383e-19,1.4437282130778613e-25,1.7741577497066994e-15,2.933206592681893e-31,1.5094033251294334e-14,3.321713901166535e-14,2.1251138674664317e-29,5.519500484666998e-23,1.0366954940467461e-24,2.2490238864371368e-06,6.976113562863815e-09,6.17999999908234e-05,8.773952400116282e-16,1.6315369977441222e-19,9.151604335168628e-20,3.0210762979940105e-19,1.3693395437026594e-30,1.3958761341969714e-16,6.185599165199551e-16,3.2732181435358486e-17,9.341223672290246e-16,9.8616377654972e-31,3.8205337490101e-20,2.415715022249327e-16,4.8889633980006627e-20,1.0099480490916728e-16,2.264961076575922e-18,2.0021555910556105e-27,5.745974509673549e-19,3.026379190875256e-17,0.00033399999624970374,4.610925340869722e-15,4.0080019296162206e-16,1.1808998910055574e-17,1.0901862181096256e-30,2.097824077029679e-27,1.8934737322802326e-20,6.1050894170809775e-25,8.3480846511292055e-22,1.0303592019548004e-27,3.564492476499812e-12,6.183852782618334e-15,9.449987704104466e-11,3.5099053991196555e-06,7.668901407500448e-24,1.8579137667706013e-22,2.0258203756784664e-10,1.779797393347108e-06,8.428708391978399e-23,2.48974900785529e-16,2.0259811934325974e-29,1.1447729242297233e-21,9.93833311540515e-31,4.008507367173121e-31,3.0184528248262154e-15,1.0788155924931199e-14,2.3112189289723187e-22,1.0489113555924785e-14,1.8643916085587373e-30,9.354641907830101e-22,1.772420909428932e-30,8.404089537249062e-33,2.3725312507001158e-30,5.8673487532270174e-18,3.4125179460853573e-17,3.0630696363109036e-17,2.0367509518415592e-24,4.037636349928359e-21,5.198856393190714e-24,5.4811702709258814e-18,1.1724975916343949e-16,3.3136832421892144e-27,9.285407875958537e-33
2229931.9451498934,0.07071067811865467,10000.0,250.0,1.0,1.0,21.2875,1.1865917104510423e-08,0.00017698806098115122,3.097157342585492e-15,1.2645034983982363e-14,1.413251540318217e-15,9.908510724464988e-15,1.0237331587684945e-18,1.485337134859482e-14,7.982636724383853e-31,5.807314569449563e-29,9.963209038722603e-31,1.5489507005569234e-19,2.521492956304328e-18,3.8965029697371347e-32,5.809886762969368e-19,8.519888026587305e-19,9.999998602019969e-31,5.633997876559238e-31,2.5839262071451647e-30,1.0018905791413108e-30,9.998409484344611e-31,2.6880556483258837e-31,6.962738261329603e-11,2.0336479871722087e-12,6.61928988075194e-12,2.0439707189982524e-11,1.5241921770769246e-27,1.588582261243728e-29,2.928697830104562e-14,7.397148339008338e-11,1.4906114452847352e-30,1.0008219383620136e-30,1.3317815038781056e-24,2.332788637700175e-24,1.6220883361704583e-29,6.374826262789684e-28,1.6390134105079884e-18,2.678592876074985e-17,6.060111732462043e-17,2.330707458266364e-08,1.2855050385292658e-10,6.456696432754581e-15,5.475903629696027e-17,1.0938791025686622e-13,1.4055998292370694e-15,2.3885931717700927e-19,8.778900232815424e-17,7.254722440245522e-16,0.00018229654551387287,0.5000000380800331,9.236041971777678e-12,0.2499999713735531,3.530849718063328e-13,8.334880218763194e-09,8.435084931120805e-19,1.2492037614752794e-17,6.585337211439418e-15,4.0928175450629136e-22,2.561997026015115e-23,1.3779440043228594e-19,8.519582277617958e-24,1.3613625459544046e-30,1.469103245173471e-15,6.975867496365851e-15,2.6746926234654112e-17,5.521316059316396e-14,9.999999557770444e-31,5.0436224192439875e-28,1.0000474028190686e-30,3.402072857569104e-12,1.1913560970497316e-14,6.546744681107748e-19,1.6764034933609732e-30,1.8714388135462608e-09,2.5805588117389904e-10,9.602268435346293e-16,1.0245860095884103e-15,2.437504550093768e-15,2.0718588249851098e-15,1.6118804969595208e-13,2.5678715729051896e-24,1.0588624903616089e-30,3.8310920027747775e-20,3.653903141297889e-16,0.10000000148866135,1.4492633355253522e-12,5.5171528427455535e-15,6.365627684209434e-16,2.899965054445562e-29,1.2125167922972798e-20,6.361837458833993e-19,4.355856184453312e-25,3.001733268879094e-15,1.6934305092861919e-31,2.4133511022600606e-14,4.4576029645085413e-14,8.878685506192537e-29,1.2545112857032653e-22,2.7133768883398555e-24,2.2459190404632203e-06,1.0080959536778478e-08,6.179999998424867e-05,9.199686366895005e-16,5.13426737888438e-19,1.0407804938433692e-19,5.162362466037071e-19,4.225436123375781e-30,3.661512227700659e-16,6.768108476775044e-16,1.1163389239605246e-16,1.3278007844962153e-15,9.80053767352911e-31,1.6152030031415985e-19,5.057954336448531e-16,1.3244357754541182e-19,2.112628293460663e-16,3.432575477328937e-18,1.6181928109208255e-26,1.4072829921454996e-18,4.9690818904773105e-17,0.0003339999945260055,5.0322638363559355e-15,7.971963366295843e-16,1.90518040472795e-17,2.539515981002061e-30,6.300610396091722e-27,5.842717890347977e-20,3.335162091827557e-24,2.8874182304194388e-21,4.261579647422144e-27,5.155539637672522e-12,7.220909283866353e-15,1.366355036886405e-10,3.5098632390950534e-06,2.656804431013722e-23,4.355691277115306e-22,2.9238691248329287e-10,1.7797075843285663e-06,9.160801685101122e-22,6.084955068558364e-16,2.5596235609533206e-28,8.564785496277445e-21,9.91094817945192e-31,2.6763337517721574e-31,5.33597432182624e-15,1.0787637308777116e-14,4.483391137183184e-22,1.1907679377916717e-14,2.437747771420279e-30,1.1664724504542635e-21,2.347678875564941e-30,9.969042528610691e-34,3.2227726106780664e-30,1.5421961543478093e-17,5.0641895522569874e-17,5.308398689577166e-17,7.099620813337811e-24,7.418378816045594e-21,1.1692404953703181e-23,1.342818857217235e-17,2.0777939646703075e-16,1.2158638581296597e-26,1.1564217407672652e-33
3224669.282099559,0.1022535921518125,10000.0,250.0,1.0,1.0,21.2875,1.7131414709004266e-08,0.0001769827492646877,1.1116362291323916e-14,2.0964161026629472e-14,6.076496774257497e-15,1.7642154695349837e-14,5.629757159333645e-18,3.881974845629195e-14,7.219307845157505e-31,3.1444209049769045e-28,9.946841855773194e-31,9.626884476217957e-19,7.58054924686554e-18,8.286725474375084e-32,2.2189545663308397e-18,5.270264131727658e-18,9.999997950587077e-31,8.439612152146008e-31,1.4819998895715783e-29,1.0588169820113496e-30,9.997701981825362e-31,1.9655235547370271e-31,1.055738344416828e-10,2.0371684725018037e-12,8.539543522276693e-12,2.044192013443707e-11,9.823732736244612e-27,8.544094598590817e-29,5.245218939665061e-14,8.197273389751874e-11,1.6827692645109244e-30,1.0011875407031653e-30,5.851187518904408e-24,6.2542245767247935e-24,8.774600144836616e-29,2.1885486880245937e-27,3.626196698509644e-18,4.679043254679947e-17,7.98577106503275e-17,2.783895004517235e-08,1.0691734996366626e-11,1.462765552913909e-14,5.4945186754219505e-17,2.4250524742830394e-13,1.8422944381709094e-15,7.242073808206923e-19,2.91095066211341e-16,1.3218728099547791e-15,0.00018229057990310632,0.5000000170584316,1.3416086050061974e-11,0.24999998635759244,3.5308704411800735e-13,3.727990586554197e-09,2.066172234352088e-18,3.3522584320497345e-17,8.820235631720203e-15,6.587318542886612e-22,9.376096893171867e-23,3.045931215404755e-19,2.4187424336865072e-23,6.96606704929953e-30,3.58592074178841e-15,8.594085542880971e-15,4.280707031411797e-17,5.6484724812017675e-14,9.999999357829453e-31,1.2299220888910786e-27,1.0000865935131251e-30,4.6967811675427555e-12,1.780661245793149e-14,7.991254872661262e-19,1.1059757455287334e-29,2.2996835197855626e-09,2.2684113491422896e-11,1.877732737745977e-15,1.0288678253886419e-15,3.1149925223566053e-15,3.748105650656418e-15,2.2577454448791587e-13,5.963620493299832e-24,1.3437462415778055e-30,1.1517341472723882e-19,7.348703390038618e-16,0.1000000014880152,2.095632557545764e-12,5.5173888804075016e-15,1.355284375729429e-15,1.2124945826916695e-28,5.595701737647013e-20,1.0499315932134571e-18,1.0932479984527678e-24,5.078463860349591e-15,7.650924744961593e-32,3.621218997825583e-14,5.340616874135438e-14,3.4100121964655864e-28,2.6271543983476005e-22,6.544175161709786e-24,2.2414368896762983e-06,1.4563110323699924e-08,6.17999999720771e-05,9.346803461234884e-16,1.510857151538362e-18,1.0881877877163682e-19,7.489568054724521e-19,2.530219424409564e-29,8.6103298354442735e-16,6.980930975959555e-16,3.2556250337031676e-16,1.6251878376593559e-15,9.712852942890794e-31,5.66822922507362e-19,8.748761133302097e-16,2.8108684934757124e-19,4.41910073502407e-16,4.948312860843158e-18,1.1498419069416101e-25,3.2621747180415675e-18,7.450095740546143e-17,0.0003339999920065185,5.641119399544755e-15,1.607655585939133e-15,2.904217430140926e-17,8.450826526020988e-30,1.8646720207237342e-26,1.4448731947184205e-19,1.585713005449971e-23,8.198330798473341e-21,1.4921716358229045e-26,7.457182031882994e-12,8.562922092039106e-15,1.9754087128001937e-10,3.5098023101750016e-06,8.583935873461907e-23,9.498470484947723e-22,4.216388082574196e-10,1.7795783270484515e-06,8.725751433029133e-21,1.320915442715673e-15,3.062506284295334e-27,5.29901205761316e-20,9.871481626338955e-31,1.5035387633193461e-31,9.024014340822623e-15,1.0786877754580434e-14,8.265262816364496e-22,1.2810429073177899e-14,3.575326823953661e-30,1.3696974965803086e-21,3.490440112962532e-30,4.5690650565534053e-35,4.419901248911866e-30,3.869866638114628e-17,7.498900244766948e-17,8.729090932890254e-17,2.3224922768613068e-23,1.286617622961106e-20,2.3972817797940176e-23,3.1141231278763705e-17,3.4983088485714887e-16,4.2487689765196375e-26,7.910676760006235e-35
4663143.196604376,0.14786730075483182,10000.0,250.0,1.0,1.0,21.2875,2.475622935022434e-08,0.00017697508281454044,3.425411058002837e-14,2.9739898861040417e-14,2.1423499492284564e-14,2.6049346494591274e-14,2.7053609105480135e-17,8.04728852114395e-14,6.242719935743364e-31,1.3886447594152136e-27,9.923224604430927e-31,4.792134866623043e-18,1.925334261121197e-17,1.60925689419336e-31,6.527827988556647e-18,2.603771758510867e-17,9.999996958404821e-31,3.237290438943358e-30,1.2158975827071777e-28,2.3799817399992404e-30,9.996746271025934e-31,7.175108416391558e-31,1.4162878276182705e-10,2.0407370060119733e-12,9.685441743078749e-12,2.0443599055155084e-11,5.316949994024469e-26,3.7818680646869334e-28,8.820898441043204e-14,8.582226332665143e-11,2.4482313649108443e-30,1.0017150890528978e-30,2.144053238043612e-23,1.3850994904699784e-23,3.9400805204529427e-28,5.976142501363405e-27,7.150220316915597e-18,6.659440716415903e-17,9.275251562213041e-17,3.0271462334858066e-08,2.932590871651384e-13,3.086641775284415e-14,5.5247260603806e-17,5.004485030187242e-13,2.4732318002377065e-15,1.851817319081347e-18,8.178546522368434e-16,2.0219352142683204e-15,0.000182286453685856,0.49999997792246387,1.9459918212999468e-11,0.2500000084202747,3.530899981772339e-13,1.0963175665008373e-09,4.532208751369863e-18,8.420407986675301e-17,1.0302892533462991e-14,8.656609353514863e-22,3.089169427712811e-22,5.9670695841709425e-19,5.771100638709368e-23,4.173081931820231e-29,7.944857452232625e-15,1.0665513619252564e-14,6.61449209219689e-17,5.6776009510097004e-14,9.999999065783124e-31,2.5659538870204194e-27,1.0001773780833326e-30,6.283695372158547e-12,2.4732288237931894e-14,8.822859317483053e-19,1.125205407332215e-28,2.5312919788556262e-09,6.348606981839929e-13,3.4264443868180137e-15,1.0297968607814932e-15,3.609498743594284e-15,5.51276012836418e-15,2.873241613433592e-13,1.2075991691774177e-23,2.876129802100121e-30,2.915399223507835e-19,1.2072280818264763e-15,0.10000000148708084,3.030201315085552e-12,5.517727549351005e-15,2.601750633761342e-15,4.5433411249693925e-28,2.211320533365305e-19,1.5319831073936727e-18,2.2771011907719387e-24,8.57887787352025e-15,2.4257893488686938e-32,5.0981410522190136e-14,5.805637676228099e-14,1.1516501150832382e-27,5.042860448636111e-22,1.5032929705178963e-23,2.234971427299381e-06,2.1028572700619413e-08,6.179999995007052e-05,9.374667900744186e-16,4.209746636846543e-18,1.097724657120567e-19,9.354797484174455e-19,1.5671717434515236e-28,1.806039945437307e-15,7.022335648952248e-16,8.019885414416233e-16,1.7673059006966345e-15,9.587443813900521e-31,1.6110032010277287e-18,1.2372455946605931e-15,4.569453503553325e-19,9.241448423672327e-16,7.027767438421524e-18,7.058371694893612e-25,7.136632806039403e-18,1.0032989106921708e-16,0.00033399998833072046,6.521508987345397e-15,3.2751338314237686e-15,4.23764270358341e-17,2.816222170023476e-29,5.359299401509297e-26,2.7495110857411156e-19,6.460964142836273e-23,1.8271175465333503e-20,4.408829766253894e-26,1.078580632686445e-11,1.0343171141055788e-14,2.8555555682662096e-10,3.5097142737795914e-06,2.567218709904527e-22,1.914713790464214e-21,6.072706975076006e-10,1.7793926878824553e-06,6.863387217021475e-20,2.4685060447759618e-15,3.240811989384476e-26,2.6181289723899565e-19,9.814689466180596e-31,6.719205676974048e-32,1.4611411767537126e-14,1.0785777461719454e-14,1.4452451185497197e-21,1.3213547079307994e-14,5.7697635291565975e-30,1.5135993094430889e-21,5.696723886272322e-30,5.300493368875037e-37,5.726915815204271e-30,9.269029774435147e-17,1.1074268289644284e-16,1.3700965764705096e-16,7.099707767480987e-23,2.116763760967885e-20,4.4544785191261107e-23,6.817346349710469e-17,5.591585280685266e-16,1.4075745739341682e-25,9.858223520030719e-35
6743297.550773869,0.21382856261966862,10000.0,250.0,1.0,1.0,21.2875,3.5782903052737677e-08,0.00017696402723195554,8.933584262181111e-14,3.6360316585329404e-14,6.125779501330948e-14,3.247743090433766e-14,1.1213267437679325e-16,1.3065175830014817e-13,5.0594249768037505e-31,4.974883872418087e-27,9.889184208168459e-31,1.8608302401250166e-17,4.0944485705997014e-17,2.8761319457320613e-31,1.4253609945584033e-17,9.98423448944388e-17,9.999995388202794e-31,1.3506269438534516e-29,8.685823772249115e-28,2.5023137152909246e-29,9.997173662998007e-31,6.383947752799436e-30,1.6804579291306823e-10,2.043317244265661e-12,1.0097571685251326e-11,2.0444155587929274e-11,2.4181938954737218e-25,1.3867061071504533e-27,1.4086064772555613e-13,8.698419502557055e-11,7.205284855823984e-30,1.0024755844817011e-30,6.683598941584474e-23,2.6275228746500112e-23,1.478814302267015e-27,1.3837333121372055e-26,1.2760118014889521e-17,7.88681989333483e-17,9.840646209396825e-17,3.110500715767949e-08,1.6254968501940847e-15,5.98017228402467e-14,5.569398662974365e-17,9.550579466759581e-13,3.3840129372376696e-15,3.993653978309763e-18,1.9326690507166794e-15,2.597311162880127e-15,0.00018228342116514257,0.49999991592062726,2.8197997551590264e-11,0.2500000402688861,3.530942470842829e-13,1.8403768938144464e-10,8.900616217691911e-18,1.9989341569826882e-16,1.0896688832126966e-14,9.704400299721128e-22,9.218524046630425e-22,1.0526595135085392e-18,1.1713147195503902e-22,2.243548117455607e-28,1.64375650228287e-14,1.3293095716331048e-14,9.959296335632472e-17,5.680568468934156e-14,9.999998637365267e-31,4.6327288840981034e-27,1.0004063024932459e-30,8.09143810425467e-12,3.2948896092054367e-14,9.118658190731632e-19,9.311620821204804e-28,2.6109500042175656e-09,3.523224558180289e-15,5.864101991429405e-15,1.0308773078939778e-15,3.877794432876117e-15,6.676131556170372e-15,3.322466851140042e-13,2.1434326560241644e-23,1.0637628403501677e-29,6.219633425199946e-19,1.6183545594669642e-15,0.10000000148572986,4.3813830075270945e-12,5.518216602368247e-15,4.568117226652941e-15,1.5396423911051386e-27,7.456931241121888e-19,2.0200076754796966e-18,4.061157728862485e-24,1.4378502795981125e-14,4.6434161369487485e-33,6.739168328300251e-14,5.950671906271141e-14,3.394024130541222e-27,8.906791464661462e-22,3.32407814365099e-23,2.225655397122548e-06,3.034460287745108e-08,6.179999991262089e-05,9.376944952052825e-16,1.1203377172947716e-17,1.0988172887390094e-19,1.0390468692293862e-18,8.452900973364755e-28,3.3986452839374207e-15,7.025771103196047e-16,1.6796174484829948e-15,1.8046904437255487e-15,9.408960447800123e-31,3.716553314159047e-18,1.4655662757580781e-15,5.823779723473658e-19,1.931653553102541e-15,1.0144765725822003e-17,3.707687047848266e-24,1.472636323416341e-17,1.2090363806590763e-16,0.0003339999829797916,7.794498445141201e-15,6.720191579299519e-15,5.956787626064608e-17,8.39859257490878e-29,1.477716205910253e-25,3.966633666565155e-19,2.2444821957602214e-22,3.0982376403878855e-20,1.1145543890666377e-25,1.559714046869175e-11,1.2660143530198871e-14,4.1270128415828145e-10,3.509587107629012e-06,7.096761183097166e-22,3.564731778355812e-21,8.73057123313386e-10,1.779126891519494e-06,4.304628459726787e-19,3.867358710717061e-15,2.978839895471161e-25,1.0038946024058947e-18,9.73314474441337e-31,2.3828416592019007e-32,2.2799165135291715e-14,1.0784197243423283e-14,2.3995321573166134e-21,1.3321801628852412e-14,9.670974757332525e-30,1.588363252403375e-21,9.626344804863395e-30,2.469279150194088e-39,6.74647071993371e-30,2.130128824726648e-16,1.6246567474496563e-16,2.0772356233560965e-16,2.0308886433644747e-22,3.3356047555947183e-20,7.578430434063694e-23,1.4081999334229138e-16,8.5569276380842235e-16,4.412249624662849e-25,3.990640832753877e-34
9751375.829801848,0.3092140991185264,10000.0,250.0,1.0,1.0,21.2875,5.1691662025955255e-08,0.00017694810402691256,1.970617526923886e-13,3.961539637676086e-14,1.4289529608633651e-13,3.567919912446249e-14,3.9876085276938825e-16,1.6885085957094414e-13,3.7338042133543394e-31,1.4848367260982313e-26,9.840209007539914e-31,5.584292321714426e-17,7.387251030653777e-17,4.826361159814246e-31,2.2758572163614377e-17,2.9326066463400467e-16,9.999992767049012e-31,4.172746672567106e-29,5.059351365467464e-27,3.081838048410042e-28,1.0033520201910666e-30,4.400587636633184e-29,1.8085362843182357e-10,2.044454047194215e-12,1.0176677492827873e-11,2.044323913875499e-11,9.435075183001779e-25,4.410847699280504e-27,2.1648416942496268e-13,8.716467783952449e-11,3.112815515323327e-29,1.0035703623561949e-30,1.8368971421156106e-22,4.4977083505099056e-23,4.8702190014838476e-27,2.8998001342383237e-26,2.1120181336902335e-17,8.298072194690276e-17,9.984202205196332e-17,3.1260011585037627e-08,9.491179863920631e-18,1.0641727324348598e-13,5.632548150113295e-17,1.6954741563280678e-12,4.6981200509333636e-15,7.447478368816701e-18,3.900640138254804e-15,2.9047092206973605e-15,0.00018228018395912668,0.49999982414909666,4.083019598613755e-11,0.2500000862976222,3.531003809252503e-13,1.391513134677285e-11,1.5817761354395683e-17,4.536217912250614e-16,1.1015567191604663e-14,1.0011694937748328e-21,2.5357194228021932e-21,1.7183782248467273e-18,2.0941486074746898e-22,9.89679184731914e-28,3.2418231318977206e-14,1.652383985567642e-14,1.471843071698679e-16,5.6804321474338806e-14,9.999998005096145e-31,7.543886486359956e-27,1.0010034896100219e-30,9.944959252658206e-12,4.271933532643647e-14,9.173521057518011e-19,5.952293201436485e-27,2.6260732642678655e-09,9.856493809639215e-18,9.526258184884888e-15,1.0324460778100176e-15,3.97684278045028e-15,7.085645189803365e-15,3.5685344069619373e-13,3.439132334846855e-23,4.805317929735912e-29,1.1475680969887388e-18,1.8439465451207045e-15,0.10000000148377708,6.334712949239204e-12,5.518923370062602e-15,7.474563986800658e-15,4.890998939947221e-27,2.1715889530465217e-18,2.4978399905307776e-18,6.566413744113576e-24,2.371056901328307e-14,5.8923602696382274e-34,8.354535207846187e-14,5.972947497767204e-14,8.888008651651601e-27,1.4661483252761662e-21,7.048210016830312e-23,2.2122535194705984e-06,4.3746480529400066e-08,6.179999985314733e-05,9.377001463141646e-16,2.8530909579020114e-17,1.0992908735237616e-19,1.075150905345247e-18,3.9126024773937624e-27,5.843133385274886e-15,7.025893463747891e-16,3.0768236062020066e-15,1.809200701714771e-15,9.156744553987641e-31,7.210542360308497e-18,1.5482310851897732e-15,6.309170779831676e-19,4.0344223367014895e-15,1.5251495247991442e-17,1.669942316625712e-23,2.8655593306980694e-17,1.3257581323471753e-16,0.0003339999752034425,9.635077571255472e-15,1.3855234650322538e-14,8.092025866709562e-17,2.2543104080306053e-28,3.868683672177785e-25,4.567527053518948e-19,6.725262509910044e-22,4.051878164879375e-20,2.476519369336567e-25,2.254585256332012e-11,1.5609337540468484e-14,5.962837149984823e-10,3.5094035056970866e-06,1.8233131811884673e-21,6.160100853451496e-21,1.2519132729117222e-09,1.7787480219273052e-06,2.113770678628127e-18,5.050762540817825e-15,2.357141830702256e-24,2.9483549582875803e-18,9.61642952856267e-31,9.15043612545038e-33,3.4610812618090647e-14,1.0781945041117853e-14,3.805827772444297e-21,1.3334118132906052e-14,1.5959287974231864e-29,1.6132930841523061e-21,1.5983120454728267e-29,3.88941488673246e-39,7.250095405325846e-30,4.735591718683048e-16,2.3594575275274733e-16,3.0752355781534805e-16,5.466712125979426e-22,5.0944777131915356e-20,1.2099728065598455e-22,2.7444779613502244e-16,1.272701147718815e-15,1.3079652349961969e-24,1.5571691811516303e-33
14101310.205884522,0.44714961332713477,10000.0,250.0,1.0,1.0,21.2875,7.457896004733042e-08,0.00017692521105651637,3.757855296526668e-13,4.0535774656165363e-14,2.8022109226326706e-13,3.6638869376158033e-14,1.2269932603535133e-15,1.8527465490726359e-13,2.407471833784791e-31,3.8679875154521007e-26,9.769954094828466e-31,1.3266722319135491e-16,1.1828559015987851e-16,7.774278532189604e-31,2.777397887292109e-17,6.720317590229521e-16,9.9999881193626e-31,9.464984580812284e-29,2.44197358383248e-26,2.9387213001921583e-27,1.0608871192105618e-30,2.2222670813825637e-28,1.8446876652160397e-10,2.0445649995587427e-12,1.0184328191796645e-11,2.0440951263535293e-11,3.2826900998308003e-24,1.2665828696782622e-26,3.238481409168996e-13,8.716925823905457e-11,1.1924814326853647e-28,1.0051431994615058e-30,4.623855839609849e-22,7.248884667991312e-23,1.469847396875243e-26,5.722322234226929e-26,3.325145190895707e-17,8.359115743042135e-17,1.0001307377041021e-16,3.127194530882486e-08,8.820163535048021e-18,1.7657224228881827e-13,5.721687445734771e-17,2.8501600316727453e-12,6.59265154161678e-15,1.2542862986962745e-17,6.973610890834781e-15,3.0086077998028674e-15,0.0001822757338094052,0.4999996910060563,5.908944050308968e-11,0.25000015286315086,3.5310924551770366e-13,3.3256155010033007e-13,2.5979953640101413e-17,9.939122808035438e-16,1.1024862338395314e-14,1.0101151097475914e-21,6.590375785431241e-21,2.6655720143822918e-18,3.4449133913819284e-22,3.5051467714263876e-27,6.167236255755374e-14,2.0413088736655502e-14,2.1438678424907411e-16,5.680065046188294e-14,9.99999706414857e-31,1.1634006374005645e-26,1.0025818973576782e-30,1.1579095008932993e-11,5.421246417876225e-14,9.177331184135275e-19,3.035709897954552e-26,2.6277221122044874e-09,8.600335195639178e-18,1.491592424401222e-14,1.0346761265937055e-15,4.003684200367995e-15,7.14848838114553e-15,3.6958132067282943e-13,5.2336073132972125e-23,2.2151319483655306e-28,1.912159257337478e-18,1.919504283344641e-15,0.10000000148095355,9.158153649868256e-12,5.51994492353665e-15,1.1618243641777917e-14,1.5060209332768514e-26,5.594032735654094e-18,3.0014527565458192e-18,1.0118675577004982e-23,3.819789562372249e-14,6.659437661525014e-34,9.697046710769286e-14,5.973983935004971e-14,2.1388617511598628e-26,2.288590725196588e-21,1.4268927455537224e-22,2.1930184569615535e-06,6.298154303844705e-08,6.179999976313962e-05,9.377000501245294e-16,6.956483304348071e-17,1.0999329018614185e-19,1.082270834686561e-18,1.5863322396025848e-26,9.413540303419568e-15,7.025955776335105e-16,5.133311860027289e-15,1.8094260081852577e-15,8.804002481456845e-31,1.2420906579510795e-17,1.5631369313964538e-15,6.399049076973976e-19,8.416846749053466e-15,2.4294316610324938e-17,6.531401991587795e-23,5.253337110047392e-17,1.3699710516402537e-16,0.0003339999639103273,1.2296135080341582e-14,2.8646897241584405e-14,1.0672619055808599e-16,5.637024856428934e-28,9.541655351218516e-25,4.718099681360687e-19,1.786226941610596e-21,4.4343732995999233e-20,4.956275345375438e-25,3.2567889006075234e-11,1.9321883778504246e-14,8.611644819640104e-10,3.50913860732599e-06,4.401083858637605e-21,9.98552371638282e-21,1.788446374586615e-09,1.7782114704428513e-06,8.158270397323058e-18,5.694809682514306e-15,1.6079979308008002e-23,6.7552089684145035e-18,9.450137894930834e-31,6.369665850465144e-33,5.1548699874064414e-14,1.0778757868376047e-14,5.823465713236931e-21,1.333116810610577e-14,2.5360613117959256e-29,1.6174592159780114e-21,2.5544401776422424e-29,8.772393019597432e-39,7.381763106292576e-30,1.0264277102902275e-15,3.3981892040263674e-16,4.478845644012307e-16,1.393936299450526e-21,7.616498863893768e-20,1.8594919149531484e-22,5.043475879548917e-16,1.8654336416481168e-15,3.665076496308707e-24,5.831652092701099e-33
20391681.439953674,0.646615976660124,10000.0,250.0,1.0,1.0,21.2875,1.074041247594307e-07,0.00017689238236439405,6.455693653055482e-13,4.065232937516346e-14,4.854567710588714e-13,3.6846543082374704e-14,3.3452244128089305e-15,1.8932687840853325e-13,1.2803945841005277e-31,9.234250189030502e-26,9.669670242592122e-31,2.6602516761552305e-16,1.777412286696658e-16,1.2253828096959971e-30,2.918101726116316e-17,1.2730034161896765e-15,9.99997944257004e-31,1.724503610336212e-28,1.0167138016550645e-25,2.207308915029423e-26,1.7347497511416465e-30,8.868503671328643e-28,1.8494762946622935e-10,2.044238630892884e-12,1.0183824101705147e-11,2.043736797722979e-11,1.0619827078230803e-23,3.3552041871842705e-26,4.748537510027896e-13,8.715743318363413e-11,3.7077911507829825e-28,1.00739635273247e-30,1.0982397435863847e-21,1.1284925693063691e-22,4.174582402644356e-26,1.0827081392389939e-25,5.073646335039307e-17,8.361517363078465e-17,1.0000952557404864e-16,3.1271572137507275e-08,9.109715881142612e-18,2.7911298262648475e-13,5.848614827252176e-17,4.640709698681415e-12,9.31903771515747e-15,1.9856833048468617e-17,1.1517607305939272e-14,3.0369688092358813e-15,0.00018226931676940155,0.4999994984336534,8.54770582252572e-11,0.2500002491265046,3.531220565522173e-13,1.539333876275733e-15,4.03699097583676e-17,2.116368982548112e-15,1.1025472932648838e-14,1.0203439222072056e-21,1.6578168330119912e-20,3.997776204886823e-18,5.393119431706105e-22,1.0133059712086972e-26,1.1398584240399678e-13,2.513759661157149e-14,3.0827392170047686e-16,5.6795343862235635e-14,9.999995647795156e-31,1.7491526858588801e-26,1.0068563214694773e-30,1.274031072812911e-11,6.785141188928324e-14,9.176796907484355e-19,1.3032651580844035e-25,2.628426304623904e-09,9.425192688762891e-18,2.2822271340142824e-14,1.0378474833198065e-15,4.017703647037547e-15,7.152140754056161e-15,3.808113172938576e-13,7.857505232204143e-23,1.0006641702775398e-27,2.990251924541395e-18,1.938906039195238e-15,0.10000000147687284,1.3238496661196692e-11,5.521421240561677e-15,1.741232078054259e-14,4.576650998871762e-26,1.3085949171548372e-17,3.5783065763014236e-18,1.5227437199388235e-23,5.994436907430365e-14,2.1412648491090032e-33,1.0573532077516556e-13,5.973553416930961e-14,4.882965926791298e-26,3.43942782040619e-21,2.7719840382988723e-22,2.165503647422788e-06,9.04963525772113e-08,6.179999962922432e-05,9.376998745266098e-16,1.6317522229587878e-16,1.100849596251787e-19,1.0835840115604795e-18,5.806877525167076e-26,1.4538689329757846e-14,7.026063715992069e-16,8.080133494277333e-15,1.8094869019251893e-15,8.318048864352085e-31,1.9921890610747638e-17,1.5643251696771421e-15,6.406246900705624e-19,1.7531375264868175e-14,4.1326093316675456e-17,2.257032543398273e-22,9.070606692227627e-17,1.3829623470855126e-16,0.00033399994750621896,1.6143018074121908e-14,5.929726255913075e-14,1.3805362784745927e-16,1.3442883762257375e-27,2.212030938996094e-24,4.776285279759435e-19,4.3413455090190995e-21,4.520326980792977e-20,9.0737856369298e-25,4.6992119012895487e-11,2.4055527784113134e-14,1.242955897648313e-09,3.5087568012080835e-06,1.0106450321928979e-20,1.5394221100391097e-20,2.5411233958798682e-09,1.7774587674585076e-06,2.554520377094699e-17,5.953597824474446e-15,9.592509729681328e-23,1.2792956180491885e-17,9.214774271095091e-31,6.007299005472414e-33,7.573460657460362e-14,1.077428814959575e-14,8.678652389092589e-21,1.3325976382407806e-14,3.8925782458922175e-29,1.6171973850260478e-21,3.9469638679440044e-29,1.8919134881671063e-38,7.394029649920843e-30,2.1842409307120992e-15,4.87760345409445e-16,6.466804919107994e-16,3.389127644864455e-21,1.1217116927408362e-19,2.794237130278458e-22,8.740498316134871e-16,2.715106116626872e-15,9.702748766000206e-24,2.0959053712937913e-32
29488087.693796553,0.9350611267692971,10000.0,250.0,1.0,1.0,21.2875,1.543015433338761e-07,0.00017684548032377966,1.0414229880945887e-12,4.0640719791613084e-14,7.792794443118556e-13,3.696725022783322e-14,8.335641950271792e-15,1.9102466203450554e-13,5.26724223687247e-32,2.09405952029817e-25,9.527728236373062e-31,4.862962884799358e-16,2.586510887208788e-16,1.917247328840612e-30,2.952047675895382e-17,2.1426971890401263e-15,9.999962754905425e-31,2.8152895681448004e-28,3.824196500814897e-25,1.3890279452664632e-25,8.201432510956741e-30,3.088653423643874e-27,1.8493603429934961e-10,2.0437004994443763e-12,1.0182179767412073e-11,2.0432207341427543e-11,3.2871348783073415e-23,8.276862727942691e-26,6.845979280781207e-13,8.713994696951338e-11,9.873476896709406e-28,1.0106108895858607e-30,2.5125239667273567e-21,1.7227821602173502e-22,1.1327967604613204e-25,1.9879513483402216e-25,7.588083977508006e-17,8.360449441967429e-17,9.999242685839538e-17,3.127059740704865e-08,9.528040931551991e-18,4.2808547415309787e-13,6.029415640903223e-17,7.464499417078682e-12,1.3230855188965865e-14,3.027858685389478e-17,1.814455807806062e-14,3.0499151225211333e-15,0.0001822600370148341,0.49999921995988333,1.23600277357654e-10,0.2500003883319622,3.531405661259502e-13,4.162676975140832e-17,6.037013068983851e-17,4.391759207496736e-15,1.1026988236406127e-14,1.0385027998598022e-21,4.1108149282943227e-20,5.847856256624523e-18,8.194236257413544e-22,2.4788725462854215e-26,2.061646602284586e-13,3.1165952508669336e-14,4.374298926768001e-16,5.678771207685326e-14,9.999993483318527e-31,2.591748070018322e-26,1.0189511199430893e-30,1.3347876609377036e-11,8.491611486682136e-14,9.175893505145938e-19,4.983300852220555e-25,2.629402531274476e-09,1.0522057707156612e-17,3.4465733708114474e-14,1.0423512531047662e-15,4.035471070581047e-15,7.153135720485553e-15,3.959510859686833e-13,1.1844661515231488e-22,4.40394670558681e-27,4.487851120088168e-18,1.9473606072759576e-15,0.10000000147097775,1.9133602267207806e-11,5.5235541717596864e-15,2.5378433040229473e-14,1.3818531799035468e-25,2.835180494853141e-17,4.2907210194640855e-18,2.258321622125295e-23,9.183441396698825e-14,6.211737152606854e-33,1.0979205987469583e-13,5.972902671901864e-14,1.0796995118710992e-25,5.0224758589941494e-21,5.2567076981004e-22,2.126335130489677e-06,1.2966486951032165e-07,6.179999942936842e-05,9.376996273464416e-16,3.7142613158934406e-16,1.1021606021252905e-19,1.0847510304083631e-18,1.9736151009972452e-25,2.184853370189984e-14,7.026251968795289e-16,1.2265463662841498e-14,1.8095808440835144e-15,7.6632867310651715e-31,3.062568002638612e-17,1.5645340154840919e-15,6.407475052381691e-19,3.642954310160984e-14,7.474476817521451e-17,6.9900850665692175e-22,1.479275130970618e-16,1.390988539626653e-16,0.0003339999236544586,2.170326383422066e-14,1.2268215742998354e-13,1.7794789923639681e-16,3.0875324602672164e-27,4.8569246966549685e-24,4.8476592573407e-19,9.901615473012233e-21,4.545121566252134e-20,1.5398753006186303e-24,6.768926080943751e-11,3.033290214051833e-14,1.7924569286237884e-09,3.508207287517367e-06,2.2319339850130213e-20,2.2847405862897364e-20,3.582494988222732e-09,1.7764173584052309e-06,6.820641251754129e-17,6.131911232908068e-15,5.121411939711139e-22,2.1525759812724447e-17,8.884818213099109e-31,5.786220302511368e-33,1.100759124953294e-13,1.0768103740233538e-14,1.2674309855772315e-20,1.3318808023353882e-14,5.827779435000268e-29,1.6163517177602676e-21,5.960893039900217e-29,3.981133545440343e-38,7.39096139816591e-30,4.5918497306752846e-15,6.994061365139504e-16,9.306404718226225e-16,7.927265248347438e-21,1.632831296854935e-19,4.1384213532581335e-22,1.4335325744421055e-15,3.933757379350146e-15,2.428372675320188e-23,7.222821692757321e-32
42642256.765218,1.3521770917433409,10000.0,250.0,1.0,1.0,21.2875,2.2094595203675153e-07,0.00017677882879377395,1.6217351062214079e-12,4.0614608404939216e-14,1.1945635799131777e-12,3.71229697429091e-14,1.9509492619317206e-14,1.9307335994335893e-13,1.8392601401110588e-32,4.604790385700811e-25,9.329760845392877e-31,8.559746443207131e-16,3.67297420114509e-16,3.0092778720032297e-30,2.9844011729056197e-17,3.3721667918089384e-15,9.999930393233237e-31,4.3912130389968075e-28,1.3506415115082807e-24,7.748273426522137e-25,6.230179539802981e-29,1.0102466500501723e-26,1.8488193607112832e-10,2.0429318481193377e-12,1.0179802143209856e-11,2.0424878519015545e-11,9.856559467534832e-23,1.9128472478176344e-25,9.706979004475801e-13,8.711521511017291e-11,2.3984082416789128e-27,1.0151708246111451e-30,5.614723606977753e-21,2.603385067326268e-22,2.969129376136122e-25,3.585357586650413e-25,1.119493527437256e-16,8.358898547052942e-17,9.996818281655607e-17,3.1269187098586724e-08,1.0132490401198649e-17,6.446934753191751e-13,6.285482781700461e-17,1.2033746427583516e-11,1.8820350193496655e-14,4.5030678375504176e-17,2.7795359507177455e-14,3.0612317725770594e-15,0.00018224661794043897,0.49999881726742207,1.7865407115937473e-10,0.2500005896339881,3.531672985192988e-13,4.68415481006966e-17,8.765309713372026e-17,8.875496839358223e-15,1.1030973711693654e-14,1.07097916847483e-21,1.0162594779837539e-19,8.37078988159685e-18,1.2211123068655828e-21,5.350335473163871e-26,3.6826800313196476e-13,3.9375909442913733e-14,6.111607571389618e-16,5.677676187088653e-14,9.99999011036138e-31,3.801803377044204e-26,1.0550809600335011e-30,1.3555044822738431e-11,1.0791837308486593e-13,9.17460007933782e-19,1.7757546921495778e-24,2.630812832391581e-09,1.2047622905611153e-17,5.1722846289518937e-14,1.0487022247514915e-15,4.060477348588275e-15,7.155397339656886e-15,4.176484187543054e-13,1.8034048574773452e-22,1.8858647072769433e-26,6.5307165862414865e-18,1.954840966511711e-15,0.10000000146246421,2.764710662160129e-11,5.526634499226243e-15,3.608842621525951e-14,4.152711295418577e-25,5.749121211471724e-17,5.2452347707093475e-18,3.3149611868617275e-23,1.380646451929374e-13,1.651045271476277e-32,1.1093605296946211e-13,5.97196864975575e-14,2.3393306253375004e-25,7.151366281655191e-21,9.946338646790811e-22,2.070965527978653e-06,1.850344720213454e-07,6.179999912787997e-05,9.376992859573099e-16,8.280696123095956e-16,1.1040261809302935e-19,1.0863983550489303e-18,6.353348629742885e-25,3.2208607963504966e-14,7.026575441383087e-16,1.8160942876155047e-14,1.8097302846233022e-15,6.8101311248372065e-31,4.580437648127281e-17,1.5648159250701473e-15,6.409106835585288e-19,7.543885578597975e-14,1.4167677208852128e-16,1.952624918416742e-21,2.2951337354605617e-16,1.40149182632021e-16,0.0003339998889125293,2.9737937357231685e-14,2.5326896119594587e-13,2.322183450631719e-16,6.872045924426142e-27,1.0276952227856168e-23,4.945614054719081e-19,2.1524151024145046e-20,4.5646899112089207e-20,2.4598948867460897e-24,9.726521050403932e-11,3.905022240565545e-14,2.5816993128740543e-09,3.507418031527624e-06,4.776472893585615e-20,3.287220334483382e-20,4.994201031998485e-09,1.7750055979856923e-06,1.6257552628899496e-16,6.362997467734491e-15,2.504494123074317e-21,3.386263713076883e-17,8.428596003112289e-31,5.4874080945703666e-33,1.5844279256502651e-13,1.0759720793565127e-14,1.818460814828237e-20,1.3309150209756325e-14,8.569662696042475e-29,1.615201238878894e-21,8.871382404584081e-29,8.296592116211349e-38,7.386196927178816e-30,9.573452961977656e-15,1.0014224844591697e-15,1.3360632130718923e-15,1.8065636476512494e-20,2.352440249658351e-19,6.067018064945397e-22,2.2433193241238947e-15,5.674999660705618e-15,5.764626420337447e-23,2.388858101341977e-31
61664292.40555029,1.9553618850060341,10000.0,250.0,1.0,1.0,21.2875,3.1492903330176757e-07,0.00017668483442960568,2.4757044969772165e-12,4.057768012573808e-14,1.7750006794630708e-12,3.732979024522427e-14,4.370855085927889e-14,1.9579198802130226e-13,1.4237269566093596e-32,9.92752366448955e-25,9.060724741945676e-31,1.4937393274818742e-15,5.086606496007305e-16,4.777766117463685e-30,3.0271747969871455e-17,5.089458696698683e-15,9.999867752155894e-31,6.693566170091379e-28,4.6021641877307205e-24,3.9880973579244494e-24,4.750336514488891e-28,3.2290624063743916e-26,1.8480510009323269e-10,2.0418478980731618e-12,1.0176456266250186e-11,2.0414557922256837e-11,2.8697569673849315e-22,4.172371169554995e-25,1.3507922740168773e-12,8.708062363630555e-11,5.527196178838317e-27,1.0215894876553346e-30,1.237519232551328e-20,3.9185525900418914e-22,7.586648186043264e-25,6.421127780841387e-25,1.6350293722690156e-16,8.356766302292919e-17,9.993446546459004e-17,3.126715021259131e-08,1.1005546469368473e-17,9.603376361554328e-13,6.644828269409518e-17,1.96486228284115e-11,2.6762873432060176e-14,6.571900659932987e-17,4.1869301195538287e-14,3.075727431668192e-15,0.00018222721446544793,0.4999982349461244,2.581041574613042e-10,0.250000880731553,3.532058846904324e-13,5.511748902744435e-17,1.2390212647239713e-16,1.739659801476485e-14,1.1039832184917738e-14,1.1292057840196252e-21,2.5160014934905544e-19,1.1721326585324716e-17,1.7950139320432546e-21,1.053626135246272e-25,6.554589707364623e-13,5.104191625590482e-14,8.373411283899261e-16,5.676110116390592e-14,9.999984725620067e-31,5.534409217077107e-26,1.1688860216851115e-30,1.35957010679746e-11,1.4051125727208292e-13,9.17275724120027e-19,6.084995874875889e-24,2.6328497070567237e-09,1.4228849473922073e-17,7.750463680444843e-14,1.0575590787509097e-15,4.095371592793089e-15,7.160207985211242e-15,4.4869686443914516e-13,2.78366943041868e-22,7.834093567721841e-26,9.244957202291995e-18,1.9644409890116845e-15,0.10000000145017661,3.993471200112099e-11,5.531080406334966e-15,5.0035273707952156e-14,1.2417644245424855e-24,1.0942064835069751e-16,6.5953641251492006e-18,4.8283087532236e-23,2.0476714675980714e-13,4.171293096784676e-32,1.1107359359586086e-13,5.970634408052835e-14,4.999262386669357e-25,9.921987842039954e-21,1.9050755421067723e-21,1.9934796521212303e-06,2.625203478787687e-07,6.179999866655876e-05,9.376988314070023e-16,1.822578544354852e-15,1.1066575768614115e-19,1.0887280141177843e-18,1.959810042537957e-24,4.676082955676592e-14,7.027114207619203e-16,2.6369045497633768e-14,1.809965274129266e-15,5.755734741451981e-31,6.714270598732846e-17,1.565239144173229e-15,6.411531506084307e-19,1.5545072894884672e-13,2.7648783182499714e-16,4.909824466577889e-21,3.419107771016324e-16,1.416165954121691e-16,0.0003339998381668376,4.1343393717414106e-14,5.207138465213776e-13,3.093201833633816e-16,1.490512106504586e-26,2.1331353483197743e-23,5.077161066964629e-19,4.493064810844554e-20,4.5899221429113193e-20,3.7578100596154685e-24,1.3929613641946672e-10,5.150548092545251e-14,3.711960750115654e-09,3.506287751921838e-06,9.94708238136073e-20,4.5919980130878534e-20,6.850744248705144e-09,1.7731489756805437e-06,3.56218418157018e-16,6.6849411641807434e-15,1.1401792259354091e-20,5.108046334770838e-17,7.810235442123374e-31,5.0826466139210116e-33,2.2577210874216108e-13,1.0748703525386967e-14,2.562539903018815e-20,1.3296574452594682e-14,1.2419523189895047e-28,1.6137042948377553e-21,1.3076629619013637e-28,1.7247989206121177e-37,7.380069757168558e-30,1.9818975797821434e-14,1.4299278146098727e-15,1.911810606557971e-15,4.062955373134247e-20,3.353652331491174e-19,8.825304908057423e-22,3.3850053466146746e-15,8.14873709407366e-15,1.3055971774497474e-22,7.607877057641442e-31
89171756.99243912,2.8276178650570496,10000.0,250.0,1.0,1.0,21.2875,4.4602290490626127e-07,0.00017655372221156022,3.737473808020649e-12,4.052622718833202e-14,2.5731303203051136e-12,3.7594329725193485e-14,9.481716174700838e-14,1.9926985624014278e-13,2.8979425470606845e-32,2.1108685935447274e-24,8.71157542861475e-31,2.6218336850342574e-15,6.843586658136834e-16,7.723344138576118e-30,3.0819648157695286e-17,7.448630025865414e-15,9.99974693223447e-31,1.0057957539972564e-27,1.5407905759845445e-23,1.9435151447277108e-23,3.43329188081369e-27,1.0306435621075228e-25,1.8469788093820602e-10,2.04033622622915e-12,1.0171804682346334e-11,2.0400191561167434e-11,8.085440238290069e-22,8.666591641412978e-25,1.836667631460658e-12,8.703296061326196e-11,1.2335209763019543e-26,1.0305378663081424e-30,2.7087143617766638e-20,5.9005293860990545e-22,1.901465544593309e-24,1.1486535414535789e-24,2.3681003615437565e-16,8.353906351781238e-17,9.988840795624832e-17,3.1264210005974006e-08,1.2265851839393767e-17,1.4217005571223944e-12,7.142441594906384e-17,3.273947452064654e-11,3.7963867430553474e-14,9.434977753896233e-17,6.244950124721267e-14,3.0968884663619865e-15,0.00018219915933992783,0.4999973928716915,3.726435841987681e-10,0.2500013016785502,3.532615348599456e-13,6.70442885709915e-17,1.7024447945126534e-16,3.281408350523724e-14,1.1057415366954534e-14,1.2337374514662574e-21,6.224490836266087e-19,1.600190133089393e-17,2.610596758186229e-21,1.923357447895867e-25,1.1677768144605623e-12,6.784382380978818e-14,1.118079960853647e-15,5.673880350286619e-14,9.999975880973904e-31,8.004881887342788e-26,1.5430966190824146e-30,1.3602872870272964e-11,1.874459091349782e-13,9.1701478044127e-19,2.049214355507514e-23,2.6357898973413993e-09,1.7374372502346314e-17,1.163755393787707e-13,1.0697139769950271e-15,4.143304075918254e-15,7.169489607475372e-15,4.928897437797225e-13,4.369515362031472e-22,3.13748760295358e-25,1.271518149212784e-17,1.9783465158043034e-15,0.10000000143245702,5.7654266016032224e-11,5.537491798653341e-15,6.739087177061419e-14,3.689920512217521e-24,1.9509187152395592e-16,8.539123989400165e-18,6.987228043553968e-23,3.0068431303095196e-13,1.0275280728956445e-31,1.1103629372645232e-13,5.968739865439528e-14,1.0577453707003737e-24,1.3359095328689986e-20,3.70484483709471e-21,1.886610884136587e-06,3.693891158634122e-07,6.179999794863074e-05,9.376982717363041e-16,3.985682900632953e-15,1.1103195588802988e-19,1.0919813160487052e-18,5.8229688513515714e-24,6.693908851131412e-14,7.027969991063322e-16,3.7606402110075576e-14,1.8103256375939908e-15,4.56678711188825e-31,9.676749921342181e-17,1.5658669632261186e-15,6.415104717704895e-19,3.1809024325778614e-13,5.471286128914542e-16,1.1026073891470328e-20,4.924016699921874e-16,1.436345828235775e-16,0.0003339997637408255,5.809498475576285e-14,1.0636597937691787e-12,4.2039083336448497e-16,3.163542200892526e-26,4.3795690290231344e-23,5.247866668002087e-19,9.01795356699658e-20,4.627484671037932e-20,5.5564936312508515e-24,1.9857723290352298e-10,6.945676593014547e-14,5.323947728755981e-09,3.5046757388942258e-06,2.0175962776186835e-19,6.210859065967499e-20,9.182755869322804e-09,1.7708168487761174e-06,7.27547778680753e-16,7.127166095072265e-15,4.8666801533370605e-20,7.471450371605021e-17,6.995859371544704e-31,4.5499778524178814e-33,3.1793607416711335e-13,1.0734884216659717e-14,3.5373012830144524e-20,1.3281041276511476e-14,1.7755471069192496e-28,1.6118586179274853e-21,1.9151225554633684e-28,3.584700080983134e-37,7.37267747811921e-30,4.071611011709581e-14,2.033118183149126e-15,2.7232576912201403e-15,9.08076611026326e-20,4.723135459488866e-19,1.2753339820033785e-21,4.968171678209745e-15,1.163597116877679e-14,2.839143949863143e-22,2.3423194667709895e-30
128949866.03953806,4.088973428448061,10000.0,250.0,1.0,1.0,21.2875,6.260647102755483e-07,0.00017637364972070761,5.607088737554974e-12,4.04556843166e-14,3.643879625008006e-12,3.791425355052646e-14,2.0036194826093643e-13,2.034769189730478e-13,6.5145050547456e-32,4.4403365076476585e-24,8.294622292709013e-31,4.654636331650713e-15,8.890578429777254e-16,1.2766886438960658e-29,3.148386166114263e-17,1.060957002124731e-14,9.999516198787852e-31,1.4953267837919285e-27,5.133430821096539e-23,9.107608671623625e-23,2.3726004145079294e-26,3.3299577957546587e-25,1.8455057766685245e-10,2.038260781528249e-12,1.0165446957272012e-11,2.038051960669841e-11,2.187708674382113e-21,1.7269298283723484e-24,2.4235138121680116e-12,8.696869921101176e-11,2.6945103397444796e-26,1.0428892199270586e-30,5.917194616096249e-20,8.915389646614117e-22,4.6771650502133405e-24,2.0509485017601798e-24,3.402774982830387e-16,8.350213069615649e-17,9.982714449204351e-17,3.1259969282453694e-08,1.4083584147393788e-17,2.0988096638301386e-12,7.818440169220119e-17,5.593331667934429e-11,5.359556832064553e-14,1.3322926605751767e-16,9.265237173732456e-14,3.1283749705045877e-15,0.00018215859765938205,0.4999961751842548,5.375047679366658e-10,0.2500019103937031,3.533416990202674e-13,8.42597236815602e-17,2.2622733704049643e-16,5.885571675501197e-14,1.1088845372831206e-14,1.4196970628676811e-21,1.525679321246007e-18,2.1167583389012185e-17,3.7607871542596426e-21,3.266513797027863e-25,2.079642141917164e-12,9.20674246935342e-14,1.442882646268533e-15,5.67072480840257e-14,9.999960887183721e-31,1.1507215206699798e-25,2.8059056031552053e-30,1.3609029210806514e-11,2.5513759453673957e-13,9.16648389839398e-19,6.891249084320589e-23,2.640030597289766e-09,2.1913163191777894e-17,1.7553773257237037e-13,1.0860145387652124e-15,4.2076761675330936e-15,7.185686424456473e-15,5.553054611808231e-13,6.9866553113308495e-22,1.1993375237560678e-24,1.6908195871681715e-17,1.9988287242743363e-15,0.10000000140693603,8.31752715888142e-11,5.546726146383136e-15,8.764839853661491e-14,1.0872890975392142e-23,3.2474621228115667e-16,1.1342503169588063e-17,1.005024537767609e-22,4.3792360870623026e-13,2.5009725493744326e-31,1.1096824338854184e-13,5.966069705651767e-14,2.2202499032266183e-24,1.7332397852010246e-20,7.292231685055485e-21,1.7422775777627e-06,5.137224222372996e-07,6.179999681049387e-05,9.376977104677299e-16,8.704563632860764e-15,1.115316235241924e-19,1.0964409600322611e-18,1.6672240787011414e-23,9.440150577926122e-14,7.029249562211689e-16,5.2622848411928415e-14,1.8108584787620878e-15,3.46007501612212e-31,1.3716313080417373e-16,1.5667800666766678e-15,6.420296269074337e-19,6.444901213821699e-13,1.085330495649859e-15,2.1929870019214446e-20,6.869726263759937e-16,1.4634935491282544e-16,0.0003339996539581829,8.224620437963374e-14,2.1520175246105305e-12,5.805920289348471e-16,6.584243001219592e-26,8.893055323134533e-23,5.45841207389831e-19,1.7333714220543265e-19,4.6844649132580145e-20,8.007715182614519e-24,2.813155382451013e-10,9.533587851866403e-14,7.609953433289859e-09,3.5023896955047386e-06,3.977503388940397e-19,8.082675020714012e-20,1.1909715795398182e-08,1.7680897203432205e-06,1.3894665416833577e-15,7.720536018369463e-15,1.9437192396101227e-19,1.0636409515987474e-16,5.966832950555136e-31,3.8775987635590916e-33,4.4108858878035476e-13,1.071876610990495e-14,4.759830557596506e-20,1.326343340766033e-14,2.501515090128746e-28,1.6097736438946321e-21,2.792437388059181e-28,7.4485907439796e-37,7.364676540897425e-30,8.284463852431277e-14,2.8732225039400014e-15,3.855268938535015e-15,2.013913173156205e-19,6.551100778700217e-19,1.8315964426963584e-21,7.127831109343076e-15,1.649956565707623e-14,5.953644237187833e-22,6.986792191129687e-30
186472359.7744598,5.912999739169831,10000.0,250.0,1.0,1.0,21.2875,8.680053161953605e-07,0.00017613165632130316,8.37537638424861e-12,4.036114650322638e-14,5.02751999819411e-12,3.82703537740263e-14,4.131924291126512e-13,2.081617861991279e-13,1.4257224629601662e-31,9.252374502049058e-24,7.869283477647008e-31,8.351154220264965e-15,1.1070581554920463e-15,2.160328412820408e-29,3.222636868405414e-17,1.4687060114702494e-14,9.999089252177217e-31,2.199721637756878e-27,1.7175298780833267e-22,4.13643285549511e-22,1.5831597352298948e-25,1.0987135718935744e-24,1.8435262476928392e-10,2.0354731343408617e-12,1.0156963546152787e-11,2.0354199165649e-11,5.619625902528317e-21,3.31075268893279e-24,3.0748479764395467e-12,8.688476580624448e-11,5.788793968993308e-26,1.05985227698329e-30,1.294529339786671e-19,1.3539565997867662e-21,1.1219395770987996e-23,3.632880612799177e-24,4.847615606874323e-16,8.345726903258302e-17,9.974885324779378e-17,3.125385989924817e-08,1.6701748586031198e-17,3.097865989527899e-12,8.711777558640688e-17,9.813376018573114e-11,7.509958640883432e-14,1.8461591863482424e-16,1.3716569307679787e-13,3.1752466121842765e-15,0.00018209995982586814,0.4999944143537388,7.741915735681615e-10,0.2500027906268599,3.5345697466011784e-13,1.090833540262688e-16,2.883809542529896e-16,9.874285896138095e-14,1.1138658001969455e-14,1.7430724687552317e-21,3.651541157834382e-18,2.6893108118838465e-17,5.365134875891324e-21,5.172054240030437e-25,3.677886841631553e-12,1.2692624921809637e-13,1.7811588459581754e-15,5.666294958173842e-14,9.999934623447483e-31,1.6434118759452734e-25,7.08535799811036e-30,1.3617828182804594e-11,3.526046840859642e-13,9.161397668974937e-19,2.3404890037537136e-22,2.646139946512508e-09,2.8454136349246295e-17,2.6634360539870576e-13,1.107162507304912e-15,4.291376289585851e-15,7.210651496049154e-15,6.424569760778361e-13,1.1370538352930177e-21,4.314361993911952e-24,2.1566246223795122e-17,2.028994546055464e-15,0.10000000137024492,1.198663555295182e-10,5.560002566043801e-15,1.092830617434894e-13,3.1675319194679633e-23,5.038445292246879e-16,1.5379023932240804e-17,1.436392417118518e-22,6.326127059372373e-13,6.0470486229415506e-31,1.1086892522265864e-13,5.962342951397725e-14,4.627481235571269e-24,2.1464931239706506e-20,1.4457311606948422e-20,1.553145396575999e-06,7.028546034239993e-07,6.179999497357945e-05,9.376975342770793e-16,1.9064072280596605e-14,1.1219471672674256e-19,1.102398164574741e-18,4.587164723100763e-23,1.3078557591633645e-13,7.031040593103554e-16,7.200226060270722e-14,1.81161456326201e-15,2.928771396253012e-31,1.9083979689865996e-16,1.568077157089216e-15,6.427712206801216e-19,1.2877985475186072e-12,2.1386843826354607e-15,3.855347679909364e-20,9.263743115888551e-16,1.4989139464972693e-16,0.000333999490765071,1.1699478992432297e-13,4.2945163978951954e-12,8.112857948739107e-16,1.3433043372645032e-25,1.779784618257737e-22,5.699136001048838e-19,3.162817856855686e-19,4.7704575314396837e-20,1.1283014261253315e-23,3.9513640764869793e-10,1.32571454659152e-13,1.0827130732514252e-08,3.4991724636276485e-06,7.587045498834847e-19,1.0030265277158705e-19,1.4742654457617688e-08,1.765256534586349e-06,2.4709031310325383e-15,8.490038903414466e-15,7.183806053017915e-19,1.4720770114418668e-16,4.74175704797022e-31,3.0782103453486048e-33,6.000667970729499e-13,1.0702107422940075e-14,6.200352834679644e-20,1.324632820625402e-14,3.4633960186084743e-28,1.6077636951125189e-21,4.059389721982426e-28,1.546580378769774e-36,7.357736862977709e-30,1.6639054856498863e-13,4.026868758463819e-15,5.413124919582061e-15,4.391186970794237e-19,8.90711755964573e-19,2.61383771548043e-21,1.0017147831589923e-14,2.318351786906422e-14,1.2052031250722e-21,2.0172696770465337e-29
269654727.28132844,8.550695309529694,10000.0,250.0,1.0,1.0,21.2875,1.1835320056069067e-06,0.00017581603646166054,1.244111479278633e-11,4.0238402288859676e-14,6.7159494363559554e-12,3.862005608127579e-14,8.302113813417161e-13,2.127664991956239e-13,3.0453512789396657e-31,1.9095117772328527e-23,7.564597619378359e-31,1.5051571566715157e-14,1.3127676498245249e-15,3.729399707963246e-29,3.2961776997917746e-17,1.9651171778578533e-14,9.998361943090096e-31,3.1917801253203492e-27,5.807246868390735e-22,1.8231498745003465e-21,1.0243537776069067e-24,3.712051740035225e-24,1.8409470828765954e-10,2.0318403114506912e-12,1.0146016649622175e-11,2.032009616370566e-11,1.3500852599949578e-20,6.095154316801171e-24,3.710006223030956e-12,8.678013618296892e-11,1.2236414924576528e-25,1.083417189983437e-30,2.8421240601268235e-19,2.067315906793067e-21,2.5910865722235513e-23,6.3241913376300616e-24,6.83451838236925e-16,8.340833824632075e-17,9.965482270069807e-17,3.124507321500774e-08,2.0464839745462003e-17,4.581891223954906e-12,9.846418648518064e-17,1.7651120721019399e-10,1.0411874964175416e-13,2.499332677803546e-16,2.030754428025087e-13,3.2444596111600136e-15,0.00018201520242957112,0.4999918681442517,1.1126002656984218e-09,0.2500040634758361,3.5362232183243957e-13,1.4480445119544656e-16,3.4902523189484364e-16,1.5180956997447446e-13,1.1206196517899052e-14,2.2852807965837895e-21,8.366389315532094e-18,3.246338601602685e-17,7.56805492598926e-21,7.673058119830903e-25,6.397232824338034e-12,1.7691513788854347e-13,2.0805197843032455e-15,5.660140517491356e-14,9.999887149210737e-31,2.329662519907102e-25,2.130437805345377e-29,1.3630542226670034e-11,4.9249219038679e-13,9.154442666635445e-19,8.067279818030587e-22,2.654926581864008e-09,3.78588674640494e-17,4.0653012892754625e-13,1.1333282194685254e-15,4.395307348938807e-15,7.243041305542952e-15,7.621656208221044e-13,1.8756438386807723e-21,1.4343811311323618e-23,2.61192448845837e-17,2.0731052783702504e-15,0.100000001317632,1.7247928016709845e-10,5.5790408843909685e-15,1.2978977967395903e-13,9.086185649357072e-23,7.298016797394436e-16,2.117237944835649e-17,2.0381681214139035e-22,9.049684423590549e-13,1.4511398579320069e-30,1.1072416330283552e-13,5.957207355557588e-14,9.576795470403991e-24,2.5112979029226077e-20,2.872111457200718e-20,1.3158376732261294e-06,9.401623267738688e-07,6.179999196710179e-05,9.376989000610383e-16,4.200130235140409e-14,1.1304208163874075e-19,1.1100868664232552e-18,1.2074756465102555e-22,1.7715680670139353e-13,7.033397067555421e-16,9.579245589113123e-14,1.8126484654314247e-15,3.836743219553792e-31,2.595705086482223e-16,1.569879983966121e-15,6.438144113221422e-19,2.5238177231249265e-12,4.151281523107702e-15,6.046094515989116e-20,1.2006930780730826e-15,1.5432021917186304e-16,0.0003339992456973365,1.668128937578754e-13,8.405476217979395e-12,1.142468814657469e-15,2.6775883575980776e-25,3.492270886251387e-22,5.944761725630743e-19,5.407438960936194e-19,4.897827225101869e-20,1.5569152187726283e-23,5.487007000670515e-10,1.8595701729042057e-13,1.5310545729793447e-08,3.4946889694780886e-06,1.3921003104413724e-18,1.175087823282251e-19,1.7095689402827932e-08,1.762903136153186e-06,4.056232731520119e-15,9.440070050245786e-15,2.4059965478534507e-18,1.9705759772496662e-16,3.402788089644557e-31,2.2060372411642337e-33,7.954417473503114e-13,1.0688450578515625e-14,7.753312446867916e-20,1.3234724478034552e-14,4.690782728719374e-28,1.6064354511728534e-21,5.88940614741488e-28,3.2061309647167356e-36,7.354979739311522e-30,3.2827942654095687e-13,5.582309483699506e-15,7.519377366886258e-15,9.271454271195646e-19,1.179580586309024e-18,3.70481274845793e-21,1.380349831653008e-14,3.218876025785722e-14,2.3504681389659046e-21,5.615573689966504e-29
389943432.0084529,12.365025114423291,10000.0,250.0,1.0,1.0,21.2875,1.5789796657594483e-06,0.0001754204210762239,1.8288214953435754e-11,4.008571654314892e-14,8.603574746365957e-12,3.890187357506637e-14,1.6176621234940309e-12,2.164851210488443e-13,6.371150541765698e-31,3.8980953114258365e-23,7.551050336891322e-31,2.6980430787506368e-14,1.4794073289035023e-15,6.514157944742652e-29,3.3566524787895147e-17,2.5184130508288247e-14,9.997380662304017e-31,4.541951467413139e-27,1.9912952833107068e-21,7.758817509277924e-21,6.414694850651735e-24,1.2751962167125883e-23,1.8377255454048254e-10,2.0272925753028154e-12,1.0132521608203533e-11,2.027778292624115e-11,2.982509858274897e-20,1.0726139919720372e-23,4.2117159130112936e-12,8.665846728202611e-11,2.5365021827624503e-25,1.1175683297986283e-30,6.266225044411263e-19,3.170699621859271e-21,5.662270343889191e-23,1.0708932979697438e-23,9.507509833151441e-16,8.336586616531372e-17,9.95528158223935e-17,3.1232466624003105e-08,2.5855503505289805e-17,6.80387052331359e-12,1.1207783652578314e-16,3.2395879303676974e-10,1.4232097782654159e-13,3.283629480022591e-16,3.0113057506092473e-13,3.3444606277815944e-15,0.00018189271738587053,0.49998818631682096,1.5932076848443034e-09,0.2500059040343685,3.538586216949205e-13,1.9602173482236717e-16,3.969875321057861e-16,2.092378391694078e-13,1.1279938943902634e-14,3.152111639232493e-21,1.7920670655648494e-17,3.684230919694201e-17,1.0525717914290125e-20,1.0736679915740105e-24,1.0828762668312043e-11,2.481640291173047e-13,2.281415294306384e-15,5.651698058966068e-14,9.999798920376978e-31,3.2743982952692424e-25,6.652324861316611e-29,1.36488939080317e-11,6.921132481622586e-13,9.145112787251751e-19,2.8076573854163003e-21,2.667533102792112e-09,5.13274659844179e-17,6.234826895245679e-13,1.163581447589781e-15,4.516208142328343e-15,7.27523267475599e-15,9.229415081656242e-13,3.1116185455306884e-21,4.319034552169416e-23,2.9740593974217326e-17,2.1364041866759297e-15,0.10000000124247103,2.476402221563994e-10,5.6062395808087886e-15,1.4652699699668536e-13,2.5527205111704203e-22,9.898986692530627e-16,2.9439590608219015e-17,2.8684233790763973e-22,1.2780764483449074e-12,3.436927675699011e-30,1.1051379538428668e-13,5.950241953215008e-14,1.966928152012805e-23,2.754665857802211e-20,5.687433994839555e-20,1.0360616169468069e-06,1.219938383053191e-06,6.179998701724658e-05,9.377049239817213e-16,9.325036772259142e-14,1.1407310321076468e-19,1.1195912659346623e-18,3.0296321986770405e-22,2.330504376346317e-13,7.036339897084813e-16,1.22981022559915e-13,1.8140244519956554e-15,7.1368900416034826e-31,3.4304740769374187e-16,1.572345253011741e-15,6.452660301919051e-19,4.815754487035797e-12,7.866078321976259e-15,8.597595784206354e-20,1.4844838120567599e-15,1.5954497797279732e-16,0.00033399887290515794,2.377923028756607e-13,1.601605993312743e-11,1.6153189565238268e-15,5.178991093196782e-25,6.670939580046719e-22,6.156089741168123e-19,8.530643593516922e-19,5.079866732863126e-20,2.109585328404462e-23,7.507227706921116e-10,2.620230364182925e-13,2.148634963144029e-08,3.4885130504984444e-06,2.4436598207815084e-18,1.2901026161663374e-19,1.812158963804398e-08,1.7618767002626708e-06,6.085216279461447e-15,1.0533389521497028e-14,7.07175308412526e-18,2.5298240176470613e-16,2.1079323938138e-31,1.3644065905067237e-33,1.0193636488375959e-12,1.0682903794901178e-14,9.229913059758612e-20,1.3235867153824175e-14,6.175784303703803e-28,1.6066663299338193e-21,8.534509085612483e-28,6.627592261938651e-36,7.360932513345508e-30,6.319989625128048e-13,7.631668709625916e-15,1.0304109479656977e-14,1.8608165423173888e-18,1.509486796507229e-18,5.212885580676597e-21,1.8691889665220566e-14,4.401317175440407e-14,4.400559151876687e-21,1.498543124205985e-28
563891023.5305918,17.88086705766717,10000.0,250.0,1.0,1.0,21.2875,2.0507728541742575e-06,0.00017494832222290804,2.636154220683308e-11,3.990588311885565e-14,1.0450753250317772e-11,3.9061766569616515e-14,3.0353204087801796e-12,2.1861042424245532e-13,1.3068720677330579e-30,7.851829581639135e-23,7.904270010133873e-31,4.7497609031835625e-14,1.5939100498004348e-15,1.1375439432459365e-28,3.3933077666478307e-17,3.057750108833093e-14,9.997129953606651e-31,6.296498939163967e-27,6.923801947171263e-21,3.152213196671593e-20,3.8564176330686336e-23,4.370444258384154e-23,1.8339151537856833e-10,2.021876759640742e-12,1.0116845619090898e-11,2.0228106227182305e-11,5.96575580046807e-20,1.796491011577866e-23,4.4745407192768796e-12,8.653126761218746e-11,5.123603550493078e-25,1.1706779871711707e-30,1.3868814056535079e-18,4.879035120319345e-21,1.1496128505400272e-22,1.7486335336815556e-23,1.2992418829809048e-15,8.335112056123162e-17,9.946121644719772e-17,3.1214442859574044e-08,3.353707888902892e-17,1.0157694771291964e-11,1.2713135922381464e-16,6.025487046237769e-10,1.9111821194508906e-13,4.1497149503123553e-16,4.4767415370349917e-13,3.4829029320781603e-15,0.0001817157700294931,0.4999828625061484,2.2683000137271434e-09,0.2500085654537982,3.541945322437223e-13,2.689968159993029e-16,4.222130964179204e-16,2.544519458481203e-13,1.1338668886377691e-14,4.466342885060661e-21,3.502551541652202e-17,3.910196222753692e-17,1.4371583125689092e-20,1.4241385077502453e-24,1.767783461536567e-11,3.486468120474854e-13,2.3514455679381535e-15,5.6402752636920496e-14,9.999631297645844e-31,4.559805688617272e-25,2.0114734339419387e-28,1.3675329392049796e-11,9.741350381763002e-13,9.132870046753159e-19,9.698619130945102e-21,2.6855567674074173e-09,7.048456442495344e-17,9.593663760688972e-13,1.1953421385941294e-15,4.644556721156028e-15,7.29423322741371e-15,1.132826091918024e-12,5.137526073782597e-21,1.1567973895845532e-22,3.1692990529030456e-17,2.223917156726248e-15,0.10000000113567856,3.544326982348751e-10,5.644886948094082e-15,1.5817600148540976e-13,6.975994033391823e-22,1.2587383214049265e-15,4.111939597042174e-17,4.001525359357368e-22,1.775044622985574e-12,7.980972336062517e-30,1.1021086379640386e-13,5.940961453759166e-14,4.005977572837186e-23,2.837056329641169e-20,1.1168661140245425e-19,7.343582881850927e-07,1.5216417118149054e-06,6.179997891930588e-05,9.377233533057145e-16,2.0858416217790025e-13,1.152586800347378e-19,1.1308038843242115e-18,7.2440049888916935e-22,2.952377298195547e-13,7.039865568801776e-16,1.510451029090085e-13,1.815826802262247e-15,1.2746107501473111e-30,4.3711689810472924e-16,1.5756840173785934e-15,6.472747794916386e-19,8.863411011378973e-12,1.440169466799327e-14,1.1238068533117458e-19,1.738043636887061e-15,1.6524990098876091e-16,0.00033399829693408155,3.3784190746833616e-13,2.942940530531877e-11,2.2839991087427784e-15,9.621342941588957e-25,1.229243349992611e-21,6.298946140880537e-19,1.227401200560182e-18,5.3264493081878726e-20,2.826676181298442e-23,1.008408765112606e-09,3.6924986910222444e-13,2.9893981826508816e-08,3.480105250297975e-06,4.094899570794853e-18,1.3294281320312489e-19,1.7047946357962636e-08,1.7629495562148337e-06,8.276657790654054e-15,1.1672721910742659e-14,1.7459378772998283e-17,3.0822734328429204e-16,1.0563901369460152e-31,6.825887700435705e-34,1.251953204346049e-12,1.0690117034734275e-14,1.0409543243180524e-19,1.3256850948580054e-14,7.842801583136162e-28,1.6093151675381822e-21,1.2362432228756694e-27,1.3634609790166184e-35,7.380276908696545e-30,1.1771022162984073e-12,1.0257150994189387e-14,1.3887152658778668e-14,3.487721428490363e-18,1.85020029382789e-18,7.280459379050312e-21,2.50373321543296e-14,5.905722931264408e-14,7.895524346562958e-21,3.816369095912591e-28
815433881.7315582,25.857238766221403,10000.0,250.0,1.0,1.0,21.2875,2.585069638248804e-06,0.00017441346615603922,3.67775052348846e-11,3.9706622673154137e-14,1.1929928325263052e-11,3.909533118358853e-14,5.443368397995389e-12,2.1908956677161254e-13,2.625787185562514e-30,1.5548967864341056e-22,8.428593594651312e-31,8.105392725366765e-14,1.6638440054223988e-15,1.960879981559011e-28,3.405707161244818e-17,3.487442028487232e-14,1.0002506357343811e-30,8.45887885831512e-27,2.427172615252548e-20,1.2026293893402053e-19,2.1954400380423567e-22,1.452794108660331e-22,1.8296788813125848e-10,2.0157609488151935e-12,1.0099858387524906e-11,2.0173295507576017e-11,1.0721103842775356e-19,2.859355902902402e-23,4.483689428616784e-12,8.641946119462101e-11,1.000336259063821e-24,1.2585195139282013e-30,3.0795940520778995e-18,7.533094570205564e-21,2.1386389539252526e-22,2.739623284996523e-23,1.7336986849433335e-15,8.339913772730123e-17,9.941157244316968e-17,3.118880447485619e-08,4.4393386738379915e-17,1.5246099757742897e-11,1.419383886241958e-16,1.1269219217842384e-09,2.5138535296290284e-13,4.996046097479045e-16,6.675420967948042e-13,3.661285495197287e-15,0.00018146027538983145,0.499975164681375,3.199809095739781e-09,0.25001241371436855,3.546683884661685e-13,3.718666773560981e-16,4.232705340540864e-16,2.741809289099531e-13,1.136771035176015e-14,6.359851249906267e-21,6.139023832080755e-17,3.9115740858571845e-17,1.9149169606664555e-20,1.796722802276953e-24,2.7679862173310513e-11,4.878625498935296e-13,2.31536529957686e-15,5.6249872380290226e-14,9.99930809637399e-31,6.294907621239904e-25,5.698788878621017e-28,1.3713278230916382e-11,1.3658793292633178e-12,9.11711652208112e-19,3.238148202717269e-20,2.7111950114624014e-09,9.74212477656739e-17,1.480513714558513e-12,1.2244032476942151e-15,4.764698528747207e-15,7.291148778453237e-15,1.3981565561572063e-12,8.351983832253037e-21,2.7345750396072806e-22,3.1886145030285957e-17,2.3375243539606775e-15,0.10000000098512053,5.049907567759545e-10,5.699375964816601e-15,1.6542843574712286e-13,1.8387571698970705e-21,1.4992622817911963e-15,5.734321818090523e-17,5.537586026189693e-22,2.4155783960322383e-12,1.8154160420677004e-29,1.0978070865554855e-13,5.928780514152232e-14,8.086772953960291e-23,2.7888665144276363e-20,2.1649186708072117e-19,4.4793208016512223e-07,1.808067919834875e-06,6.17999659536547e-05,9.37771896984692e-16,4.687018083466935e-13,1.165730249276455e-19,1.1437193318686347e-18,1.6581002134958752e-21,3.5694110522254896e-13,7.043996843083346e-16,1.7613818440651996e-13,1.818184324574674e-15,1.8479976476123398e-30,5.325534060432667e-16,1.5802016517613775e-15,6.500569358719058e-19,1.5560102269590143e-11,2.518322592135672e-14,1.3598940512115486e-19,1.921513304342015e-15,1.7089477764121123e-16,0.00033399739127184283,4.763502129803286e-13,5.156444917112804e-11,3.2143041566395273e-15,1.6966919027510378e-24,2.161381964995188e-21,6.380379538403194e-19,1.6208736113514583e-18,5.638840482935163e-20,3.8009055524836373e-23,1.3259551299939596e-09,5.17708316636393e-13,4.1247402317985275e-08,3.468751583078662e-06,6.578162923574614e-18,1.3073120739893932e-19,1.3841677548124634e-08,1.7661546815629088e-06,1.0186141507886281e-14,1.2706364155638148e-14,3.437557787699824e-17,3.5334731730636167e-16,3.900875502927575e-32,2.5163719174083263e-34,1.462460138279893e-12,1.0710294473304057e-14,1.1157439052654815e-19,1.3299796648206802e-14,9.527851837005332e-28,1.6146415511910767e-21,1.791081439997855e-27,2.782613525095149e-35,7.415285485859877e-30,2.0992608557139e-12,1.3513645930655077e-14,1.835569840470511e-14,6.034324623056838e-18,2.1553683398529995e-18,1.0100801683935818e-20,3.364651281065599e-14,7.753286776878695e-14,1.366412350407634e-20,9.299987701899604e-28
1179186026.6059425,37.39174361383633,10000.0,250.0,1.0,1.0,21.2875,3.16970233147562e-06,0.00017382781359841858,4.891514909957369e-11,3.9495911939675434e-14,1.2810138457323905e-11,3.906493038753505e-14,9.286363928081285e-12,2.1875187058007366e-13,5.154394458322652e-30,3.0129796391866384e-22,8.72026583968454e-31,1.3271310037579828e-13,1.7055059339353911e-15,3.3068609949547316e-28,3.407400476947701e-17,3.7412394958182174e-14,1.0032338727758604e-30,1.0981808009505414e-26,8.462291839396556e-20,4.231155808416566e-19,1.1635255573307938e-21,4.546466109864015e-22,1.8251932424771353e-10,2.009096489148331e-12,1.0082519190342305e-11,2.0115672708098525e-11,1.7421140378309407e-19,4.331882227344104e-23,4.34787321794685e-12,8.634948361476095e-11,1.8714964596843792e-24,1.40623402475779e-30,6.86385356039857e-18,1.1701531253560323e-20,3.6310333200925774e-22,4.1136819311777105e-23,2.2418825954098018e-15,8.355718562857272e-17,9.94451986347709e-17,3.115260047354925e-08,5.954523993077829e-17,2.2939507573479983e-11,1.5424684278426287e-16,2.1036502615779134e-09,3.233731246416045e-13,5.692873176086678e-16,9.98056627195896e-13,3.867286041310956e-15,0.00018109165951068923,0.4999640346748769,4.449248523000896e-09,0.2500179778658318,3.5532944700487174e-13,5.143731658332503e-16,4.1048840817967006e-16,2.719784437373401e-13,1.137782264103759e-14,8.964462679279415e-21,9.672735307706307e-17,3.784047514443194e-17,2.470932510023233e-20,2.1677886538660067e-24,4.1499190205416337e-11,6.752897609089814e-13,2.2393849796398223e-15,5.60454808666593e-14,9.998680998579227e-31,8.63972966551869e-25,1.490122675547524e-27,1.3767461074130049e-11,1.8953318913447024e-12,9.096960182822681e-19,1.0156042370495459e-19,2.7473988179346888e-09,1.3459753211546126e-16,2.2963584314459754e-12,1.2462398228951193e-15,4.85998726089907e-15,7.272064590957675e-15,1.7230610748487614e-12,1.3260203996789528e-20,5.769658957737699e-22,3.1103838475888734e-17,2.4717066932416838e-15,0.10000000077523356,7.148777267503234e-10,5.775341498238543e-15,1.6982763952737214e-13,4.63005085810888e-21,1.6758040901361741e-15,7.926972719266035e-17,7.625939053907763e-22,3.2140054425317107e-12,4.09274156178043e-29,1.0917720856594436e-13,5.91284131499632e-14,1.6189830134797025e-22,2.690788729279899e-20,4.1268828815794875e-19,2.2116726141336865e-07,2.0348327385866274e-06,6.179994594715571e-05,9.378871779546831e-16,1.05174599152033e-12,1.1814990413094016e-19,1.1597942966048972e-18,3.6562289370782624e-21,4.089809675513908e-13,7.048936491221223e-16,1.9454475737499223e-13,1.821326568142464e-15,2.1788185311169745e-30,6.163912615589504e-16,1.5863821916535118e-15,6.539451115409789e-19,2.5747826077983687e-11,4.155592580433562e-14,1.532932011340492e-19,2.018802037757143e-15,1.75870539278507e-16,0.00033399594116574914,6.626112139179346e-13,8.513356510259631e-11,4.47450248264592e-15,2.810859358881592e-24,3.585066181615191e-21,6.472237762947261e-19,2.0561513089979736e-18,6.008021257666747e-20,5.24433318974473e-23,1.7043823149741801e-09,7.173761951560969e-13,5.659040505419392e-08,3.4534082157606687e-06,1.0246911027755029e-17,1.2617217719705697e-19,9.686432602089301e-09,1.7703083113437029e-06,1.1449216997934054e-14,1.3481449724056609e-14,5.18029815916703e-17,3.813241475673005e-16,9.277590190318165e-33,5.976812352190014e-35,1.6199393345612542e-12,1.0736352405952915e-14,1.1519773752069362e-19,1.3358478638412896e-14,1.10008609882558e-27,1.621903176136768e-21,2.5963813587108057e-27,5.605032108873621e-35,7.464109270950293e-30,3.5454748316463714e-12,1.7417938798386096e-14,2.3751334658219304e-14,9.638831992841845e-18,2.3785164583788117e-18,1.3955392704349383e-20,4.635430285793306e-14,9.944806437885543e-14,2.329555913248448e-20,2.2028359931601624e-27
1705202244.4665277,54.07160846228208,10000.0,250.0,1.0,1.0,21.2875,3.821969673290721e-06,0.00017317370321479972,6.11967239842953e-11,3.9270720873777127e-14,1.3155879767885665e-11,3.905443267558453e-14,1.510149918681021e-11,2.1871636861143877e-13,9.84964343798373e-30,5.682018640700684e-22,8.57495039299003e-31,2.0769232677954058e-13,1.7295750406446225e-15,5.451951708306194e-28,3.4168485167305045e-17,3.8395824548003496e-14,1.0151147403629655e-30,1.3749228978276836e-26,2.872414833362082e-19,1.353356086836762e-18,5.648271099253381e-21,1.3097011282571669e-21,1.8204046965039436e-10,2.001696004999835e-12,1.006485303966535e-11,2.005453694010687e-11,2.6130288907452044e-19,6.26017235018288e-23,4.2144097914589695e-12,8.634221426521859e-11,3.324356151285465e-24,1.6504181179170227e-30,1.5392726054814206e-17,1.83839551610496e-20,5.6644659291962725e-22,5.921075270391909e-23,2.7848825486693947e-15,8.387726808497298e-17,9.96020025831171e-17,3.1102013409842374e-08,8.030809838415771e-17,3.434693599747207e-11,1.6225862924104848e-16,3.8957275219674866e-09,4.0680395658374714e-13,6.158054500286426e-16,1.493351695853102e-12,4.070474716454867e-15,0.0001805604872561831,0.49994794302787093,6.054020721211686e-09,0.2500260226159617,3.5623692913982197e-13,7.065725426839058e-16,3.9788419237995564e-16,2.6370729922114584e-13,1.1397452673152476e-14,1.2375095216058083e-20,1.4149662259435607e-16,3.6561877566178864e-17,3.0602615832404897e-20,2.529041586675201e-24,5.955053846351067e-11,9.167754680793085e-13,2.1765606257411694e-15,5.5768461401539476e-14,9.997468383430094e-31,1.184921705371455e-24,3.583379029775493e-27,1.384422286604614e-11,2.5815445724720187e-12,9.070663828222721e-19,2.928227179456627e-19,2.7979856188197813e-09,1.8445705443414113e-16,3.5968399222921635e-12,1.2585041354193721e-15,4.9226017272311555e-15,7.253260660090205e-15,2.109371544525319e-12,2.0473003351017784e-20,1.1203372315698794e-21,3.040022597382316e-17,2.611230490965122e-15,0.10000000048735998,1.0027512319880186e-09,5.879539387918542e-15,1.7237962930425161e-13,1.1032585917936264e-20,1.7764226228214633e-15,1.0768701614975449e-16,1.0508966653331925e-21,4.1776151916708795e-12,9.338494433058456e-29,1.0833280030151985e-13,5.891632530603788e-14,3.221650093704934e-22,2.6068713957848368e-20,7.712596127814812e-19,8.245355198071736e-08,2.173546448019277e-06,6.179991651514165e-05,9.3813646205918e-16,2.3366059802675384e-12,1.2074249371890941e-19,1.1859171759247806e-18,7.780926715039073e-21,4.439951859899213e-13,7.05529118045765e-16,2.0502807331488333e-13,1.8256659031587177e-15,2.2775297491022822e-30,6.775461062984522e-16,1.5950214999439916e-15,6.59464948359966e-19,3.9756339700076175e-11,6.405601454572619e-14,1.6311760695776515e-19,2.0490437960943903e-15,1.7979355597083796e-16,0.0003339935814750801,9.021764144379023e-13,1.3113382276371773e-10,6.112371513803484e-15,4.3439951870503576e-24,5.557157504112436e-21,6.686010166185719e-19,2.719538839861202e-18,6.418936921870329e-20,7.587432176175689e-23,2.1429344281361067e-09,9.7423360053892e-13,7.758080763984916e-08,3.4324172731066383e-06,1.571389080041266e-17,1.2229380306511272e-19,6.364464714117039e-09,1.773628106748409e-06,1.2061631204650879e-14,1.3933748605927577e-14,6.172618967265185e-17,3.9361140929476027e-16,1.170999309986891e-33,7.537588161451618e-36,1.7112600349858602e-12,1.0757677912923731e-14,1.1667603957584558e-19,1.3423286466793941e-14,1.206162526512937e-27,1.6299607523648892e-21,3.765932940372885e-27,1.1061467923648941e-34,7.523766530747039e-30,5.614589936597587e-12,2.1956283090882253e-14,3.008247546706063e-14,1.4430152142373256e-17,2.4996135445328996e-18,1.928826557917429e-20,6.686078272652177e-14,1.2467468041643955e-13,4.039782784003147e-20,5.1985604626827335e-27
2465865969.34411,78.19209694774575,10000.0,250.0,1.0,1.0,21.2875,4.616317909681919e-06,0.00017237606888423235,7.151860784468173e-11,3.9005905369299744e-14,1.3256643534739376e-11,3.9106755197452333e-14,2.363417067297e-11,2.195715803530424e-13,1.825966077277891e-29,1.0377780098229925e-21,8.227825983694118e-31,3.1165191723131335e-13,1.7426591866986251e-15,8.870376391202443e-28,3.444783035988311e-17,3.867685874288515e-14,1.0568421078375372e-30,1.6556675625570252e-26,9.263455247965229e-19,3.915730041032078e-18,2.485340676986678e-20,3.43945449958781e-21,1.8147833663719914e-10,1.9927126682579867e-12,1.0044935689098912e-11,1.9983071065977736e-11,3.7057122531923006e-19,8.626463044953646e-23,4.1498246127501535e-12,8.640272525542505e-11,5.5451300317988134e-24,2.048872192713854e-30,3.487893887140385e-17,2.9387568816576746e-20,8.206521192064814e-22,8.157537070129164e-23,3.2957530756210392e-15,8.441076200971433e-17,9.991086009481101e-17,3.103239460431746e-08,1.0804739949835683e-16,5.0570438944894146e-11,1.6585562734928058e-16,7.123629821399497e-09,5.004271699316466e-13,6.434915019182527e-16,2.2269117188913786e-12,4.2301854571467945e-15,0.00017979649696377455,0.49992467925360407,7.988342968270836e-09,0.2500376532195972,3.574539943776742e-13,9.560587291606645e-16,3.9180376525667664e-16,2.5963433343748297e-13,1.144636643613824e-14,1.6566401695897887e-20,2.015418618711858e-16,3.5845721241097156e-17,3.606458739368169e-20,2.8961000477088727e-24,8.162896085857687e-11,1.2087143476837052e-12,2.1381196066309066e-15,5.5384446085570817e-14,9.99515625838443e-31,1.6323900460109538e-24,7.965548234517537e-27,1.3951849670852534e-11,3.4189519250849205e-12,9.035007335969318e-19,7.691145492722994e-19,2.867604082950725e-09,2.486255427987792e-16,5.720676284582859e-12,1.2627054928419947e-15,4.96033192792494e-15,7.244475726248344e-15,2.5538249513469576e-12,3.0644771114462946e-20,2.0738928298534885e-21,3.0264484634156804e-17,2.7358462088565753e-15,0.10000000010172874,1.3883822825006068e-09,6.019131294128224e-15,1.737375071768006e-13,2.4700405104565316e-20,1.8226348057252812e-15,1.4236264512347443e-16,1.4578303411423988e-21,5.297551347292425e-12,2.177460956112776e-28,1.0714512937467528e-13,5.862544077062606e-14,6.395008365307096e-22,2.549715886650548e-20,1.4071935060523982e-18,2.3510709613679924e-08,2.232489290386314e-06,6.179987525815265e-05,9.386282339762664e-16,5.088959191933463e-12,1.2683291235710793e-19,1.2440361640452587e-18,1.587829520590752e-20,4.61615469606674e-13,7.064179684553285e-16,2.0983899346987897e-13,1.8318609206538533e-15,2.308868764306703e-30,7.143815267445138e-16,1.6073731213184753e-15,6.674300616333751e-19,5.70056095180707e-11,9.176925774341233e-14,1.6757203552532971e-19,2.0463930898216815e-15,1.8272560119780622e-16,0.00033398970012570283,1.1909989309481569e-12,1.8761055789948761e-10,8.116539729421086e-15,6.247361333267924e-24,8.019674238097685e-21,7.123998569870676e-19,3.953681997778047e-18,6.860777290915139e-20,1.1603108035523758e-22,2.637942803483809e-09,1.2839917355174935e-12,1.0681934708396349e-07,3.40317793858809e-06,2.403567829366019e-17,1.197187062017046e-19,4.744713386049261e-09,1.7752451371746526e-06,1.2354496630506755e-14,1.4135662076189583e-14,7.118340181669558e-17,3.9873983740583094e-16,5.941580551443227e-35,3.82314355394011e-37,1.7508382861069322e-12,1.076924240888711e-14,1.1744744579185111e-19,1.3493139349583397e-14,1.2675375269927883e-27,1.6387194505834861e-21,5.464640041173815e-27,2.1189104363675933e-34,7.597139127615796e-30,8.282943258513112e-12,2.708429674289442e-14,3.732751912648242e-14,2.079430878421057e-17,2.5388674044387497e-18,2.6815971713861517e-20,1.0172586055921755e-13,1.5285626380338682e-13,7.282599664340569e-20,1.2380083745269552e-26
3565849739.2323394,113.07235347641867,10000.0,250.0,1.0,1.0,21.2875,5.6832018004711e-06,0.0001713034352838445,7.835736845538869e-11,3.865537357116874e-14,1.3335758981534358e-11,3.922255502484935e-14,3.604804325475085e-11,2.2136125695065302e-13,3.282348034852852e-29,1.8334319908876326e-21,8.004791430193224e-31,4.5096706896275386e-13,1.7520500763622089e-15,1.4453356327257182e-27,3.4941792246208783e-17,3.890345539756099e-14,1.1953278913176044e-30,1.921743570615185e-26,2.777575838303509e-18,1.0308815464789347e-17,9.891761894090741e-20,8.243207157312655e-21,1.8073405323582877e-10,1.98065384850742e-12,1.0019012791413088e-11,1.988860913738505e-11,5.040078056699063e-19,1.1299463743945327e-22,4.134552883157097e-12,8.652531073331932e-11,8.581169369611348e-24,2.7011953254985193e-30,8.021216092690793e-17,4.7976950778162184e-20,1.1123179364176145e-21,1.072017960542514e-22,3.69964327893738e-15,8.521995594090046e-17,1.0039848395225233e-16,3.093865174368299e-08,1.4389517524033822e-16,7.21562767372095e-11,1.6662083873339318e-16,1.280714966113139e-08,6.000349613762389e-13,6.678740066943648e-16,3.290433460856717e-12,4.31629389373911e-15,0.0001787007373429809,0.49989104868673095,1.0120852820748844e-08,0.25005446708078477,3.5903229217545054e-13,1.2639239669415631e-15,3.90410522102451e-16,2.5989802814994033e-13,1.1530595622230331e-14,2.130601079913188e-20,2.8733081886496004e-16,3.549732147176329e-17,4.0241702881541456e-20,3.2920527652508887e-24,1.0645896191523125e-10,1.531916646786395e-12,2.1103338113415458e-15,5.4843096459580746e-14,9.990856933307781e-31,2.264077412709668e-24,1.6530243042926542e-26,1.4100796383617828e-11,4.360632445221144e-12,8.985043454210728e-19,1.843095179539421e-18,2.9613465217434313e-09,3.267542776165592e-16,9.268463947321265e-12,1.262772816611004e-15,4.991375402901917e-15,7.244029362146302e-15,3.0391855981755425e-12,4.4133511140606293e-20,3.740971180414247e-21,3.059412707628027e-17,2.832467275886216e-15,0.09999999960249857,1.887612206197723e-09,6.199865561683638e-15,1.746642232664678e-13,5.18177938609507e-20,1.8495508110149627e-15,1.8135017624985862e-16,2.042553380822796e-21,6.526095882331131e-12,5.084947282672497e-28,1.0546802312151284e-13,5.821661130267487e-14,1.2705855936107652e-21,2.5013168581628468e-20,2.48833961820621e-18,8.47897820519857e-09,2.247521021794797e-06,6.17998195215045e-05,9.395151911460926e-16,1.0763675510823677e-11,1.4305377399804832e-19,1.3925117692530642e-18,3.0653146988341366e-20,4.686654074038726e-13,7.077057139143267e-16,2.1263913518316495e-13,1.8408211880765528e-15,2.355708305585308e-30,7.364339404055946e-16,1.6252669821594748e-15,6.79047577572819e-19,7.607825837428595e-11,1.2242476229419166e-13,1.700945404526942e-19,2.031689063140206e-15,1.8503048109098865e-16,0.00033398330617448577,1.5092954649043364e-12,2.500017908514341e-10,1.0374002113964674e-14,8.390358982888566e-24,1.0813877803420798e-20,7.857637626517151e-19,6.185421173997692e-18,7.348720662981115e-20,1.8532908017548159e-22,3.1727291408438995e-09,1.6255151847242775e-12,1.4804534222279965e-07,3.361950792840106e-06,3.695096089519714e-17,1.1763829066764824e-19,4.3079289182269935e-09,1.7756788081138783e-06,1.2642215039189077e-14,1.4228890321299532e-14,9.774808164970888e-17,4.038417303662198e-16,8.155087155282268e-37,5.246862461155074e-39,1.7672298710617897e-12,1.0774443554459828e-14,1.1816116171854412e-19,1.3579929390380653e-14,1.3010475584103717e-27,1.6496649028602791e-21,7.932927073426936e-27,3.9008567709807345e-34,7.696055120992253e-30,1.1366011588632954e-11,3.264213915140821e-14,4.5324928053866445e-14,2.961026837248404e-17,2.5361932103921404e-18,3.764038462533317e-20,1.61235396481913e-13,1.827950731501677e-13,1.3537919080157042e-19,2.9225343109375533e-26
5156518854.171731,163.5121402261457,10000.0,250.0,1.0,1.0,21.2875,7.184837444786404e-06,0.00016979200544863247,8.175565353848385e-11,3.816325850172453e-14,1.3456966014298e-11,3.9400282421058876e-14,5.413687137357716e-11,2.2412058798207087e-13,5.768926019830593e-29,3.1602705170033148e-21,7.943576846859053e-31,6.308537432039536e-13,1.763876610331519e-15,2.3795486086096953e-27,3.5690300908067835e-17,3.925556180101317e-14,1.64515809218319e-30,2.1907673189041156e-26,7.611511103646714e-18,2.5062054246967688e-17,3.581363533079868e-19,1.8112044352892403e-20,1.7968591473424329e-10,1.963662605025858e-12,9.982527350549829e-12,1.975559209231834e-11,6.584681365475156e-19,1.4017842027829045e-22,4.1355142866661515e-12,8.671129908834113e-11,1.2248349936262943e-23,3.765474164068276e-30,1.8763937906082024e-16,7.99012092465708e-20,1.4157030402222812e-21,1.3392437727484329e-22,3.956783211900951e-15,8.640549540426203e-17,1.0111445688647183e-16,3.081631400881798e-08,1.8829234930192182e-16,9.836956675890892e-11,1.6628788449184124e-16,2.2523278216812018e-08,6.961218853122303e-13,7.067664387391388e-16,4.790082460341375e-12,4.327342945731929e-15,0.00017713578656226804,0.49984243417285906,1.2201214893142537e-08,0.2500787729216954,3.609824099919439e-13,1.6209687357607157e-15,3.905789880551803e-16,2.6218553084718966e-13,1.1656650709780283e-14,2.613592651029644e-20,4.1076560094475636e-16,3.519972053614774e-17,4.26692242349774e-20,3.723688956753207e-24,1.3154244405133993e-10,1.8497587968257547e-12,2.0785385788814e-15,5.407739587098488e-14,9.983140757742419e-31,3.1566303771926678e-24,3.2325550090099347e-26,1.4303725283612838e-11,5.312889060743341e-12,8.914172544541028e-19,4.0491216213646415e-18,3.0836837664960686e-09,4.154247215602541e-16,1.526678499315478e-11,1.2619705990241185e-15,5.032781011563735e-15,7.247253178963498e-15,3.5248743692479716e-12,6.029141525032078e-20,6.612219396679843e-21,3.120594790975408e-17,2.906065926957853e-15,0.0999999989873763,2.5027342408031803e-09,6.422610167194002e-15,1.7580435409312192e-13,1.020271770537552e-19,1.8800187762742572e-15,2.2076499472553959e-16,2.889827090055994e-21,7.755676503673988e-12,1.1380352289716103e-27,1.0310789442061825e-13,5.763753967037063e-14,2.530241145014055e-21,2.4424012676530182e-20,4.223506656127142e-18,6.592087482374184e-09,2.249407912517621e-06,6.179974571581162e-05,9.409779544325457e-16,2.1935290482027753e-11,1.8496549948565758e-19,1.769575691646406e-18,5.499173293604705e-20,4.727788201714939e-13,7.095331200040514e-16,2.1580570716682466e-13,1.853676695777027e-15,2.4330348260281012e-30,7.566665574644709e-16,1.6512351214760703e-15,6.960637107408594e-19,9.510993474869338e-11,1.5301261300564292e-13,1.7291185517563427e-19,2.009572727515807e-15,1.8692316001575938e-16,0.0003339728824774158,1.8197590481911763e-12,3.1241951048538093e-10,1.2654371347772221e-14,1.0601932891857009e-23,1.373128022395191e-20,8.904232322006226e-19,9.899177564750951e-18,7.947963833331309e-20,3.011572763609996e-22,3.7042633062638934e-09,1.958897311065694e-12,2.0620134518019762e-07,3.303793166953981e-06,5.72072539467037e-17,1.1518823414413272e-19,4.254459595106895e-09,1.775729069183402e-06,1.3056926040496046e-14,1.4314765232952602e-14,1.487613672793866e-16,4.114386266934852e-16,1.7282848982515325e-39,1.1119024099419878e-41,1.7808247278395798e-12,1.0778435655846807e-14,1.1909727626182995e-19,1.3701356922480252e-14,1.3296002704185726e-27,1.6650012280374567e-21,1.1524383282207478e-26,6.842093897122623e-34,7.838239465026506e-30,1.454613745430381e-11,3.821511887345837e-14,5.358756143343292e-14,4.22573941116221e-17,2.518090563157558e-18,5.3369323069056236e-20,2.591175438914747e-13,2.116824520125461e-13,2.508706581215138e-19,6.553537806750775e-26
7456760278.169419,236.45231729355083,10000.0,250.0,1.0,1.0,21.2875,9.31096948221061e-06,0.00016764977733566051,8.314090556051567e-11,3.746724657035625e-14,1.3634606301595493e-11,3.965612255888745e-14,8.059004266555151e-11,2.2815445419906014e-13,1.0178689453189519e-28,5.4655312920723346e-21,7.934995880737255e-31,8.507476599973914e-13,1.78207939728948e-15,3.945253057309172e-27,3.679455855344032e-17,3.977226712833109e-14,3.1141669721921863e-30,2.569175776676201e-26,1.8799756745838355e-17,5.743014886489016e-17,1.1928834026039663e-18,3.6648759048088294e-20,1.7819422691906782e-10,1.939566202642063e-12,9.930347812971627e-12,1.9566152426438652e-11,8.218157727429118e-19,1.6455981888508161e-22,4.139847939584657e-12,8.697807263755785e-11,1.6412039216237852e-23,5.456388928561651e-30,4.455538017125141e-16,1.348526000925054e-19,1.699057052804574e-21,1.5903410212570802e-22,4.094619509866947e-15,8.813075704800689e-17,1.0214820208715403e-16,3.066365578701512e-08,2.403009376503769e-16,1.267286762139744e-10,1.6559508955295966e-16,3.852224990972801e-08,7.75387632344108e-13,7.763686893161748e-16,6.842546665062038e-12,4.285476806330545e-15,0.0001749147207885352,0.49977216242983075,1.392017229852883e-08,0.2501139075685082,3.6323019020046027e-13,2.00728320859637e-15,3.9110084228224484e-16,2.6575800081010545e-13,1.1839896135951427e-14,3.0490199383649014e-20,5.870615243979268e-16,3.480554937489571e-17,4.3615808368052383e-20,4.182935564028336e-24,1.5376943876700418e-10,2.11692709165238e-12,2.0347891425735994e-15,5.300140708453538e-14,9.969880811201464e-31,4.4081159831246734e-24,5.992802901886984e-26,1.4575417560463695e-11,6.158653487799007e-12,8.813873424368098e-19,8.192599416135972e-18,3.236341457435871e-09,5.0796469653745e-16,2.5364016415496336e-11,1.26188065092821e-15,5.0970710458888116e-15,7.252222983103669e-15,3.954427485389092e-12,7.710747674613038e-20,1.1420954275571737e-20,3.206686460001436e-17,2.9776308283629575e-15,0.0999999982818137,3.2082965553864073e-09,6.678239282375297e-15,1.7756238895810595e-13,1.892631474311125e-19,1.9232648743492003e-15,2.5575413229542777e-16,4.120577670144034e-21,8.839901618132659e-12,2.337055759505327e-27,9.982132812194189e-14,5.6820631301976836e-14,5.0438599864612874e-21,2.3617340793749143e-20,6.827762080748491e-18,6.501874015762904e-09,2.2494981259842333e-06,6.17996482813429e-05,9.431744911190537e-16,4.279789925458e-11,2.845968188812976e-19,2.6667377144935208e-18,9.000298678223851e-20,4.776528425944536e-13,7.119887655876456e-16,2.2029020515533226e-13,1.8717462094339134e-15,2.549599193157683e-30,7.839154184966726e-16,1.6887323394243965e-15,7.210143735242711e-19,1.1210404664453805e-10,1.8030448032030035e-13,1.7690662127673743e-19,1.9787930085106758e-15,1.8825463916719405e-16,0.0003339562600474641,2.0764298211553358e-12,3.685470765892282e-10,1.4664621008827097e-14,1.27031997827353e-23,1.6544862553586436e-20,1.0171698205037044e-18,1.557492657718508e-17,8.765091250322063e-20,4.84624177988201e-22,4.169866222678072e-09,2.2349493257695174e-12,2.8755143521068486e-07,3.2224408542399594e-06,8.890462355276013e-17,1.1187875330287323e-19,4.255226877158407e-09,1.7757253524420077e-06,1.3667442123471878e-14,1.4433362974902805e-14,2.281137193325176e-16,4.2264465892084154e-16,2.5764741574392994e-43,1.6574911361068224e-45,1.7993358298910855e-12,1.0783643327626483e-14,1.2043880555497216e-19,1.3876863728148389e-14,1.3677871482663002e-27,1.6871705989697691e-21,1.6762941930591412e-26,1.137965381056844e-33,8.046527801809661e-30,1.74633059401383e-11,4.318788853460213e-14,6.137579514383691e-14,6.06250466534108e-17,2.4910710411345006e-18,7.634187328889535e-20,4.104380747324394e-13,2.3553721810919143e-13,4.462005675670859e-19,1.3371963281916873e-25
10783102984.506907,341.9299525782251,10000.0,250.0,1.0,1.0,21.2875,1.229917986733184e-05,0.00016463617627607743,8.400121753310994e-11,3.6492121498034194e-14,1.3891112742732439e-11,4.002198249908743e-14,1.1945759259725604e-10,2.340381186797971e-13,1.899774040530858e-28,1.0017530190524223e-20,7.93033744876508e-31,1.0977473957717257e-12,1.810075579768245e-15,6.513227087137056e-27,3.8430404141472986e-17,4.0518118892193705e-14,8.1283277357864e-30,3.330872841718603e-26,4.146851198353362e-17,1.2671809649018775e-16,3.706169964620596e-18,6.871257974042719e-20,1.7608276021408987e-10,1.9056378296928665e-12,9.855948713062461e-12,1.929765802189645e-11,9.734959630959293e-19,1.8395522440308728e-22,4.145878407279995e-12,8.735572373692873e-11,2.204995808374624e-23,8.031916378914351e-30,1.0664923430445941e-15,2.283781564789268e-19,1.942740273639004e-21,1.8088192787670365e-22,4.184238566830532e-15,9.064242454120233e-17,1.0363445763840331e-16,3.048499099546929e-08,2.9667408963949195e-16,1.5333338090983453e-10,1.6458903197623798e-16,6.378735135257925e-08,8.279036684207876e-13,8.940844786937961e-16,9.566101269269696e-12,4.210698078697785e-15,0.0001717907920358456,0.49967058918375434,1.5057978290338858e-08,0.2501646932898832,3.6557540009469654e-13,2.3986766612482824e-15,3.918316099025952e-16,2.7094019950528745e-13,1.2105670161163882e-14,3.3993888483184787e-20,8.378256878307125e-16,3.4254735025397525e-17,4.380113610208488e-20,4.674436985883918e-24,1.7102531780522577e-10,2.301334807646491e-12,1.973973597568331e-15,5.1507498860639885e-14,9.948139853647644e-31,6.140147236358128e-24,1.058338285449652e-25,1.4933338217676548e-11,6.818462664255938e-12,8.673072449946078e-19,1.5360373303471893e-17,3.415005713096415e-09,5.960833743719816e-16,4.2003826443077656e-11,1.2632645977467104e-15,5.196562961396121e-15,7.258993236355573e-15,4.288166077470442e-12,9.237192001405152e-20,1.9219306379148893e-20,3.322442063909109e-17,3.070270947453063e-15,0.09999999755248196,3.937628072309795e-09,6.9427889821298325e-15,1.8028069817881763e-13,3.3236108841172094e-19,1.985289075445818e-15,2.8302144841685817e-16,5.909359360051729e-21,9.675893660518754e-12,4.3344324671857385e-27,9.531916247729011e-14,5.567914244498654e-14,1.0031130852444252e-20,2.2515957343682545e-20,1.0507841474077423e-17,6.498824332591113e-09,2.249501175667405e-06,6.179951752911317e-05,9.461783973169468e-16,7.959533152283887e-11,4.974010226413149e-19,4.613367881523797e-18,1.326869748390347e-19,4.843341082091546e-13,7.15064007266301e-16,2.266975920013072e-13,1.8965343418201795e-15,2.723928192187749e-30,8.237763373448637e-16,1.7425536803221901e-15,7.576794670748455e-19,1.2573128588589012e-10,2.0214815552800617e-13,1.8263670014712485e-19,1.936921238054554e-15,1.8876938820974123e-16,0.00033393051310235777,2.246646624777762e-12,4.141940604275525e-10,1.6198454342490595e-14,1.4594639067021876e-23,1.9114109818225488e-20,1.1451370989679464e-18,2.363037072368985e-17,9.912835391345268e-20,7.617542424652541e-22,4.524404030755272e-09,2.4187184420306354e-12,3.9974258884921286e-07,3.1102467476147576e-06,1.3741403970934862e-16,1.0737466541367124e-19,4.259442148728826e-09,1.7757186676277944e-06,1.4569177403697957e-14,1.4604304173709182e-14,3.484747298343307e-16,4.3913887304712575e-16,9.106640495549211e-49,5.857865571144399e-51,1.8260308081915673e-12,1.0790956741025663e-14,1.2237697618888597e-19,1.413144301611424e-14,1.423947638365145e-27,1.7193288640057457e-21,2.4431888667820975e-26,1.799827999378507e-33,8.35354591388749e-30,1.9893872646026825e-11,4.712289444187865e-14,6.822355312389863e-14,8.739830615963218e-17,2.4535121502367155e-18,1.1004679309160297e-19,6.308374788694778e-13,2.5140456272143876e-13,7.477772509165348e-19,2.4426525579233167e-25
15593274510.230906,494.45949106516065,10000.0,250.0,1.0,1.0,21.2875,1.6448936691247352e-05,0.0001604478360211972,8.502780319592515e-11,3.5146238533695934e-14,1.4261013040905103e-11,4.0543956578784126e-14,1.7693635011384925e-10,2.426510062656288e-13,4.007076117821627e-28,2.083401544530562e-20,7.92237450266391e-31,1.3406558185326677e-12,1.852121719015157e-15,1.057357429320528e-26,4.0877775536085094e-17,4.159271273924827e-14,2.7039051112234545e-29,5.119719052354322e-26,8.177008295112317e-17,2.736667799565789e-16,1.0872090255712935e-17,1.2064413301370026e-19,1.731227600684663e-10,1.858424583365618e-12,9.75061276132196e-12,1.8920525782835577e-11,1.0921006356824081e-18,1.990355874274728e-22,4.153750145221437e-12,8.788407007724079e-11,3.3338427817939074e-23,1.1788093168980725e-29,2.5478630860021127e-15,3.8450617408725607e-19,2.1597010083260148e-21,2.0067905501475584e-22,4.284533329169608e-15,9.430464321450957e-17,1.057630687213155e-16,3.029417857818125e-08,3.5104161962058185e-16,1.7429349345803156e-10,1.6312146532445633e-16,1.0220361248242415e-07,8.541411809739075e-13,1.0838468214105815e-15,1.3053706168420824e-11,4.107387595076012e-15,0.0001674520093302911,0.4995237815118364,1.5622541856861434e-08,0.2502380965365003,3.676987220925406e-13,2.777033265420896e-15,3.928047860330626e-16,2.7842834101912007e-13,1.249142649341701e-14,3.677916699120176e-20,1.1925306675625051e-15,3.3492685308743235e-17,4.3769781394951144e-20,5.250234328694558e-24,1.838383862473312e-10,2.405030858514231e-12,1.8907492836533903e-15,4.9468734542797604e-14,9.91404116979974e-31,8.493688849038333e-24,1.79399191680343e-25,1.5400990102994267e-11,7.312557445254507e-12,8.477779547247744e-19,2.6972239847758816e-17,3.6058176212515615e-09,6.724921231354566e-16,6.851676265446073e-11,1.2666954923481487e-15,5.34735683416919e-15,7.268077475145384e-15,4.537162517778358e-12,1.0589272265286781e-19,3.154916591346844e-20,3.4728791970249945e-17,3.202171400742364e-15,0.0999999969052418,4.584867956063373e-09,7.178212811444563e-15,1.8438453074566712e-13,5.56610736547352e-19,2.0739213414112447e-15,3.033968809916452e-16,8.509076470537125e-21,1.028953362509423e-11,7.429237369065624e-27,8.929289932455086e-14,5.41064084443988e-14,1.980824024182987e-20,2.1046759018577785e-20,1.5541235822876712e-17,6.496070751075456e-09,2.249503929248921e-06,6.179933627165743e-05,9.499808786366456e-16,1.4092164951097586e-10,8.997200928879927e-19,8.411211791985165e-18,1.76465041749234e-19,4.933790334937097e-13,7.186608776690626e-16,2.358063033795181e-13,1.9298833414789086e-15,2.9877562733756517e-30,8.82740553886736e-16,1.8196544177646537e-15,8.11944526563279e-19,1.3657859017610756e-10,2.1947123019084311e-13,1.9082688079604874e-19,1.8814463512616648e-15,1.88408493633932e-16,0.0003338917405236378,2.331664516166123e-12,4.5145631247634654e-10,1.72914068704162e-14,1.6409491676261908e-23,2.1586189592392135e-20,1.2536190186482022e-18,3.457628898264122e-17,1.1513253268674405e-19,1.1748813084565355e-21,4.778450521239615e-09,2.5116108769912363e-12,5.513904007864879e-07,2.9585951373665374e-06,2.0766881241888042e-16,1.0135579842781771e-19,4.265006700032311e-09,1.7757109885446691e-06,1.5912065720977496e-14,1.485027773541005e-14,5.339546724901711e-16,4.635779418774822e-16,1.746778375295261e-56,1.1234233202015645e-58,1.8644977424589876e-12,1.0801132252337505e-14,1.2517376345294944e-19,1.4500925759948006e-14,1.5075717612503356e-27,1.766005175500788e-21,3.5717411078569983e-26,2.741920631859129e-33,8.809301115913062e-30,2.195836708715309e-11,5.0160838029932265e-14,7.453845231621134e-14,1.265602624604544e-16,2.402219818567466e-18,1.5980659078942054e-19,9.426456729830372e-13,2.5949910032383373e-13,1.192876055556383e-18,4.0828658854048982e-25
22549187400.02521,715.0300418577249,10000.0,250.0,1.0,1.0,21.2875,2.2116491520437327e-05,0.00015472312568286123,8.641106561414274e-11,3.332612185732916e-14,1.4793557238470403e-11,4.128504679968921e-14,2.6269506829053453e-10,2.553211568334308e-13,9.880997670510189e-28,5.0897174247483646e-20,7.907604602004871e-31,1.532985978424959e-12,1.914304312335333e-15,1.6723356442821093e-26,4.459013658917603e-17,4.3137343552945316e-14,1.0900563585184547e-28,9.55224366402729e-26,1.468280506452827e-16,5.840695389636029e-16,3.0331943032627907e-17,2.0226680625555987e-19,1.6902836637714316e-10,1.7937837352991137e-12,9.602959801635723e-12,1.839740895527559e-11,1.1688537503669367e-18,2.130813827634511e-22,4.163387725483927e-12,8.861167681567452e-11,6.196675568510757e-23,1.709454122196154e-29,6.015979543580306e-15,6.404867984505934e-19,2.3964990918312564e-21,2.226083073423216e-22,4.425256543392068e-15,9.965686230481848e-17,1.0879659156737718e-16,3.011522518963166e-08,3.946721055927959e-16,1.8803103293102768e-10,1.6097284223426896e-16,1.5912797718657215e-07,8.629946372810088e-13,1.3881830482694424e-15,1.732947635568472e-11,3.974585793925787e-15,0.00016152855349407753,0.49931162479756747,1.5802663477333795e-08,0.2503441744894154,3.6927576335572233e-13,3.133298193311722e-15,3.940402208691494e-16,2.8923030272406887e-13,1.305201143055265e-14,3.9448606223117546e-20,1.6899637368680966e-15,3.245682468582732e-17,4.37072246418428e-20,6.030388140578417e-24,1.9509796752731273e-10,2.4577038948604423e-12,1.7794640430671827e-15,4.675218875317528e-14,9.862501939693257e-31,1.1612818428764382e-23,2.95420583819455e-25,1.6017150971215763e-11,7.750054347342162e-12,8.211526222867136e-19,4.523184756385512e-17,3.7847705507932225e-09,7.316046560337115e-16,1.0918726280223107e-10,1.272887263355706e-15,5.5730780549752745e-15,7.280017682243268e-15,4.757810184272758e-12,1.2024089236391087e-19,5.086742952158647e-20,3.6592115837894676e-17,3.3935891513983093e-15,0.09999999644874479,5.04136484793116e-09,7.345534169840545e-15,1.904810416447411e-13,8.988767320894016e-19,2.2009825860831652e-15,3.2138243827553356e-16,1.228735318995071e-20,1.0821298283227727e-11,1.2332682036926224e-26,8.148037953449544e-14,5.1982708074242156e-14,3.86083188565167e-20,1.915073217274323e-20,2.2418511949267808e-17,6.492293090041933e-09,2.2495077069099544e-06,6.179907637244248e-05,9.545957573717568e-16,2.382712021513405e-10,1.5722630417417361e-18,1.5095585931602144e-17,2.16717229765888e-19,5.055259630633502e-13,7.226998333583862e-16,2.4878401109637645e-13,1.9743934681541237e-15,3.39570460503511e-30,9.711933092364768e-16,1.9306783284075414e-15,8.93456581841636e-19,1.4712613791178537e-10,2.362329270672587e-13,2.0257241010820595e-19,1.8107358153913786e-15,1.8733339401637622e-16,0.0003338345025129655,2.359761494378508e-12,4.887907622537974e-10,1.8194309222226945e-14,1.8555862736093596e-23,2.446246031727585e-20,1.3375003028973708e-18,4.9356025619611713e-17,1.375693460733662e-19,1.807268702955384e-21,4.9916532396577455e-09,2.5440442451455942e-12,7.507636853963572e-07,2.759217141289958e-06,2.988168642449493e-16,9.357681075923702e-20,4.272780525483042e-09,1.7757009793206283e-06,1.793469351266268e-14,1.52029672177531e-14,8.267915064472271e-16,5.001333102174644e-16,2.6268927118654684e-67,1.6889492859315215e-69,1.9197607798959136e-12,1.0815055030412194e-14,1.2920224250089383e-19,1.5037683796110814e-14,1.6335308084984988e-27,1.8338225989961745e-21,5.244707440168931e-26,4.097307424694664e-33,9.492972903135033e-30,2.412528266974949e-11,5.2968270860708434e-14,8.16380150010728e-14,1.8413433455004664e-16,2.3337717033798175e-18,2.339262088234221e-19,1.3872135970579788e-12,2.6264443740793023e-13,1.8630949702921372e-18,6.5303918642312e-25
32608022905.506226,1033.9936233354333,10000.0,250.0,1.0,1.0,21.2875,2.9683297807713227e-05,0.00014707270950867392,8.82330079913026e-11,3.0931714206422376e-14,1.5557916124942124e-11,4.232810350882657e-14,3.921745737727352e-10,2.740782596457001e-13,2.7671904747543947e-27,1.4166287952671704e-19,7.879686741245454e-31,1.6369159305540739e-12,2.0058601902948484e-15,2.5681215939791304e-26,5.032852222503197e-17,4.53488130826386e-14,5.0657065553495115e-28,2.094096165233002e-25,2.4934838351210863e-16,1.2378644948279906e-15,8.068006107171503e-17,3.3397701942334753e-19,1.6346698691151549e-10,1.7072082259408442e-12,9.398876483372145e-12,1.7684194007941956e-11,1.2153122393308852e-18,2.2990655300184837e-22,4.1739261189820316e-12,8.959252166885615e-11,1.3934589149149238e-22,2.4504917153113165e-29,1.394798218971522e-14,1.057916739101628e-18,2.7160993222066926e-21,2.5237965462128697e-22,4.626918952350183e-15,1.0750400679115277e-16,1.1309222097330033e-16,2.997522715180057e-08,4.207075455995103e-16,1.967269110594863e-10,1.5787924458929747e-16,2.424040024570484e-07,8.62642391306643e-13,1.8900659386661055e-15,2.2322024686016482e-11,3.817154928120357e-15,0.00015362589264995586,0.4990051079230677,1.5776502194628094e-08,0.2504974325782012,3.7017945826281173e-13,3.46640203307539e-15,3.954919033050371e-16,3.0478198882803875e-13,1.3868065262535588e-14,4.271802259545242e-20,2.379448199336356e-15,3.1083744523148616e-17,4.365431550858732e-20,7.218214282020413e-24,2.0806534795038784e-10,2.48796133701947e-12,1.6353707291481506e-15,4.3249383703720987e-14,9.786826764472847e-31,1.561207331320835e-23,4.795775043825313e-25,1.6851772828570577e-11,8.254095869112126e-12,7.857274503430538e-19,7.472269535100376e-17,3.924768191811225e-09,7.692784681551523e-16,1.6964415373382608e-10,1.2830669979367924e-15,5.910522056632994e-15,7.295156122142134e-15,5.012149591440658e-12,1.3947303124613596e-19,8.142153558439385e-20,3.874288448012632e-17,3.675202003077637e-15,0.09999999622972829,5.260381296366198e-09,7.428199569445841e-15,1.994894963777815e-13,1.417586632044827e-18,2.3850366135578984e-15,3.4204553302938944e-16,1.7784633873718074e-20,1.1425362988703928e-11,2.0679566880981728e-26,7.1782674825638e-14,4.919542377686616e-14,7.376044787551849e-20,1.6812590461637798e-20,3.1886348301840327e-17,6.487220605870487e-09,2.249512779394125e-06,6.179869438058724e-05,9.602535080475933e-16,3.8800600776862156e-10,2.5928292572437597e-18,2.6058422799805344e-17,2.5718653959376417e-19,5.219223233455136e-13,7.273127513769844e-16,2.674564101570892e-13,2.034062003025516e-15,4.0470119474075464e-30,1.1069857971099306e-15,2.0925746775339348e-15,1.0188170746034796e-18,1.6031766066262527e-10,2.571091125302947e-13,2.1959541672063606e-19,1.725752160027745e-15,1.8577687867520956e-16,0.000333750863532594,2.357670377349844e-12,5.365491416150729e-10,1.9185814348092682e-14,2.1631045656012084e-23,2.849676332473608e-20,1.4106047149569867e-18,6.961812462546478e-17,1.6969471738194612e-19,2.8181924408941745e-21,5.227966659071628e-09,2.5448220444589146e-12,1.0031888736410375e-06,2.5067863270635863e-06,3.948083785271499e-16,8.399944104814113e-20,4.284054033281765e-09,1.7756867357194256e-06,2.1026890143551598e-14,1.570661245745097e-14,1.3040009167651565e-15,5.555114966236515e-16,3.164380139066379e-82,2.0335048185902898e-84,1.9988708967175705e-12,1.0833683188355338e-14,1.3499237561070275e-19,1.5818808921405667e-14,1.826393606294215e-27,1.9325353762394527e-21,7.74988899594222e-26,6.093452558792864e-33,1.0533851401563236e-29,2.699828647469824e-11,5.6290432469882395e-14,9.12818558114021e-14,2.69401676836107e-16,2.2453977730409376e-18,3.4573689393743733e-19,2.03478206343047e-12,2.636052008167418e-13,2.9240353598920078e-18,1.0389367653899892e-24
47153945680.75787,1495.2418087505669,10000.0,250.0,1.0,1.0,21.2875,3.948505334927475e-05,0.00013714923233230182,9.05409825382846e-11,2.7896547763974202e-14,1.6649093474941292e-11,4.377570818425185e-14,5.906726605627839e-10,3.0206875650703707e-13,8.311055988234764e-27,4.2298560897092656e-19,7.826959784677143e-31,1.6605921759625492e-12,2.141498611570298e-15,3.839195727019343e-26,5.942440226392802e-17,4.8493825014855396e-14,2.4865040458591934e-27,5.144939525502209e-25,4.1853147293571095e-16,2.6106411762989292e-15,2.0468528955424383e-16,5.627433996849087e-19,1.5609533294700385e-10,1.5945981610335758e-12,9.122302335828321e-12,1.673423110295396e-11,1.2530068321135654e-18,2.530797456101016e-22,4.1828479878022264e-12,9.08767679642541e-11,3.548556987259965e-22,3.499338576927811e-29,3.1702219943818075e-14,1.748671400664986e-18,3.198328847413987e-21,2.973651622559266e-22,4.915206309625512e-15,1.1905429910651853e-16,1.1912501276076863e-16,2.9889026438906704e-08,4.292997407197245e-16,2.0481211395572591e-10,1.536004793784945e-16,3.636258578745806e-07,8.565223917637249e-13,2.7536535615859893e-15,2.7911689275406592e-11,3.650906965732495e-15,0.00014339829716092115,0.4985624416495801,1.5632996104324966e-08,0.2507187653283153,3.7058243583373843e-13,3.797599844181021e-15,3.969677078115233e-16,3.271116555152246e-13,1.5058807834711395e-14,4.729515913786132e-20,3.3207728251244105e-15,2.932645064355826e-17,4.3657736011050714e-20,9.171463640949975e-24,2.2559729996571985e-10,2.5110213608935267e-12,1.4568216107565486e-15,3.892771249138724e-14,9.678165352958776e-31,2.0530619089036795e-23,7.788943750153281e-25,1.802274939215175e-11,8.932636482927214e-12,7.401737210921538e-19,1.260229022471883e-16,4.010968548277115e-09,7.859164717918076e-16,2.5803870008842387e-10,1.2996718129173074e-15,6.4201715514877105e-15,7.31329670084247e-15,5.35093298898517e-12,1.6888854517549844e-19,1.3091694109391208e-19,4.097369916448198e-17,4.0946341437984245e-15,0.09999999620069952,5.28941004541435e-09,7.443736236565874e-15,2.1287188013647667e-13,2.2075613870853347e-18,2.655592191217755e-15,3.6979782800368015e-16,2.581265278325242e-20,1.2226630384276626e-11,3.600708069987647e-26,6.042045005642325e-14,4.5679336397034445e-14,1.3703823670320196e-19,1.4099752348007116e-20,4.492619880468034e-17,6.480598393389533e-09,2.2495194016066067e-06,6.17981223697688e-05,9.676596819819072e-16,6.163632628269304e-10,4.080117583227965e-18,4.3856812060716636e-17,3.1091357231344184e-19,5.443173123188185e-13,7.330317408953514e-16,2.9470590233638575e-13,2.1148810289702908e-15,5.1323569598275314e-30,1.3221724282600039e-15,2.332875688945883e-15,1.217901500158985e-18,1.7899850372013863e-10,2.865612626604788e-13,2.4463790189292527e-19,1.6328151200912176e-15,1.8405619159988907e-16,0.0003336291525340633,2.3388125660879622e-12,6.054640521886771e-10,2.0496698237770416e-14,2.6490111455644085e-23,3.478231236272126e-20,1.4973988955799167e-18,9.82243016561756e-17,2.171835123941865e-19,4.507499743289451e-21,5.535963130179014e-09,2.5284780644056232e-12,1.3071750347576536e-06,2.202793633762452e-06,4.597497960432615e-16,7.297564923602604e-20,4.300682273550309e-09,1.7756657015143275e-06,2.5844633418664306e-14,1.6422293145143242e-14,2.1133231412778316e-15,6.407995930519503e-16,4.11897511114603e-102,2.6443663798311095e-104,2.1116010424621044e-12,1.0857881214983801e-14,1.4329149517438764e-19,1.69587396515507e-14,2.1283974284860057e-27,2.0766327069444923e-21,1.1552728767211433e-25,9.09572256566578e-33,1.2150924759531266e-29,3.126496264021688e-11,6.07575252561507e-14,1.0565343412595878e-13,3.9701461119637503e-16,2.13649147789481e-18,5.174205974368335e-19,2.994858267814249e-12,2.640260554244367e-13,4.6873861053079366e-18,1.6821715531454843e-24
68188574318.26701,2162.245507301719,10000.0,250.0,1.0,1.0,21.2875,5.169507730373532e-05,0.00012476224171580855,9.33151852939002e-11,2.4232543605352454e-14,1.8192186499747987e-11,4.5741229518523747e-14,9.006829955751506e-10,3.4423594266976113e-13,2.5677765961751077e-26,1.2961609463197694e-18,7.728876432151261e-31,1.6595557977318476e-12,2.3460613297873056e-15,5.622063359229947e-26,7.431663009598456e-17,5.291545572300999e-14,1.1720689926593578e-26,1.3780297469099373e-24,7.165706015515979e-16,5.479365245384555e-15,4.958317238890478e-16,9.966755899797036e-19,1.466324115230206e-10,1.4535698396036854e-12,8.757577032688355e-12,1.5507482267615185e-11,1.2964418389290588e-18,2.869220424754707e-22,4.1845972352097455e-12,9.249268359637641e-11,9.816538622265162e-22,5.048503122563647e-29,7.083234842080576e-14,2.9302986793368014e-18,3.9714606794123806e-21,3.6949725522725485e-22,5.326217960847573e-15,1.3612724319272616e-16,1.2750918969545177e-16,2.984754870434258e-08,4.263442023376662e-16,2.1638354776963554e-10,1.4800139849078137e-16,5.398247594861217e-07,8.452467972112077e-13,4.31935029324308e-15,3.409459706741738e-11,3.5072508725876166e-15,0.0001306678082013893,0.4979235422528085,1.5415037099733935e-08,0.25103821450040564,3.707841247093154e-13,4.1833613182601964e-15,3.979986827390216e-16,3.59043908363471e-13,1.680169023624635e-14,5.4092417284652813e-20,4.581874976509152e-15,2.718333242542444e-17,4.383028671348567e-20,1.2604127226485148e-23,2.509719203583642e-10,2.5347423641299585e-12,1.2481621531578672e-15,3.389548838232599e-14,9.524668809335041e-31,2.6298660818405608e-23,1.2838446647561027e-24,1.9707203916334837e-11,9.908099655152895e-12,6.842884570823893e-19,2.2357329316032504e-16,4.0524458981561445e-09,7.877956310989698e-16,3.871209214963057e-10,1.3278176534395108e-15,7.208276910349809e-15,7.333230255711324e-15,5.826511605327516e-12,2.172690038140469e-19,2.1394610452720257e-19,4.291372305380832e-17,4.727211375812454e-15,0.0999999962763189,5.213790634623815e-09,7.423414712697898e-15,2.331046424377866e-13,3.4233017917292512e-18,3.059292519124668e-15,4.0959719148728877e-16,3.7624838225489474e-20,1.3353646209013324e-11,6.648992379635796e-26,4.806400840913354e-14,4.147922722125458e-14,2.4553006788524884e-19,1.1192196782603574e-20,6.283752976084587e-17,6.47223374238778e-09,2.2495277662576064e-06,6.179724854526288e-05,9.781818836912935e-16,9.689928132518355e-10,6.275653959084049e-18,7.403493809838432e-17,3.990805370120703e-19,5.751499967981719e-13,7.40821872690965e-16,3.350347094496405e-13,2.2249112400081397e-15,7.040060335383523e-30,1.6768241302017346e-15,2.6966467593429727e-15,1.5469448822277808e-18,2.0673424828345907e-10,3.3008898614824514e-13,2.820446503773065e-19,1.5471626780720557e-15,1.8282481891946076e-16,0.0003334522551601852,2.309739732632031e-12,7.100420527306836e-10,2.2378237255004857e-14,3.4643880874534297e-23,4.5242330597943803e-20,1.6258921570109505e-18,1.4089185557359424e-16,2.9089852480273325e-19,7.468221055274444e-21,5.961396358249729e-09,2.5021459145202944e-12,1.6503534630879527e-06,1.8596075935491987e-06,4.580216930636401e-16,6.147454162863528e-20,4.3254814378208486e-09,1.7756340264532151e-06,3.3524929678296434e-14,1.743313928709135e-14,3.553687436270161e-15,7.748586227759663e-16,1.8735986150818482e-128,1.2011319076309469e-130,2.2712474380668863e-12,1.0888139468463153e-14,1.551421930202134e-19,1.8629400777038767e-14,2.615668579334204e-27,2.2879006013976805e-21,1.742929272841921e-25,1.3708995039993703e-32,1.4731703764848875e-29,3.794033785041013e-11,6.702929019701759e-14,1.2809645758770984e-13,5.908203749145665e-16,2.0107921429184392e-18,7.875394687799115e-19,4.442466709522598e-12,2.6527289973377027e-13,7.765871360082885e-18,2.8147844586152614e-24
98606417775.45288,3126.7889959237978,10000.0,250.0,1.0,1.0,21.2875,6.618110459746098e-05,0.00011001892445014494,9.641310572796188e-11,2.0076436930126228e-14,2.033900534092302e-11,4.832141540328458e-14,1.3950475138268452e-09,4.08422716404224e-13,8.02196637972547e-26,3.9971228745779605e-18,7.551553447743801e-31,1.6852609103268874e-12,2.663241509114907e-15,8.125015126999958e-26,9.969358092708727e-17,5.901115564424022e-14,4.986623561398028e-26,3.9995301318585015e-24,1.2717782361739535e-15,1.1423917671476585e-14,1.1500607593315359e-15,1.8990610626381847e-18,1.349696211600903e-10,1.2851154761473485e-12,8.293945330708986e-12,1.398508553284803e-11,1.3501848801458196e-18,3.3746733782713897e-22,4.168688949839267e-12,9.441837327432961e-11,2.922543884475804e-21,7.502320084838458e-29,1.5637421343167568e-13,5.046535536311076e-18,5.268643355576217e-21,4.904643224181538e-22,5.911557632526977e-15,1.614577288761556e-16,1.3901506194631573e-16,2.9826236376594826e-08,4.168878395631849e-16,2.351846092981885e-10,1.4110004238296966e-16,7.959082782256084e-07,8.273649065753618e-13,7.33057114181775e-15,4.1196023437079924e-11,3.4331403049789113e-15,0.00011556652690551366,0.49700226142149834,1.5136269217860163e-08,0.25149885411818307,3.709664543476052e-13,4.702056987330245e-15,3.9765929802338995e-16,4.0442465838970806e-13,1.9362993107498908e-14,6.447984722457992e-20,6.2334978158335716e-15,2.473616422863693e-17,4.4431698940839974e-20,1.906828927069059e-23,2.8862615534842946e-10,2.561411691493763e-12,1.0220549953678023e-15,2.845186778114809e-14,9.310676657523727e-31,3.277916212833897e-23,2.178506330533894e-24,2.2157225475513808e-11,1.1341408794858548e-11,6.200144206274087e-19,4.2725247561554303e-16,4.073757722889375e-09,7.815708523187672e-16,5.775962282071885e-10,1.3774096522796085e-15,8.471744280206468e-15,7.352161765496965e-15,6.500800439293736e-12,3.01182351021274e-19,3.5943685485496667e-19,4.407835483727136e-17,5.69366095157429e-15,0.09999999641289926,5.077210384610614e-09,7.383617561464928e-15,2.645779284158101e-13,5.316836468442265e-18,3.6695471760630125e-15,4.678896169784645e-16,5.522079314487336e-20,1.4959421944418638e-11,1.3237990972630825e-25,3.581255236120272e-14,3.682177167509109e-14,4.2095191681676577e-19,8.370674395391988e-21,8.73535905202274e-17,6.462034776627364e-09,2.2495379652233666e-06,6.179587760159327e-05,9.93914527002994e-16,1.5286910604164714e-09,9.608666635469337e-18,1.2837115943680054e-16,5.601194556825916e-19,6.175388420657662e-13,7.520089502276831e-16,3.9541718205817296e-13,2.3738264915500375e-15,1.061303547810288e-29,2.289372932120715e-15,3.2588069706099508e-15,2.1176036455817082e-18,2.486890046341784e-10,3.9549636616620195e-13,3.3867840368411683e-19,1.4962154663166378e-15,1.8347383234673665e-16,0.0003331951574700917,2.2726356334375757e-12,8.730226612723432e-10,2.51583632028195e-14,4.907937224470977e-23,6.362121273363505e-20,1.832163728180247e-18,2.098235757909869e-16,4.1289062586748857e-19,1.293190355917626e-20,6.55313612873226e-09,2.468194994691859e-12,2.00786106765633e-06,1.502090681274725e-06,3.9233873672602373e-16,5.1223838737672933e-20,4.3628703129479185e-09,1.7755855352365512e-06,4.6093199960066814e-14,1.8850455220615677e-14,6.263684436435488e-15,9.90634802256334e-16,6.480189742372367e-162,4.1414353182450974e-164,2.4954324965355037e-12,1.092422312779134e-14,1.7197730238572954e-19,2.1093596127686056e-14,3.433043620194739e-27,2.5996763282434856e-21,2.671748665051095e-25,2.0955509168563517e-32,1.8997021540075263e-29,4.875375414170197e-11,7.586934925630975e-14,1.6428441338216299e-13,8.910301456228232e-16,1.87872981890885e-18,1.226649803039427e-18,6.664704820002884e-12,2.691321196035073e-13,1.3416051479551202e-17,4.9166148312217244e-24
142593179630.42352,4521.600064384307,10000.0,250.0,1.0,1.0,21.2875,8.239398389553316e-05,9.343214339024565e-05,9.951326815257852e-11,1.5708558457754158e-14,2.3245367835582423e-11,5.1540555748219235e-14,2.199948060670947e-09,5.071333687080655e-13,2.529407871050497e-25,1.2342568676998715e-17,7.24428326354887e-31,1.7609154310387522e-12,3.1739037874577118e-15,1.169904556912941e-25,1.4502374553760235e-16,6.714268684657089e-14,1.903990162396082e-25,1.2645255361040763e-23,2.358446261965613e-15,2.3558022452288697e-14,2.5615777499201678e-15,3.975148174775649e-18,1.2129152449259513e-10,1.0949768450666264e-12,7.7319085196404e-12,1.2186462945537639e-11,1.415023086949108e-18,4.1355101464251106e-22,4.117705081235647e-12,9.654593770840384e-11,9.426688054993156e-21,1.1725462239563363e-28,3.431838888256591e-13,9.054206242467281e-18,7.542626629699791e-21,7.022890699202466e-22,6.747521234194176e-15,1.9911318827578964e-16,1.5458453052648006e-16,2.9805457370136694e-08,4.023184113281003e-16,2.6632367239128674e-10,1.3316578310392822e-16,1.1678709681677407e-06,7.993088934041688e-13,1.3487125215645715e-14,4.9940055977304436e-11,3.4799971422136587e-15,9.864074234938101e-05,0.4956755809975686,1.478302951179248e-08,0.25216219308143406,3.711845292351825e-13,5.440326922235286e-15,3.943760264867039e-16,4.683031129144883e-13,2.3146238802108805e-14,8.067179354078868e-20,8.339902221836646e-15,2.2184558848091633e-17,4.6036217787276304e-20,3.221268323947218e-23,3.449776741358179e-10,2.5869324610011657e-12,7.989179590724272e-16,2.3074438968400008e-14,9.016758129028282e-31,3.998383287930359e-23,3.858564298884975e-24,2.574029517625678e-11,1.3455194202383116e-11,5.524089184506693e-19,8.988841005565271e-16,4.094536017603992e-09,7.696138852553478e-16,8.649648094366188e-10,1.4667101229380828e-15,1.0600149038771865e-14,7.365132540708307e-15,7.447327751236187e-12,4.538022587550178e-19,6.270685619296506e-19,4.4028879972728883e-17,7.187836445638363e-15,0.099999996612851,4.877258705259473e-09,7.324348689122167e-15,3.1550838718399536e-13,8.292586939047818e-18,4.603364269330157e-15,5.534648227350841e-16,8.194240968805243e-20,1.7228579529772785e-11,2.8701810256010153e-25,2.491866480027519e-14,3.2161004025434114e-14,6.868347291511827e-19,5.9398209440743484e-21,1.2079203978212077e-16,6.44999488232051e-09,2.2495500051176743e-06,6.179364728183923e-05,1.0180348562185649e-15,2.452425316540463e-09,1.479012940378752e-17,2.3226725860958624e-16,8.829216013032341e-19,6.754850824920305e-13,7.684806314576718e-16,4.867939496665477e-13,2.572997157135302e-15,1.7814469059139826e-29,3.408600286127812e-15,4.148731384222747e-15,3.16682841197659e-18,3.124622136099408e-10,4.939070226972726e-13,4.255332520491312e-19,1.5211235473981144e-15,1.8886819778346292e-16,0.00033282172301400654,2.2255092967626428e-12,1.1315357898340707e-09,2.930263586789378e-14,7.607482492291549e-23,9.76604696836906e-20,2.1769456501845533e-18,3.311036980708505e-16,6.289165350909e-19,2.356449729752361e-20,7.360716834854729e-09,2.4243987985626846e-12,2.34624487389722e-06,1.1636946659934974e-06,3.012283027351497e-16,4.464957007261268e-20,4.419981141521002e-09,1.7755099515908222e-06,6.724323991398317e-14,2.082042138060939e-14,1.1683484988705163e-14,1.3469660220638627e-15,1.0899003792197551e-203,6.934522414517908e-206,2.806640203271822e-12,1.0964887264994181e-14,1.9572383514297963e-19,2.476291904614019e-14,4.8733856448562406e-27,3.0642412498480988e-21,4.180650429608593e-25,3.257651356269087e-32,2.6364744495595213e-29,6.681007825020356e-11,8.811127228821945e-14,2.242440458374143e-13,1.368043418620035e-15,1.758735483356452e-18,1.971467374444177e-18,1.0137262502269048e-11,2.7860061820913985e-13,2.427867080787901e-17,8.991953434219626e-24
206201739560.36282,6538.614268149506,10000.0,250.0,1.0,1.0,21.2875,9.936995935928136e-05,7.59142324758513e-05,1.0209264322212533e-10,1.151080115678974e-14,2.701222341022747e-11,5.526512990053345e-14,3.532706816962998e-09,6.603081771654901e-13,8.0787745849996615e-25,3.8127490902334336e-17,6.741465386235844e-31,1.899236386674323e-12,4.036914606155382e-15,1.7035288548599281e-25,2.3040525857952997e-16,7.742048762673523e-14,6.775607126783873e-25,4.392346117473007e-23,4.580454225470605e-15,4.769497827355611e-14,5.47898703667927e-15,9.290830135063913e-18,1.061477674785808e-10,8.937831045438103e-13,7.0892137235622656e-12,1.0181293018688245e-11,1.492743060556877e-18,5.285867735696045e-22,4.006126805036781e-12,9.864489599416169e-11,3.3309886061333276e-20,1.9584305231350183e-28,7.538894698217104e-13,1.7162645037105465e-17,1.1725915588226634e-20,1.0911472491686087e-21,7.954093058423766e-15,2.550003741292107e-16,1.7535935607369244e-16,2.977669662263526e-08,3.8203922596250416e-16,3.176254524951397e-10,1.2491679895929345e-16,1.706625335308237e-06,7.558499601862568e-13,2.6841287142283087e-14,6.137459865975371e-11,3.680276857256154e-15,8.083499893340609e-05,0.493768875098571,1.4322189214543182e-08,0.2531155440606834,3.714802365846301e-13,6.501597364732533e-15,3.858187291156792e-16,5.569209230769822e-13,2.8770303030494254e-14,1.0651161413316857e-19,1.0942335255921462e-14,1.9856004162783023e-17,4.9899588528395835e-20,6.134032590030781e-23,4.2989361878285336e-10,2.6010359774972814e-12,6.017217128791747e-16,1.8312787178181098e-14,8.621152963797124e-31,4.857188975526248e-23,7.220063003452328e-24,3.101279749048004e-11,1.6570794645800587e-11,4.899681624257688e-19,2.1190409874515304e-15,4.123295743145387e-09,7.50582634917661e-16,1.3148713598650807e-09,1.6291067075499025e-15,1.4429180616576155e-14,7.364357951628448e-15,8.751011270849119e-12,7.443032764427726e-19,1.143573791528069e-18,4.258686748917221e-17,9.51950795688768e-15,0.09999999689052982,4.599579903528218e-09,7.241735624496412e-15,4.0231042835251786e-13,1.2971018279339284e-17,6.0516478341893634e-15,6.787793596024946e-16,1.237424500770486e-19,2.038097321559734e-11,6.789621837319965e-25,1.6328595251898615e-14,2.815017869187884e-14,1.0656233239282986e-18,4.11424339112689e-21,1.6635603566233926e-16,6.436065925274784e-09,2.249563934074719e-06,6.178984972196068e-05,1.0557702530285066e-15,4.0518668687961485e-09,2.3033548086722698e-17,4.4390294308484204e-16,1.6034004766592681e-18,7.546231945020461e-13,7.933225370514637e-16,6.267678810013796e-13,2.8370991831407882e-15,3.356926670176178e-29,5.5969384263887305e-15,5.6022324657917464e-15,5.238063011695508e-18,4.0891183223002984e-10,6.403328408268481e-13,5.606711699234498e-19,1.6767133848675737e-15,2.048904888369074e-16,0.00033228084597991753,2.1631576744605265e-12,1.5470228961535338e-09,3.552817498891032e-14,1.294862906048813e-22,1.6414070884702696e-19,2.771915842354948e-18,5.609351196779752e-16,1.0360244879562359e-18,4.5363041373469204e-20,8.426607560721534e-09,2.3649812372559674e-12,2.6332284102975593e-06,8.766941710665992e-07,2.1855545817816955e-16,4.505264760907532e-20,4.508772782060088e-09,1.7753894779534288e-06,1.038470938488609e-13,2.3530294607986263e-14,2.3238965344639967e-14,1.9507923245515143e-15,1.1873422396494755e-253,7.495112721363575e-256,3.231956054182957e-12,1.100785311470323e-14,2.2889122264267626e-19,3.030358743694873e-14,7.571118203563318e-27,3.76636792630142e-21,6.712013510127807e-25,5.155866062619938e-32,3.9803845310436716e-29,9.789060385948402e-11,1.0451955781086199e-13,3.261515675680944e-13,2.149679405109596e-15,1.6761204100258997e-18,3.3041196701177395e-18,1.5651785394975164e-11,2.994033335083422e-13,4.596259714784462e-17,1.712997069853875e-23
298185071038.61444,9455.38657529853,10000.0,250.0,1.0,1.0,21.2875,0.00011589080631051348,5.861282490969672e-05,1.0346709980123791e-10,7.860224423227821e-15,3.157705918000652e-11,5.910788325526695e-14,5.75692356075638e-09,8.996556048821169e-13,2.6205108606632543e-24,1.1747062777469626e-16,5.976946032534522e-31,2.1111085526412308e-12,5.577178957521487e-15,2.5686933665056302e-25,4.007288357092474e-16,8.931292812961818e-14,2.3363660964054683e-24,1.6893697793540544e-22,9.27092505338111e-15,9.374432626264711e-14,1.1196879483612542e-14,2.4339376341466215e-17,9.040992418748317e-11,6.953620166469858e-13,6.4026209154864e-12,8.086641477894322e-12,1.594376409051003e-18,7.033720497291867e-22,3.801433240393917e-12,1.0032768273575589e-10,1.303575594903246e-19,3.515777372165941e-28,1.6712196126265853e-12,3.486245003750991e-17,1.9849944111034917e-20,1.843399997420537e-21,9.736716784620932e-15,3.373079091362642e-16,2.027327274494519e-16,2.9735367553056183e-08,3.554000517523521e-16,4.000308190246035e-10,1.177306134721083e-16,2.481893723683737e-06,6.911357386831867e-13,5.740508054051697e-14,7.700908879626641e-11,4.016676798352485e-15,6.331711769060795e-05,0.4910363947762866,1.370773020557961e-08,0.2544817810956401,3.719508884144106e-13,8.031417089529144e-15,3.690293520299098e-16,6.772004223938668e-13,3.7196740315034236e-14,1.4913297268729638e-19,1.402407768283711e-14,1.8175264798120168e-17,5.884830109870848e-20,1.3223864564242606e-22,5.593361441610295e-10,2.5879225902162406e-12,4.477483603698503e-16,1.4621210059997436e-14,8.10326733665677e-31,6.076544529898416e-23,1.4391475824817523e-23,3.8838394520648766e-11,2.1162103990189474e-11,4.438014626850087e-19,5.632108115655083e-15,4.164623338221772e-09,7.219047693384489e-16,2.0565554343229037e-09,1.924699665350936e-15,2.1900173718935373e-14,7.337786244918738e-15,1.0500737183721926e-11,1.319961884282512e-18,2.1813034333526426e-18,3.9955628990127735e-17,1.3173996540113715e-14,0.09999999725358423,4.236525610023442e-09,7.135029121103503e-15,5.595088317706277e-13,2.022371159985519e-17,8.334210947852754e-15,8.617838102640608e-16,1.9203202014608603e-19,2.4660332940031274e-11,1.7398479577008256e-24,1.0327200791841169e-14,2.5525454950490364e-14,1.5820477498845021e-18,2.9509372029591094e-21,2.286604776504702e-16,6.419890651515837e-09,2.249580109348477e-06,6.178305546048542e-05,1.1158843461769153e-15,6.964420913118588e-09,3.642304033547976e-17,9.044110663572666e-16,3.410733634401151e-18,8.638207486630875e-13,8.317752866271623e-16,8.444540448645034e-13,3.187951396966754e-15,7.122069580087158e-29,1.0236021888235016e-14,8.077424285508184e-15,9.694035566995676e-18,5.5211611347658e-10,8.519155153501637e-13,7.746373048545008e-19,2.03376051033257e-15,2.4404048172194864e-16,0.00033150254421348446,2.077804859602667e-12,2.2194606076876366e-09,4.500709460647931e-14,2.409988129664454e-22,3.0056929919214275e-19,3.816369275107486e-18,1.0253064204324044e-15,1.8473857125644674e-18,9.224339402773721e-20,9.76738484749567e-09,2.281390382843969e-12,2.848536884801072e-06,6.613611623676726e-07,1.5823588348449058e-16,5.8749554856879e-20,4.65038642645172e-09,1.7751918106086039e-06,1.689431784750931e-13,2.721091110396655e-14,4.952545116863949e-14,2.999641708477492e-15,-2.5810392793765004e-303,4.458535520638184e-303,3.801091419260623e-12,1.1050152127094689e-14,2.745836360985042e-19,3.884114382438284e-14,1.30144457261214e-26,4.849620654134498e-21,1.1116306342496908e-24,8.30312575754151e-32,6.599017297157066e-29,1.5307104682221783e-10,1.254420912182419e-13,5.033305261597751e-13,3.4758255913631946e-15,1.6590420137167796e-18,5.848804426198594e-18,2.4511369077669565e-11,3.427511759069392e-13,9.020802033140108e-17,3.349392653135951e-23
431200710429.8694,13673.284830982668,10000.0,250.0,1.0,1.0,21.2875,0.00013074789316746811,4.264374720215732e-05,1.0288364737039041e-10,5.008215697821388e-15,3.6560590972394585e-11,6.235269222338177e-14,9.445133087441118e-09,1.2751922610553957e-12,8.604771345862962e-24,3.5802667249979655e-16,4.917404005894289e-31,2.4065232895964432e-12,8.455866349188168e-15,4.141520379780443e-25,7.616949590631986e-16,1.0108822902372714e-13,7.952965394637087e-24,7.234627335834236e-22,1.926805420190841e-14,1.7618426517842998e-13,2.163170481471336e-14,7.03902567410298e-17,7.509937455943009e-11,5.137570157507574e-13,5.7227145175659596e-12,6.045504540500576e-12,1.764731062395397e-18,9.713140493175352e-22,3.4690661707406133e-12,1.0099697153777605e-10,5.7043931644868605e-19,6.747822207545322e-28,3.770380605754144e-12,7.670916386547788e-17,3.6640100902384154e-20,3.3873153112494805e-21,1.2480430674614479e-14,4.562967322558697e-16,2.383367828454897e-16,2.967601254344344e-08,3.2271828186716687e-16,5.259713865575637e-10,1.137638739770289e-16,3.58506085475864e-06,6.008406494090537e-13,1.307658990690805e-13,9.927319656909094e-11,4.395181572769277e-15,4.720619702280527e-05,0.487136620730498,1.2894700458472427e-08,0.25643166314075605,3.727891331567325e-13,1.0260654101457022e-14,3.410184862359064e-16,8.351308224406997e-13,4.9928195007246645e-14,2.2278706616326487e-19,1.7431635919089345e-14,1.7598192356031058e-17,7.975135854233098e-20,3.2296013615727946e-22,7.612012057873079e-10,2.5292880367850034e-12,3.426126879088056e-16,1.2228943960585396e-14,7.449732956872135e-31,8.20762434384335e-23,3.0657074669365984e-23,5.058059957504595e-11,2.7953366170978687e-11,4.258752570821035e-19,1.6692268621015117e-14,4.223976191507077e-09,6.816769790850519e-16,3.350045500204227e-09,2.4568686349072058e-15,3.7837048527874297e-14,7.265044117778558e-15,1.277458170806107e-11,2.4967057438960033e-18,4.3185292258697384e-18,3.6641075090630294e-17,1.8874810373915526e-14,0.09999999769442408,3.795685896189819e-09,7.010011841526832e-15,8.610192763489336e-13,3.109676676752183e-17,1.1999380528144365e-14,1.1292234483417185e-15,3.103510668818046e-19,3.030974161552056e-11,4.759485909947134e-24,6.552527125831368e-15,2.4965328133958166e-14,2.282281280413809e-18,2.3901739917433563e-21,3.1472756213048417e-16,6.400405384196832e-09,2.2495995946157964e-06,6.177036832606267e-05,1.2123579295307796e-15,1.2494113008957182e-08,5.835606921378774e-17,1.9724870240883564e-15,8.460163591018593e-18,1.017909504529838e-12,8.923142657335924e-16,1.1890533887214402e-12,3.660854743536526e-15,1.699417156342901e-28,2.1054331614705562e-14,1.2529447293191384e-14,2.03239443737773e-17,7.568785916063464e-10,1.1402090433049416e-12,1.1204906709599747e-18,2.6910163115767937e-15,3.349374422245077e-16,0.0003303950919533017,1.9607300673751447e-12,3.3045012369564816e-09,5.978059321184644e-14,4.845682289519452e-22,5.919694310211799e-19,5.630775956088687e-18,2.0204415486776406e-15,3.54643808747866e-18,1.971502633602594e-19,1.134481214949497e-08,2.1642261368300307e-12,2.988797276059042e-06,5.210641254753196e-07,1.198057796872745e-16,1.0423444140061138e-19,4.885036660747778e-09,1.774854568138044e-06,2.879232519940416e-13,3.212670342289618e-14,1.1337905378062857e-13,4.865877369403361e-15,-2.5810392793765004e-303,1.3226332681773042e-303,4.541192735715451e-12,1.1088691305749888e-14,3.3629807858094017e-19,5.23788342411676e-14,2.5040899028782545e-26,6.570404241673032e-21,1.9097613080010822e-24,1.3583877557443547e-31,1.2122838414313582e-28,2.543788076110057e-10,1.5024904699380252e-13,8.173659226112906e-13,5.810311627762566e-15,1.7324973579890777e-18,1.110017294161965e-17,3.879814726418501e-11,4.306628807883505e-13,1.8042560717328508e-16,6.563603363325277e-23
623552520679.8375,19772.720721709713,10000.0,250.0,1.0,1.0,21.2875,0.00014297669169273687,2.8855682157455852e-05,9.955972043798809e-11,3.0174870948236038e-15,4.109268286187136e-11,6.390066721116552e-14,1.5404190203205058e-08,1.862808045872599e-12,2.8153155902144885e-23,1.061571822571842e-15,3.614629929533957e-31,2.795493377090837e-12,1.389914695333514e-14,7.3642820496598075e-25,1.5748003206110692e-15,1.091760446063195e-13,2.6608092836169224e-23,3.4458916795882334e-21,4.003595843105401e-14,3.1060130344801206e-13,3.8887334320065424e-14,2.1726686236242914e-16,6.116280347662388e-11,3.604817730144007e-13,5.1036772461652185e-12,4.1954435144542095e-12,2.147597210865382e-18,1.3894830033503058e-21,2.9831590797048606e-12,9.970968412133731e-11,2.8077518664507897e-18,1.369081904622428e-27,8.693246247184362e-12,1.8268909246537752e-16,7.403587673424823e-20,6.782945507111418e-21,1.6965816837827176e-14,6.213401968472804e-16,2.8345800979077485e-16,2.959097215020357e-08,2.856253559426161e-16,7.036871302927355e-10,1.1583054977574218e-16,5.129837200591618e-06,4.852273738568545e-13,3.15217197870291e-13,1.319074924845591e-10,4.633739398465186e-15,3.3340749202388546e-05,0.481603578129153,1.1862358075374908e-08,0.2591981765575939,3.743057800527784e-13,1.359459637820363e-14,3.0033549223535155e-16,1.0319084137912119e-12,6.923613148417199e-14,3.578266789863244e-19,2.0715751008588925e-14,1.853994305937052e-17,1.3138195686304482e-19,8.91535293877952e-22,1.0904605150085103e-09,2.4103183349968307e-12,2.809119793423316e-16,1.1129793461417662e-14,6.66204035234059e-31,1.2521599165936447e-22,6.97586516896822e-23,6.838374669332971e-11,3.812235746417014e-11,4.474882696318276e-19,5.3780031524440517e-14,4.309013339580348e-09,6.299942249149374e-16,5.703465224819176e-09,3.3854144036223486e-15,7.478842072552144e-14,7.107150956041139e-15,1.5618981356113888e-11,4.9505375768375175e-18,8.730307322607139e-18,3.324027492389834e-17,2.756862552282067e-14,0.0999999981874705,3.3026395493142623e-09,6.8802940744964106e-15,1.4590111768315032e-12,4.6535396140157815e-17,1.7980586291570647e-14,1.5237317653270338e-15,5.303224359383557e-19,3.7543041080712e-11,1.3660020862983935e-23,4.328199256838182e-15,2.7038819913516973e-14,3.2784349055224197e-18,2.3798972077638467e-21,4.360543761872246e-16,6.375308084372384e-09,2.2496246919156218e-06,6.17461109825856e-05,1.3649175700629601e-15,2.3216269109367608e-08,9.372797448029039e-17,4.594351184736668e-15,2.357216427083608e-17,1.2407109318481346e-12,9.870045242990326e-16,1.7425147236182506e-12,4.3094645066407396e-15,4.5456488689932645e-28,4.9174883568217625e-14,2.1085624694576537e-14,4.8950285994100736e-17,1.0315664996368287e-09,1.491891844452834e-12,1.6903425718147782e-18,3.800183482161587e-15,5.49749567511178e-16,0.0003288443419499584,1.8053537575766452e-12,5.0246315158793055e-09,8.363248203038885e-14,1.0318538073008414e-21,1.228991589457445e-18,8.63186279430826e-18,4.260926645844427e-15,7.231459204303646e-18,4.379205712623571e-19,1.3035698199670914e-08,2.0068024744557314e-12,3.0640518776599046e-06,4.45753842227249e-07,9.6786855410363e-17,2.4815645553430255e-19,5.297117581990887e-09,1.774246292345445e-06,5.123784611082133e-13,3.852910211655381e-14,2.798661933911866e-13,8.26990995417907e-15,-2.5810392793765004e-303,1.3226332681773042e-303,5.466021939398285e-12,1.11206361702389e-14,4.171971781401006e-19,7.46876930796746e-14,5.475234988058653e-26,9.413942241719492e-21,3.424056612238951e-24,2.2554586871199476e-31,2.4933073500413084e-28,4.4862867999546125e-10,1.7672601465060519e-13,1.383694004635986e-12,1.0073309753114442e-14,1.9110784575897402e-18,2.2974672614701112e-17,6.165065673581888e-11,6.065024527874907e-13,3.590317344346636e-16,1.2510855221074825e-22
901709428211.6584,28593.018398390996,10000.0,250.0,1.0,1.0,21.2875,0.00015195010989949923,1.7738862934749287e-05,9.248624175889633e-11,1.785320189441895e-15,4.3632561154703636e-11,6.21759028969516e-14,2.4534251555063354e-08,2.7570946585184293e-12,8.806973866580632e-23,2.959383582478334e-15,2.258325539376777e-31,3.2800172246295645e-12,2.3591206917248937e-14,1.4591403293030219e-24,3.498695006273214e-15,1.0766043426060856e-13,8.446892856971029e-23,1.7861987096224944e-20,7.992697255794123e-14,5.002562479347017e-13,6.352633748392066e-14,6.829762652232914e-16,4.9320345515155215e-11,2.4330073278938297e-13,4.594312122521941e-12,2.6438198794034543e-12,3.1167508449088104e-18,2.0625611863514216e-21,2.3460837128924138e-12,9.484839971525448e-11,1.543990932670574e-17,2.9148993009928693e-27,2.02898529167587e-11,4.599191967680022e-16,1.6533870440844855e-19,1.488084540206034e-20,2.4863972630916288e-14,8.283493152418959e-16,3.3603243567314114e-16,2.946946151918183e-08,2.4678745171454473e-16,9.262393905228947e-10,1.2688742401264419e-16,7.2503637460412146e-06,3.519533814419291e-13,8.069959167469661e-13,1.7971483274683107e-10,4.4827941031293935e-15,2.2194937224953243e-05,0.47381848069165816,1.0638345622350824e-08,0.26309071308067616,3.769230261267327e-13,1.8799943957534526e-14,2.511971927747774e-16,1.2558591061681725e-12,9.790558707191598e-14,6.196037002548532e-19,2.2893963603868716e-14,2.1386693669577235e-17,2.7233799541673285e-19,2.7535546318650344e-21,1.674194203797118e-09,2.226999030180394e-12,2.5225622871984128e-16,1.1175490843965284e-14,5.762532691441537e-31,2.201650023482606e-22,1.6969863153125779e-22,9.538398862403546e-11,5.370264734376861e-11,5.1912107125676985e-19,1.8307965941881484e-13,4.430518864374111e-09,5.69712552119959e-16,1.003304272553347e-08,4.9105804959516e-15,1.660439942259484e-13,6.784078248561134e-15,1.9010474701049838e-11,1.0097827434533822e-17,1.7602113052323848e-17,3.028214001695863e-17,3.999256619573763e-14,0.09999999869492458,2.795185516096462e-09,6.765414866920509e-15,2.630148346918649e-12,6.697650704211433e-17,2.7727684532412552e-14,2.1185185594892215e-15,9.689739789551474e-19,4.6501923864836685e-11,4.045396113736508e-23,3.0194248697816756e-15,3.2278132101889266e-14,4.828454530115125e-18,3.03135961929418e-21,6.12808519957881e-16,6.340368990469411e-09,2.2496596310095224e-06,6.169994898646318e-05,1.595385752020388e-15,4.384677317633742e-08,1.4811137458519027e-16,1.133915887355213e-14,6.851080972572433e-17,1.564672521269261e-12,1.1292344263124967e-15,2.6270450344724727e-12,5.197000761170155e-15,1.3556214613841702e-27,1.3089298123393754e-13,3.8685074226286714e-14,1.3693611659038759e-16,1.3651969867533414e-09,1.832897918469954e-12,2.632344520675546e-18,5.583988637066792e-15,1.08730031984686e-15,0.00032671561548646295,1.611104312378459e-12,7.641504277813678e-09,1.2378603298390582e-13,2.2527411252570062e-21,2.6122685512486545e-18,1.3141083220287737e-17,9.44112045947856e-15,1.5216407395724224e-17,9.868404095919295e-19,1.4619424524252801e-08,1.8094715761947253e-12,3.090121798333221e-06,4.196001668459141e-07,8.280523860073315e-17,7.559165028242546e-19,6.087945931030568e-09,1.773053124657709e-06,9.551980566652427e-13,4.650756914717579e-14,7.527597986032632e-13,1.4620938025309482e-14,-2.5810392793765004e-303,1.3226332681773042e-303,6.555726623487476e-12,1.114305281428781e-14,5.182088692329476e-19,1.131667083295285e-13,1.3903512300187827e-25,1.434054974473475e-20,6.451992324486736e-24,3.808702220209368e-31,5.805335543066656e-28,8.478376585839509e-10,2.008217510920225e-13,2.42364368959015e-12,1.810903495598253e-14,2.187634947472045e-18,5.273813558905174e-17,9.721467961179287e-11,9.553881969143808e-13,6.900836468527426e-16,2.2450632724232863e-22
1303947728475.74,41347.91122766806,10000.0,250.0,1.0,1.0,21.2875,0.00015732494248562925,9.482218712118627e-06,7.999283757087034e-11,1.1160407410546159e-15,4.18648706603762e-11,5.502994467141376e-14,3.720595860502768e-08,3.960667596109127e-12,2.412886064787086e-22,7.218450516099906e-15,1.173640106967798e-31,3.79465764569853e-12,3.771998547691771e-14,3.1369773483587408e-24,7.990964203252353e-15,8.909556233002051e-14,2.3382136520190115e-22,9.308965969245813e-20,1.4519377076282216e-13,7.020448537044029e-13,9.014705212664561e-14,2.055745004153815e-15,4.0058751685352804e-11,1.6618830336588175e-13,4.235555270103283e-12,1.459690379855276e-12,5.311806546824173e-18,3.190136691026663e-21,1.6185077252387452e-12,8.363429870245665e-11,9.09662034085687e-17,6.570377433431063e-27,4.6278201072718937e-11,1.1477540332954008e-15,4.1233092927351613e-19,3.580792011649611e-20,3.9725674499360976e-14,1.021585675663186e-15,3.805986950827945e-16,2.9296373038345346e-08,2.0916742005497978e-16,1.1594806062497275e-09,1.491495691951721e-16,1.009876072022077e-05,2.1729898383016764e-13,2.2509287061136007e-12,2.461365099480129e-10,3.7214929570926775e-15,1.3940708031814771e-05,0.4629923212871477,9.316949003079691e-09,0.2685037748956324,3.8113806559607314e-13,2.7290423543096606e-14,2.1478939985608228e-16,1.4679332161362008e-12,1.3564570939064727e-13,1.1285640362238918e-18,2.239084437756736e-14,2.7083302486011993e-17,7.037637117024694e-19,9.17609007645651e-21,2.8696890179902146e-09,1.9932201007060167e-12,2.4750351357151597e-16,1.2168676619831943e-14,4.794193941500565e-31,4.38600112797259e-22,4.465422666803038e-22,1.3491775760607588e-10,7.809104597497392e-11,6.504880186407232e-19,6.475526329968072e-13,4.6035989555619275e-09,5.065016848405478e-16,1.777584753300067e-08,7.200867539016794e-15,3.981976134365159e-13,6.140280198147823e-15,2.2728490007704615e-11,2.0617626448273695e-17,3.4391858890182217e-17,2.824642032301977e-17,5.4658526377899245e-14,0.09999999917874271,2.311367470813027e-09,6.686509100142826e-15,4.762372711171401e-12,9.214888781216697e-17,4.292507225767274e-14,3.037563475082588e-15,1.883429596787246e-18,5.7063186427256615e-11,1.2062736093059374e-22,2.206789940895144e-15,4.115904073882068e-14,7.465541664293865e-18,4.826326911068335e-21,8.798053745961989e-16,6.289246800874135e-09,2.2497107531991135e-06,6.161523325007347e-05,1.916467149561495e-15,8.202630958263223e-08,2.2508573827267403e-16,2.918065948041595e-14,1.8799666513827643e-16,2.0199565188794724e-12,1.3267517345581361e-15,3.970266166600782e-12,6.357941690153651e-15,4.472324213803066e-27,3.886088899124078e-13,7.652061180534105e-14,4.4013158322397303e-16,1.714063400957114e-09,1.984969300522215e-12,4.133885294823412e-18,8.279366646364035e-15,2.5104173089416204e-15,0.0003238561437480658,1.3882100781260907e-12,1.129479742652382e-08,1.9295390500671733e-13,4.71694032980661e-21,5.419628032382713e-18,1.895620722175378e-17,2.1123483728042052e-14,3.0900618830136164e-17,2.1240730210296025e-18,1.5818219596247343e-08,1.584387460640091e-12,3.083234073465856e-06,4.2636894129129706e-07,7.389347789598827e-17,2.706188750640605e-18,7.822060475387319e-09,1.770384048605075e-06,1.9013218611951627e-12,5.563612070365345e-14,2.2551268936291944e-12,2.6419537371528543e-14,-2.5810392793765004e-303,1.3226332681773042e-303,7.724404183629475e-12,1.1150684282794025e-14,6.340518935563697e-19,1.8182293668464605e-13,4.203227569930045e-25,2.31980816385663e-20,1.2849051027559862e-23,6.579545485578935e-31,1.5286830892823398e-27,1.7771190120939729e-09,2.1741515550277568e-13,4.365061935247757e-12,3.3410365331250485e-14,2.509926811146847e-18,1.3460542918844824e-16,1.4901100548652907e-10,1.633338721870493e-12,1.235529168399177e-15,3.668335305762197e-22
1885618166341.203,59792.559815487155,10000.0,250.0,1.0,1.0,21.2875,0.00015894130546472714,4.0706416071632625e-06,6.039217288516163e-11,7.875927170994604e-16,3.359155977353683e-11,4.073798790318451e-14,5.162961604370179e-08,4.922503156201839e-12,4.935997795105536e-22,1.3374266081127854e-14,6.635148847194711e-32,4.021255787750793e-12,4.8812446115036024e-14,6.908370042994104e-24,1.6172976228028852e-14,5.2211223633016814e-14,4.819234665350099e-22,3.9141024929841164e-19,2.2368694808823587e-13,7.793301172288127e-13,1.0103827540796477e-13,5.34734796110157e-15,3.36995554837429e-11,1.279965808907297e-13,4.061819631891985e-12,6.74296749401019e-13,8.594855180099748e-18,5.1395735395918856e-21,9.406660853905665e-13,6.301176234377551e-11,5.077630217646675e-16,1.6073620544394256e-26,9.597511266957021e-11,2.457817831877455e-15,1.125679388496993e-18,9.115657957425237e-20,6.765983257296857e-14,1.0398820418994856e-15,3.725629357872482e-16,2.9050776901203462e-08,1.7524412710031796e-16,1.3465502561358611e-09,1.829610575092854e-16,1.3851864089234298e-05,1.043772121985507e-13,7.288168234815522e-12,3.256159018680281e-10,2.4062359896997266e-15,8.540774455712633e-06,0.4481800379793868,8.063612737741165e-09,0.2759098925966054,3.874668686338683e-13,4.0789209401087555e-14,2.5253360351028447e-16,1.5822544831906229e-12,1.6416108716819458e-13,1.9681588632888983e-18,1.8114119233420018e-14,3.967580587379103e-17,2.049137723652232e-18,2.9799716507860996e-20,5.940454494274618e-09,1.745673795179246e-12,2.6033480349330575e-16,1.377376550333376e-14,3.8111489897405947e-31,9.214339409021927e-22,1.320313639538663e-21,1.8618788268776962e-10,1.1469385043028026e-10,8.41651555261937e-19,2.4039883822694014e-12,4.849181686190997e-09,4.481519454533797e-16,3.071317301067912e-08,1.0308616975251124e-14,9.658017165946125e-13,4.981757221211674e-15,2.5951282796904815e-11,3.946509162352818e-17,6.305135259747884e-17,2.7724189060393952e-17,6.262497352129271e-14,0.09999999961192238,1.878187889622164e-09,6.6619330483364336e-15,8.163308528266711e-12,1.2137185514939672e-16,6.410533764566709e-14,4.4115113990055126e-15,3.716084214568001e-18,6.785582703159954e-11,3.3745479899611908e-22,1.6857469936792496e-15,5.332634139025165e-14,1.2164229940982323e-17,8.711436789005684e-21,1.275317784537983e-15,6.2187460744305985e-09,2.2497812539255564e-06,6.146946363152715e-05,2.3145734252127142e-15,1.481724313855102e-07,3.2207255459218323e-16,7.45550201621417e-14,4.414922256764273e-16,2.608587570734147e-12,1.5710879817009474e-15,5.76943611637175e-12,7.73508651241963e-15,1.624696207574673e-26,1.1745296634755429e-12,1.5448848377551745e-13,1.4904974726288818e-15,2.0081924645277423e-09,1.6947525006348382e-12,6.30337237671638e-18,1.1933619489516996e-14,6.0944002472788785e-15,0.0003200876696482105,1.1636474989748932e-12,1.5567375669951442e-08,3.036799132683464e-13,8.123407319878729e-21,1.0115363596435609e-17,2.49816600905361e-17,4.397004056988284e-14,5.149521242869018e-17,3.7548922108159194e-18,1.6439563022097425e-08,1.3599211615906847e-12,3.0626118304034207e-06,4.4684541827509307e-07,6.849138227957055e-17,9.59539499576669e-18,1.2402903213761866e-08,1.7630810171995137e-06,4.290170737483105e-12,6.494333139498043e-14,7.691432065006836e-12,4.5615287223729493e-14,-2.5810392793765004e-303,1.3226332681773042e-303,8.794293653553282e-12,1.1126780491646097e-14,7.48189929993065e-19,2.988610766463328e-13,1.5014706361706646e-24,3.849703276326468e-20,2.6718208926509497e-23,1.1614333610532224e-30,4.263314892050554e-27,4.4866271942578844e-09,2.2283441093485366e-13,7.972031168380485e-12,6.072169513226222e-14,2.7463964734145667e-18,3.587306530939667e-16,2.1404178515308322e-10,2.8148052331530854e-12,1.9713833959953234e-15,5.294687822247558e-22
2726762577662.728,86465.07412679883,10000.0,250.0,1.0,1.0,21.2875,0.00015681184253725923,1.2592796525825734e-06,3.8103662420594933e-11,6.003353748713792e-16,2.1461707349604386e-11,2.345136981588408e-14,6.187769644361089e-08,4.441280103309207e-12,6.347660923166187e-22,1.592548426503806e-14,6.571192399495862e-32,3.4891128466089976e-12,4.0945445927477566e-14,1.4618931560331054e-23,2.181242615887695e-14,1.839689970729537e-14,6.221292976207087e-22,9.065868642071022e-19,2.7177619970454683e-13,6.099921284567193e-13,7.962216616882019e-14,1.0006615930004127e-14,3.031209676360158e-11,1.189093906070236e-13,4.09279774512943e-12,2.6852861748892067e-13,1.0082169121331992e-17,8.75008070048003e-21,4.854326650364297e-13,3.7714313701046374e-11,2.1730843315178794e-15,4.2992784287789325e-26,1.6417332345944902e-10,3.677434538137077e-15,3.0437252545183875e-18,2.2257066030216946e-19,1.1382971638442573e-13,7.807643794648775e-16,2.839871769935393e-16,2.8704151689194176e-08,1.4634679708461475e-16,1.453066377775217e-09,2.253353302789721e-16,1.8752303091861538e-05,3.473294262825111e-14,2.977331474340513e-11,3.9748393254182546e-10,1.133803350705149e-15,5.692396710890573e-06,0.4283589030458252,7.054618170222633e-09,0.28582042986382045,3.9636858268133467e-13,5.728562481891095e-14,4.503018685205397e-16,1.4944993579070524e-12,1.4460793362020425e-13,2.8707064671643762e-18,1.229542663087053e-14,6.145631341667086e-17,5.051877665263646e-18,7.732209958940071e-20,1.6151474851414006e-08,1.532730843902317e-12,2.754140812497925e-16,1.472129142906924e-14,2.864020435913482e-31,1.698603793858969e-21,4.722856270287421e-21,2.377860456622403e-10,1.5648814547605752e-10,1.0281036041051457e-18,9.692619411374792e-12,5.1957904771138556e-09,4.0172028951262773e-16,5.028435443261462e-08,1.4189370894762947e-14,2.0918188847218614e-12,3.5486139110642483e-15,2.7024322777975336e-11,6.237551704870227e-17,1.0499086035342454e-16,2.9383834521250204e-17,5.1203979944664634e-14,0.09999999998399278,1.5061174827424775e-09,6.7045179667553e-15,1.276096916431043e-11,1.5445091727971943e-16,8.904404856511416e-14,5.990890534070297e-15,6.6223648409999304e-18,7.305920483879176e-11,7.577698817156514e-22,1.3507698382365321e-15,6.551997009124897e-14,2.0232307863711332e-17,1.35911118645512e-20,1.738417942298159e-15,6.149677362782104e-09,2.2498503226372066e-06,6.123729595325e-05,2.74144873837252e-15,2.542780014618827e-07,4.2822412066404677e-16,1.673958472722634e-13,8.433533469637841e-16,3.293511881318378e-12,1.832534550332626e-15,7.752848009952206e-12,9.154371111969525e-15,6.569347759271127e-26,2.952237784542522e-12,2.79323105973323e-13,4.1890187223202164e-15,2.202231149378185e-09,9.846405166353045e-13,9.019343481233711e-18,1.6364355031840087e-14,1.1905097785778396e-14,0.0003151582797098566,9.764805427264563e-13,1.9127731010367393e-08,4.2833587735600785e-13,9.197080404306514e-21,1.5390475582300358e-17,2.9919277295926234e-17,7.521086129622755e-14,5.360217836432865e-17,4.3655204535292106e-18,1.65836761016882e-08,1.1730415727184597e-12,3.0726478122320796e-06,4.366737677474539e-07,6.702356509869658e-17,2.402662927899611e-17,2.686207273108777e-08,1.7374673628127595e-06,1.1814857208734281e-11,7.561469949547923e-14,2.8225524345630146e-11,6.192255736913094e-14,-2.5810392793765004e-303,1.3226332681773042e-303,9.551685023192421e-12,1.0998898865645328e-14,8.346707791038024e-19,4.48765153542405e-13,5.366404426178977e-24,5.852500254220735e-20,5.377621817111275e-23,1.986751189935427e-30,1.0113063260228905e-26,1.5605547173576574e-08,2.1835299761140475e-13,1.4509804131047208e-11,9.89431052985873e-14,2.6799295632578193e-18,8.108815120866556e-16,2.7651826042496093e-10,4.063252097565491e-12,2.7152403879914673e-15,6.70956705402803e-22
3943128194065.3853,125035.77479913068,10000.0,250.0,1.0,1.0,21.2875,0.000151213969946648,3.790090137896807e-07,2.7355358957365026e-11,4.3911988635501074e-16,1.4994403454489774e-11,1.503241856474611e-14,6.096938271079339e-08,3.703729984851239e-12,7.682818684964096e-22,1.792472748184678e-14,8.548996930256821e-32,2.976837824783517e-12,2.765430626199803e-14,2.8479618748662314e-23,2.236950977543875e-14,7.614576692357832e-15,7.503270137802538e-22,1.3521836331229588e-18,2.716279441804357e-13,4.2468262968591927e-13,5.547893674847899e-14,1.2347419443546242e-14,2.937424106223611e-11,1.2386780096244077e-13,4.312323007654043e-12,1.4653601758258865e-13,1.1608479892433324e-17,1.6434404856907473e-20,3.4916863117754464e-13,2.60616697102729e-11,6.782923225140064e-15,1.3159726500384904e-25,2.3704025689442976e-10,4.901602405121489e-15,7.023639814620232e-18,4.859879545854746e-19,1.9907554887365034e-13,6.265445298878606e-16,2.4321623899293117e-16,2.8218525041331042e-08,1.2222478712444794e-16,1.5100580031208445e-09,2.691208550021153e-16,2.5205052481460828e-05,1.0936965572583695e-14,1.2016642610308462e-10,4.5062551266974484e-10,5.496417016238419e-16,4.602854226499686e-06,0.40260893194865927,6.302667216632881e-09,0.29869537776899485,4.081467229964282e-13,6.829011061557501e-14,7.74018154781413e-16,1.4915353870623747e-12,1.2075576790099173e-13,4.046729168916841e-18,1.0647762003980117e-14,5.796934566998966e-17,7.759413428476665e-18,1.4026341070167795e-19,4.126700653886361e-08,1.3708119236572863e-12,2.366331496246329e-16,1.1657928447534737e-14,1.9972051697371567e-31,2.0919528630523438e-21,1.8932161265082653e-20,2.781161302204836e-10,1.8086033988718701e-10,9.787494258888051e-19,3.2132406290165184e-11,5.681406178581532e-09,3.6775194995101983e-16,7.701661340801489e-08,1.862758281478262e-14,3.588985768151117e-12,2.994476191642332e-15,2.722616245054485e-11,8.461985812625249e-17,1.6037890035955933e-16,3.359970153407156e-17,3.9373450377744004e-14,0.1000000002979564,1.1921538180859069e-09,6.821104194097646e-15,1.8098432440855498e-11,1.9389690550567465e-16,1.1543073179852426e-13,6.9112278418420396e-15,9.710067350920886e-18,6.81779349550788e-11,1.2459364365844969e-21,9.97605462679159e-16,7.196166466193023e-14,3.125998606776127e-17,1.051889420915471e-20,2.0635977241354734e-15,6.1336789822234295e-09,2.2498663210177622e-06,6.088883309425497e-05,3.1360559022415485e-15,4.150002739393752e-07,5.295324498059595e-16,2.990933364483818e-13,1.355187585243596e-15,4.066302199038568e-12,2.0736341117483573e-15,9.637385543765884e-12,1.0421072471184136e-14,2.6471700322403665e-25,5.318599873704692e-12,4.0466276957695503e-13,7.84422346505093e-15,2.324731936186903e-09,4.936310294417273e-13,1.2181603509801329e-17,2.2015986513834188e-14,1.2929506135574178e-14,0.0003086307500238283,8.40732366562579e-13,2.0855674774355075e-08,4.838195752063907e-13,8.909200734894496e-21,1.8814604452257476e-17,3.3990641171743316e-17,1.0122552663902311e-13,4.2915563287231335e-17,4.3964289432909385e-18,1.657272415905981e-08,1.0340940301531563e-12,3.1990792524833294e-06,3.101412888466782e-07,7.084612691763101e-17,2.837870660701736e-17,6.269441372990982e-08,1.6557197264355558e-06,2.9008676709179036e-11,8.488438385218996e-14,7.605691111950125e-11,5.92361484019447e-14,-2.5810392793765004e-303,1.3226332681773042e-303,9.860203609558885e-12,1.0559868071705244e-14,8.72652588238087e-19,5.456591019205795e-13,1.2149263420111204e-23,7.212425453905247e-20,9.043376286761619e-23,2.870163165649569e-30,1.6202421425884137e-26,6.144511526517992e-08,2.1017582487561426e-13,2.477300912352559e-11,1.3398091936443273e-13,2.0425903943424277e-18,1.2695464354384082e-15,3.2487738252992284e-10,3.5430971888374676e-12,3.347470910348888e-15,7.862038433883287e-22
5702095254718.041,180812.25439872022,10000.0,250.0,1.0,1.0,21.2875,0.00014264775003521282,2.4404816281364e-07,2.647377582062548e-11,2.927451472999246e-16,1.3586682028484393e-11,1.3730330430723014e-14,5.0379152379314046e-08,3.822129514120321e-12,1.6978342073140172e-21,3.6525658413776776e-14,1.2388264198719835e-31,2.983015794610327e-12,2.7636082957955886e-14,5.0335551441642564e-23,2.4867085253218437e-14,6.0694922184091716e-15,1.6534654631410373e-21,2.3830747364415307e-18,2.5163507454795126e-13,3.407009404824515e-13,4.468695804337705e-14,1.1994881820009198e-14,2.947765948393493e-11,1.3140234231227284e-13,4.6570707970027584e-12,1.3291484093897578e-13,2.3988911798353336e-17,2.4733863542335012e-20,4.161597782644441e-13,2.6931148456765946e-11,1.754554144849465e-14,3.627838278808709e-25,3.720108680226437e-10,7.977809935504202e-15,1.0740107644817406e-17,7.311366229010629e-19,3.90256249809907e-13,7.294462319109346e-16,3.1398152045874125e-16,2.7545562106589968e-08,1.0207400313560338e-16,1.5409194129653376e-09,3.042752839524257e-16,3.389307878829832e-05,7.223548825412993e-15,2.591376029877245e-10,4.835240933175408e-10,4.098454770255211e-16,4.237549478588284e-06,0.37041218456019437,5.6599542198130694e-09,0.31479373092226254,4.2283609973866213e-13,7.320668830107056e-14,1.1525735788163377e-15,1.9543588099823254e-12,1.3163326463185806e-13,5.498289475294331e-18,1.4084192122617211e-14,3.407369505626554e-17,9.395798927260605e-18,2.0804908995049214e-19,5.531054501485603e-08,1.225759656566204e-12,1.7370721012310658e-16,7.591528532170275e-15,1.2609371395276196e-31,2.0661754283909527e-21,5.233194832949576e-20,3.1358108905318773e-10,1.8511589864764072e-10,8.489735433407446e-19,4.462933188446666e-11,6.354364243176745e-09,3.4147096873063344e-16,1.107667336406349e-07,2.2954653238935345e-14,5.117835041633106e-12,3.3733882394652467e-15,3.157424351647172e-11,1.1902102821018228e-16,2.51049887068781e-16,4.007011614498671e-17,4.1007516218197354e-14,0.10000000055775454,9.323554890023584e-10,7.014050375626553e-15,2.3769109071002562e-11,2.4420048142595934e-16,1.4610096676125566e-13,7.056542062087903e-15,1.2072229327616445e-17,6.91969424184037e-11,1.6960915852110106e-21,7.313437793856281e-16,7.898768145899127e-14,4.1227555837018056e-17,5.1636947272998655e-21,2.1550441202656817e-15,6.18658819620493e-09,2.2498134118037797e-06,6.038103973765656e-05,3.4610889931747827e-15,6.518776361108922e-07,6.17325077257575e-16,4.644343627891549e-13,1.9701771213899162e-15,4.9890035776260015e-12,2.271334278186342e-15,1.1553402793544532e-11,1.1444467859483703e-14,6.526013409427305e-25,7.783499856881351e-12,5.038215360925006e-13,1.1180875212729203e-14,2.422086667579771e-09,3.6216079527101066e-13,1.6281368705990596e-17,2.929179715888508e-14,9.981760586916695e-15,0.00029986663355075405,7.280148082255548e-13,2.14691880451849e-08,4.688578827654937e-13,1.0866179241574804e-20,2.0736808292897174e-17,3.7936270581022434e-17,1.1770774466472072e-13,4.477498378135513e-17,5.468623330420868e-18,1.639482406162212e-08,9.149173453970802e-13,3.3328122560247982e-06,1.763418728299496e-07,7.731802367106493e-17,2.0368545823580762e-17,9.771789854516074e-08,1.5600793033703492e-06,3.917680873379934e-11,7.77311608175374e-14,1.0332695038045626e-10,5.632650626830428e-14,-2.5810392793765004e-303,1.3226332681773042e-303,1.0161273817041832e-11,1.0055612757305995e-14,9.031166629466867e-19,5.861417090952691e-13,1.6740578726305527e-23,7.845152349429307e-20,1.22773108743205e-22,3.32943252229961e-30,2.023627524730409e-26,1.220189421293572e-07,1.978532394100179e-13,3.010094608090212e-11,1.6032217754503326e-13,1.4444508807790457e-18,1.5432426922618728e-15,3.5969852676252657e-10,2.1802228972651408e-12,3.888701930686729e-15,8.890991984364298e-22
8245709673556.404,261469.73850698897,10000.0,250.0,1.0,1.0,21.2875,0.00013107236462799052,2.0561104258265723e-07,2.631106123770722e-11,1.8944611784046392e-16,1.2487515313264412e-11,1.2810980584996659e-14,3.8798298632408606e-08,3.864813006919189e-12,4.256954544690286e-21,8.308005037675535e-14,1.6734006999704516e-31,2.9375005589298245e-12,2.893779734434369e-14,8.211975724461777e-23,2.567901952846803e-14,5.0154851350307725e-15,4.138907179631251e-21,4.413585349147969e-18,2.104544970522336e-13,2.6321006398947247e-13,3.472546898831246e-14,9.740373516271467e-15,2.967179496655574e-11,1.3671735346861103e-13,5.076456613797711e-12,1.3143825310781267e-13,5.692361711020802e-17,3.2231773707606603e-20,5.575950885440254e-13,2.9311923688637106e-11,4.1651223570625835e-14,6.856076225497442e-25,6.582777749178773e-10,1.2464910617418487e-14,1.3534010240554635e-17,8.831331400726969e-19,6.906886185465721e-13,8.924916458454476e-16,4.407449629605276e-16,2.6628094725847204e-08,8.549093255748362e-17,1.5570154962278255e-09,3.26016898860577e-16,4.548881227584239e-05,6.227571711538188e-15,4.133862870338131e-10,5.026445935277181e-10,3.605472683909602e-16,4.0995407476882575e-06,0.3320232918542431,5.031983504959504e-09,0.33398816403691917,4.400576516366494e-13,7.595827779893104e-14,1.6153450184298061e-15,2.7662179694231915e-12,1.4236131177065352e-13,6.968800890692628e-18,2.082478019627475e-14,2.4095121287204933e-17,1.2773317786914501e-17,2.9360699162184293e-19,5.938349141768204e-08,1.0770843282209375e-12,1.7236379112102406e-16,6.665397676450358e-15,7.014859299728757e-32,2.530426538275599e-21,1.026659788710997e-19,3.5183645129693297e-10,1.7838572886984088e-10,9.893991087480091e-19,4.1614277606731944e-11,7.271828910934172e-09,3.194498631153396e-16,1.5125145543825714e-07,2.6435694473770474e-14,6.54736219282579e-12,4.020326251150396e-15,3.8449719538728755e-11,1.6352234572555473e-16,4.237750884251634e-16,4.89509236109092e-17,4.4389544659284e-14,0.10000000076596231,7.241474097903264e-10,7.27853747505144e-15,2.939064351422654e-11,3.1264324890985206e-16,1.8673213040546131e-13,6.8133110808538016e-15,1.3533647872366835e-17,7.364986274272976e-11,2.216247531573812e-21,7.376168681653056e-16,9.485171968583983e-14,5.366781074183359e-17,4.201173788245189e-21,2.074657806658452e-15,6.256722659182258e-09,2.2497432773408046e-06,5.9651132286551744e-05,3.715544249681924e-15,9.963692210545806e-07,6.907726022194302e-16,6.915749867694557e-13,2.7299628373714833e-15,6.183677478497667e-12,2.424850830841619e-15,1.3777771416329435e-11,1.2237629830497016e-14,1.3159499771678745e-24,1.0615370677216759e-11,5.870604957891489e-13,1.428870796556853e-14,2.5485302491626105e-09,3.235446043252797e-13,2.231221677108289e-17,3.886735101015913e-14,9.33086817765898e-15,0.00028823201281344624,6.177776014948089e-13,2.210487159281284e-08,4.2620791593574376e-13,1.34990596140743e-20,2.258893861289268e-17,4.291665075595986e-17,1.3142603217264054e-13,4.740533433862551e-17,6.694382385503392e-18,1.6115784261175007e-08,7.959246512572046e-13,3.3780783378316318e-06,1.310256086515512e-07,8.504751884649662e-17,1.746492633884973e-17,1.1776612241326218e-07,1.5066829256917444e-06,3.837953855251219e-11,6.831928187307117e-14,1.0035700917765065e-10,4.8820708811303865e-14,-2.5810392793765004e-303,1.3226332681773042e-303,1.096313508295777e-11,9.817516302746822e-15,9.745026469398087e-19,6.210734158621649e-13,2.073031886483216e-23,8.402242876235884e-20,1.5271165781118588e-22,3.4803732925641824e-30,2.37638715650296e-26,1.5536878782613507e-07,1.8141899817327156e-13,3.13458774024132e-11,1.873429082160158e-13,1.3931718120055248e-18,1.7132657321962125e-15,3.912062946718224e-10,1.6588857458234972e-12,4.517605407843549e-15,1.0204343822056747e-21
11923990214706.387,378107.249324784,10000.0,250.0,1.0,1.0,21.2875,0.00011603377409786517,1.7590650642438823e-07,2.5446281705200112e-11,1.271708544260129e-16,1.1119591089376504e-11,1.1365745588519798e-14,3.0976782688910494e-08,3.717048658450068e-12,1.053452497986418e-20,1.8209622050071486e-13,2.2347006243010536e-31,2.882646976668989e-12,2.889941378040407e-14,1.28546509093394e-22,2.4862293719006734e-14,4.0127021199796374e-15,1.021221605406077e-20,7.781524150256496e-18,1.8298514122816033e-13,2.0639503991406573e-13,2.7438903175087917e-14,7.96646481968953e-15,2.965466053918961e-11,1.3814619321962978e-13,5.520887537765125e-12,1.2830808898226057e-13,1.3388556462391034e-16,4.133287969708867e-20,7.704399711844137e-13,3.145012951165143e-11,9.292493475281975e-14,1.0611586302588438e-24,1.1759903937402471e-09,1.855069874874864e-14,1.6552207476795264e-17,1.009705272670517e-18,1.1732409159253548e-12,1.0821112329010964e-15,6.34127984511061e-16,2.5405572327641504e-08,7.214901509450187e-17,1.5711188889124904e-09,3.373449681204227e-16,6.052354552677785e-05,5.5525835913992824e-15,6.307963613036796e-10,5.259614947292253e-10,3.282655592843975e-16,4.001109140062667e-06,0.2887618467497431,4.403207344786499e-09,0.3556188670604175,4.58946328733835e-13,7.91319571601073e-14,2.2841707074910307e-15,4.046366275332084e-12,1.4836850970496848e-13,9.057069501011862e-18,3.275503149975712e-14,2.032742514735838e-17,1.809684083027274e-17,4.2473106845413134e-19,6.175910282489683e-08,9.264021504525657e-13,1.9877041610170038e-16,6.623856188853039e-15,3.338736902427158e-32,3.522815782028276e-21,1.7302351962899361e-19,3.9641520361149995e-10,1.6738766893012942e-10,1.3302817561931014e-18,3.882710191905249e-11,8.494348167944041e-09,3.0030824312497083e-16,1.9915643564819215e-07,2.880319917330695e-14,7.917235381415296e-12,4.8662306902584696e-15,4.877055941465913e-11,2.331335027020798e-16,7.6167177105762e-16,6.142814639450997e-17,4.7683678841584114e-14,0.10000000092813903,5.619704174891551e-10,7.599171123831742e-15,3.4684430862823885e-11,4.1499851607577993e-16,2.449782670184891e-13,6.504495934235518e-15,1.4747833301517252e-17,8.134032396120721e-11,3.103908957305586e-21,8.519428191047068e-16,1.198841583412748e-13,7.900576147158845e-17,4.296894677703748e-21,1.9791947156536948e-15,6.333349939690324e-09,2.249666650060298e-06,5.860146617063379e-05,3.931666513688714e-15,1.4968720965888211e-06,7.564057934869615e-16,1.0415725492516958e-12,3.7374910841246726e-15,7.893533091941523e-12,2.554014174678737e-15,1.6599546147035466e-11,1.2907487686290886e-14,2.7158217436815927e-24,1.4671322499683006e-11,6.713864153908586e-13,1.78290937461289e-14,2.758874688386597e-09,3.0225855916638337e-13,3.189363932709643e-17,5.392426875785806e-14,9.705750141729008e-15,0.00027316626982930943,5.085523245973714e-13,2.3277702960399347e-08,3.807700703635301e-13,1.7035942383709773e-20,2.518094945729961e-17,5.048183804725829e-17,1.5175386525861172e-13,4.924247855340431e-17,8.259951753853599e-18,1.585627094678089e-08,6.764529602857086e-13,3.402394283814411e-06,1.0663894707125213e-07,9.647251031566297e-17,1.681668725018666e-17,1.3544888152877488e-07,1.463154899118936e-06,3.750698295819747e-11,6.212769901277402e-14,9.758860287722217e-11,4.21268372519332e-14,-2.5810392793765004e-303,1.3226332681773042e-303,1.2173786500394573e-11,9.682314529068992e-15,1.081825740414977e-18,6.593858984746511e-13,2.5783473488563164e-23,9.051036555967931e-20,1.8956369888022129e-22,3.564409505191883e-30,2.790042412483315e-26,1.812159683828246e-07,1.645341569563166e-13,3.181686333577966e-11,2.2499680087587095e-13,1.5402890904977296e-18,1.877206405780982e-15,4.3877558145991315e-10,1.3733009171379994e-12,5.614861582812914e-15,1.2697246450941635e-21
17243093471552.01,546774.9071395234,10000.0,250.0,1.0,1.0,21.2875,9.719217945429334e-05,1.39742306615691e-07,2.2934393711003213e-11,8.239785493753337e-17,9.130510307978001e-12,9.202402300475627e-15,2.3889265922337536e-08,3.2994994545942204e-12,2.474078814306452e-20,3.6803763222513276e-13,2.973412640347779e-31,2.723002727074768e-12,2.6491057139156034e-14,2.0015753326824163e-22,2.2228320320715396e-14,2.9196335227651612e-15,2.3855080221889134e-20,1.2087448054991556e-17,1.5877701950008406e-13,1.475440439432344e-13,1.9811275960184856e-14,6.4030909541112964e-15,2.9001345525624137e-11,1.3278804176055117e-13,5.874544882201987e-12,1.1918174398809574e-13,2.968887981630725e-16,5.43354758987732e-20,1.0699469470612453e-12,3.2463463430920663e-11,1.9020796040436583e-13,1.6527213109267112e-24,1.9854589225219894e-09,2.6507817166330846e-14,2.0909526055027998e-17,1.1557151287251994e-18,2.0624935534782852e-12,1.264783054276185e-15,9.093032677723676e-16,2.3825765937116826e-08,6.168678468643503e-17,1.5911400216149728e-09,3.43638698165448e-16,7.935608750441478e-05,4.802546355130034e-15,1.0121085340905459e-09,5.639384546894757e-10,2.979214726652349e-16,3.869739678186354e-06,0.2430039375766718,3.791738300136952e-09,0.3784977938705251,4.782697896544461e-13,8.396697835057917e-14,3.3645081827200924e-15,6.019732448399679e-12,1.4745836228083445e-13,1.2563396767743032e-17,5.468559797457909e-14,1.7862888116945582e-17,2.5725457303156514e-17,6.549370174565664e-19,6.623473543862922e-08,7.799922068972007e-13,2.368525479512765e-16,6.526586837991822e-15,1.3145527606961304e-32,5.27398682909317e-21,2.75516248306399e-19,4.4811383853539955e-10,1.550982052213204e-10,1.901940922366287e-18,3.7993412464192364e-11,1.0074149750835008e-08,2.8338293810218037e-16,2.56462695882853e-07,3.0212721882815565e-14,9.356789689778536e-12,5.8755063080873095e-15,6.465033846461032e-11,3.6231093454789395e-16,1.423151310654643e-15,7.801298250554598e-17,5.0275066809174824e-14,0.10000000105142003,4.3868904139381037e-10,7.95142071710475e-15,3.966899821087077e-11,5.824361918182302e-16,3.3529418908054855e-13,6.338884910357011e-15,1.6251717181194522e-17,9.429287736695307e-11,5.0203608698625604e-21,1.0152969845358221e-15,1.5754815742105747e-13,1.3117519105758992e-16,4.620432061464835e-21,1.9653142719020075e-15,6.492099802943524e-09,2.2495079001970432e-06,5.707568848208169e-05,4.166573432264731e-15,2.2304939279478186e-06,8.267235660212839e-16,1.625110498897705e-12,5.2408647073248706e-15,1.0647808121494346e-11,2.693965960876153e-15,2.055859018476851e-11,1.3633960584293359e-14,6.290398959367772e-24,2.160342058872451e-11,7.7473267834881e-13,2.2644024512600986e-14,3.1367252171617394e-09,2.8114798027627535e-13,4.827634116056063e-17,8.136361695195353e-14,1.0734960062164586e-14,0.00025427990474896053,4.0461117073545965e-13,2.564400803614653e-08,3.459815042429538e-13,2.2167964185466922e-20,2.94747166394723e-17,6.310017290780111e-17,1.8965820984437933e-13,5.015701249135775e-17,1.0557150589477627e-17,1.5731416650706047e-08,5.610966062992147e-13,3.4255357509756066e-06,8.337357611718107e-08,1.144728095636544e-16,1.698894824008474e-17,1.630694833233137e-07,1.392037196462039e-06,3.7568425966367064e-11,5.532075093907645e-14,9.784142835842504e-11,3.459242855944539e-14,-2.5810392793765004e-303,1.3226332681773042e-303,1.3576340937672989e-11,9.496029862877396e-15,1.2161392391787824e-18,6.922082516228127e-13,3.284669099027218e-23,9.78340829878904e-20,2.388049991016899e-22,3.6532072471511085e-30,3.3165768971348214e-26,2.247103240622629e-07,1.4896139762548104e-13,3.2784536230148527e-11,2.8278710126007667e-13,1.7605208995681022e-18,2.051587970831201e-15,5.247696036125285e-10,1.1170595877257745e-12,7.915524392289783e-15,1.8201690311582e-21
24934964480428.45,790682.5367969447,10000.0,250.0,1.0,1.0,21.2875,7.459259936813208e-05,1.0095482796052811e-07,1.8041244796708627e-11,4.5766874870347053e-17,6.42991642517366e-12,6.395608578839867e-15,1.5067957500637244e-08,2.5430129786731555e-12,5.168722651194118e-20,6.416011957373084e-13,3.8636362034363087e-31,2.3023254541016738e-12,2.1621771523115382e-14,3.1679201170384923e-22,1.7278668187757926e-14,1.7381865500378215e-15,4.93264323643764e-20,1.5075994029860248e-17,1.1903609289314967e-13,7.644853805004482e-14,1.0382180727018346e-14,4.3094112406898886e-15,2.6954988150780914e-11,1.1691778809502355e-13,5.9049367581698765e-12,1.0181945420674585e-13,5.772149449412097e-16,7.214483818659536e-20,1.4561951159640696e-12,3.123614302714633e-11,3.374265837971481e-13,2.656163903909496e-24,3.045722773622027e-09,3.578537709075897e-14,2.7499543469313927e-17,1.3121817650521845e-18,3.663655030227511e-12,1.367710379471569e-15,1.2449437436410695e-15,2.1863663890399153e-08,5.368392378631721e-17,1.6211318974695819e-09,3.4917291170595577e-16,0.00010194008374309948,4.0874589724645945e-15,1.7445258145118156e-09,6.273826269858624e-10,2.7066415816359165e-16,3.6856416102757015e-06,0.1977434426254435,3.2229631100355967e-09,0.40112800493203554,4.967119220774278e-13,9.095629358717536e-14,5.221564562614931e-15,8.859364025330594e-12,1.357463950828495e-13,1.8429878708824738e-17,9.747618125148454e-14,1.5584394671016874e-17,3.577969966041747e-17,1.1011372801426646e-18,7.443843817363463e-08,6.4416513339706e-13,2.910153296040806e-16,6.3060675705365e-15,4.109173151875999e-33,8.546904566876999e-21,4.343276581395895e-19,5.057423986366893e-10,1.4253925003990518e-10,2.8923760511690654e-18,3.371036170095839e-11,1.2036244831572638e-08,2.6805061520394907e-16,3.2553372001531846e-07,3.094989874558843e-14,1.101117097408738e-11,6.890421798781065e-15,8.897654060550185e-11,6.250056378849209e-16,2.6821190149200013e-15,9.678879114285344e-17,5.106018725574644e-14,0.10000000114327522,3.4683352666756186e-10,8.306510807729002e-15,4.447185372291716e-11,8.824784578074355e-16,4.872660133784461e-13,6.5206192805543065e-15,1.855150550062394e-17,1.1584365844906042e-10,1.0220687679158795e-20,1.2434470708260021e-15,2.1458915662662147e-13,2.374801435020914e-16,5.343647346536271e-21,2.1553190340843264e-15,6.8405167581238836e-09,2.2491594832418593e-06,5.4810730727806056e-05,4.499786158741216e-15,3.3275148116737566e-06,9.201304957797611e-16,2.646108596326204e-12,7.81134322770364e-15,1.569516253244667e-11,2.893529787326995e-15,2.672441621866587e-11,1.4664880049498917e-14,1.6590996293334478e-23,3.5476499029496264e-11,9.190704568477595e-13,2.989989197838026e-14,3.862243755832277e-09,2.659469901270024e-13,7.850589565339081e-17,1.393655150559178e-13,1.2806587541470339e-14,0.00023159510901935265,3.111212557031188e-13,3.066337780483417e-08,3.3398573818595804e-13,2.999427024985861e-20,3.754769282164016e-17,8.597995148734922e-17,2.68713917005324e-13,4.977475879673211e-17,1.422278408111988e-17,1.589639507824018e-08,4.550408488107868e-13,3.4465390676644413e-06,6.213348023071515e-08,1.4471726198574455e-16,1.8832175203437008e-17,2.0624564548289212e-07,1.268882884118444e-06,3.31915909091009e-11,4.387982217861254e-14,8.624354964178505e-11,2.3325751215134736e-14,-2.5810392793765004e-303,1.3226332681773042e-303,1.4910324360061675e-11,9.24108183974711e-15,1.3810050371838654e-18,7.041909180125879e-13,4.2819331767667956e-23,1.0611850636782584e-19,3.0519693017927454e-22,3.7738886376739785e-30,4.002875353467079e-26,3.0470140394242805e-07,1.3507781939810724e-13,3.442434409760585e-11,3.787226121796242e-13,2.1096020076382517e-18,2.2051980480869113e-15,6.979746651417011e-10,9.048108190587605e-13,1.3758223082571115e-14,3.2776573341669103e-21
36058057370390.44,1143393.4985537303,10000.0,250.0,1.0,1.0,21.2875,4.901445403804218e-05,6.716503146383533e-08,1.0956725752593653e-11,1.94062425678008e-17,3.432376406788253e-12,3.3673321594074927e-15,6.959366628627055e-09,1.505911704858014e-12,8.490434362704411e-20,8.560133896213781e-13,4.650015284551457e-31,1.571563611449981e-12,1.521772661872964e-14,5.09509176998961e-22,1.0270447024267692e-14,7.513155174463273e-16,7.919574436839152e-20,1.2756158204782586e-17,6.988010300356069e-14,2.297724570990097e-14,3.1541726715666186e-15,2.167286011034123e-15,2.2284598050556382e-11,8.768734596637275e-14,5.219066638331929e-12,7.517600677401115e-14,8.681060861653772e-16,9.178105595949062e-20,1.8382329067030977e-12,2.6385678357115153e-11,4.593047262620594e-13,3.996952742267294e-24,4.017134832377031e-09,4.327563813011646e-14,3.7212987643676583e-17,1.4113167395769752e-18,6.000242602892301e-12,1.2757169031051024e-15,1.511682871002025e-15,1.9543992635348403e-08,4.7696173989020444e-17,1.6528534837385045e-09,3.5512758467672486e-16,0.0001274838134592455,3.639817453963785e-15,3.189402087144718e-09,7.359596150263124e-10,2.5239000996100103e-16,3.439384807309713e-06,0.1558570162144534,2.71210755654996e-09,0.4220711688695419,5.131965308283398e-13,1.0054487910749807e-13,8.58522867633468e-15,1.21244644789036e-11,1.0930037035735863e-13,2.7102522018943842e-17,1.8740153113973816e-13,1.398709253473873e-17,4.662579942319031e-17,2.071378321611998e-18,8.844703742271935e-08,5.234772024412368e-13,3.857795010485425e-16,6.207155229725028e-15,9.672433909837412e-34,1.5287288003593235e-20,6.864726973663149e-19,5.673863258369324e-10,1.3063247686659026e-10,4.7492011103055526e-18,2.3779936314644644e-11,1.4355906518810528e-08,2.532657352317228e-16,4.0647631405438396e-07,3.1076831263601464e-14,1.3007433654423061e-11,7.445218546717604e-15,1.2569281568930006e-10,1.196265538978371e-15,4.868665952430298e-15,1.089642179007908e-16,4.835366608656908e-14,0.10000000121055293,2.7955553955218654e-10,8.638099672171783e-15,4.893426692619767e-11,1.4744868121262898e-15,7.685435235267279e-13,7.529119313959769e-15,2.2563367947585186e-17,1.5068352059346637e-10,3.090453370030321e-20,1.6164352228964611e-15,3.017339297800806e-13,4.638847498477955e-16,7.207034496515604e-21,2.944162323220049e-15,7.591321807730784e-09,2.2484086781922518e-06,5.131367305314102e-05,5.054881187017277e-15,5.034254196211812e-06,1.0664345558415194e-15,4.529821810092267e-12,1.2875235207094556e-14,2.6490914315638135e-11,3.2283520496217456e-15,3.742635831898045e-11,1.638554084618987e-14,4.7502108879632725e-23,7.036060539549984e-11,1.1459147950186136e-12,4.2063175577762215e-14,5.438838635385455e-09,2.7670048097389686e-13,1.3961024600126695e-16,2.8705104513115713e-13,1.6599307627169002e-14,0.00020586762456062152,2.316550013394021e-13,4.2926593167445685e-08,3.742322379718973e-13,4.291527092942682e-20,5.606865478543854e-17,1.3313009477532947e-16,4.64910041056322e-13,4.8344051944038793e-17,2.0790447361556594e-17,1.661232837268218e-08,3.6199188571941465e-13,3.4620763372097066e-06,4.6064264129980904e-08,2.0170976314430857e-16,2.5880218573761246e-17,2.6192311324296036e-07,1.0736928060156006e-06,2.2299237972489782e-11,2.87154049400834e-14,5.726178549115401e-11,1.1236686957675197e-14,-2.5810392793765004e-303,1.3226332681773042e-303,1.567757781595875e-11,9.001487241005862e-15,1.5968610768587289e-18,6.739319832711839e-13,5.739657297833724e-23,1.167559234891939e-19,3.9942117760410473e-22,3.992264351549043e-30,4.970517201204858e-26,4.442508915805745e-07,1.2254686003436518e-13,3.653324218392311e-11,5.696068602650407e-13,2.8681339890780075e-18,2.27285674832492e-15,1.1207284728818877e-09,7.848350992147829e-13,3.475021149472739e-14,8.743411354412641e-21
52142985900256.234,1653443.236309495,10000.0,250.0,1.0,1.0,21.2875,2.2466422940131195e-05,4.230473116646632e-08,3.5705526621517213e-12,4.5195816537729174e-18,9.612094879544136e-13,9.234508873256624e-16,1.873046137968675e-09,4.74997189603668e-13,7.636178594279873e-20,6.321745384905176e-13,3.8732068867868684e-31,6.283740098043588e-13,8.829295692285981e-15,7.8281622465526305e-22,3.168494439455839e-15,1.751201719619164e-16,6.614963199858725e-20,4.520267310803066e-18,2.4095638083867876e-14,2.295662818406322e-15,3.166463680124222e-16,6.340883196478895e-16,1.339747701495696e-11,4.555757577677323e-14,3.2938016358172518e-12,4.0146833556352806e-14,7.283091458762682e-16,9.803101663744948e-20,1.8110956186551157e-12,1.648410931856431e-11,3.654788732958761e-13,4.292861745868724e-24,3.925106606627678e-09,3.9331061934381653e-14,5.020059520797757e-17,1.2754909319708945e-18,7.325102088124698e-12,8.59954454886117e-16,1.3570770494895532e-15,1.6957392071139045e-08,4.3329862728330766e-17,1.5982082821453527e-09,3.5233772549865203e-16,0.00015398718932523893,3.8534128583789704e-15,6.090013231626039e-09,9.357992873830538e-10,2.7540237894375283e-16,3.118131491449961e-06,0.11942932516658579,2.2589090215630887e-09,0.44028495128787154,5.270936157678911e-13,1.1353852046474746e-13,1.4882723007520906e-14,1.2915577958111311e-11,6.555634953090588e-14,3.4061094033443904e-17,3.9897976748290824e-13,1.2772815545885489e-17,5.160059058008602e-17,4.5921959984582304e-18,1.1599756103539131e-07,4.216866650140326e-13,6.073321851570556e-16,6.867016584360616e-15,1.6016347525485345e-34,3.085916073641909e-20,1.0754263752669523e-18,6.310433245253145e-10,1.2115675804950865e-10,8.537388611252694e-18,1.0014298159671954e-11,1.694249410960503e-08,2.374054784333912e-16,4.833606559896372e-07,2.965110426416331e-14,1.5110370787590107e-11,6.376085229676283e-15,1.8058641064944744e-10,2.5366170991495735e-15,7.696935146959434e-15,9.009495127757501e-17,4.125363713026056e-14,0.1000000012589132,2.3119495512743943e-10,8.927679704837021e-15,5.12092842355643e-11,2.7063103450192825e-15,1.3651275037974372e-12,1.1339995685576175e-14,3.088695674933637e-17,2.052604236835666e-10,2.214348908570473e-19,2.3988863280513736e-15,4.3587016575761005e-13,9.830854198165295e-16,1.234959189982422e-20,6.791335083043651e-15,9.391645180057638e-09,2.246608354819924e-06,4.543667218528127e-05,6.1024996088588205e-15,7.93204405576376e-06,1.3322018702715568e-15,8.35564054435245e-12,2.398800304958945e-14,5.542756983168195e-11,3.86382112236523e-15,5.868820613448865e-11,1.9640728883775264e-14,1.2539478791961426e-22,2.0792688557578544e-10,1.5643243541339274e-12,6.621676193403603e-14,9.935622743726322e-09,3.804505597121961e-13,2.8127367211884417e-16,7.778788586065355e-13,2.3170601810227048e-14,0.00017898550910762189,1.6811435362455836e-13,8.706827741482209e-08,6.186273654707104e-13,6.819116878300276e-20,1.21305065890223e-16,2.5942646534780523e-16,1.1516712998500966e-12,5.1254329696405726e-17,3.561432156292673e-17,1.8438866821781883e-08,2.8455280325173356e-13,3.4686412525273325e-06,3.7674250529175023e-08,3.3216893752647296e-16,5.782104352408684e-17,2.987818775522945e-07,7.878300823380757e-07,8.217597425884536e-12,1.2598780711296935e-14,2.0331911587219886e-11,2.7530200829321714e-15,-2.5810392793765004e-303,1.3226332681773042e-303,1.4739808201487944e-11,8.691632193687054e-15,1.8543529416749813e-18,5.703817652573348e-13,7.858060519319e-23,1.2990609367773058e-19,5.355941444921509e-22,4.33549183224099e-30,6.378183753184654e-26,6.933039173772255e-07,1.1066320258448928e-13,3.896847255371856e-11,1.1577156464273548e-12,5.173643192790845e-18,2.1303604784503842e-15,2.7436191718336612e-09,8.672146420994218e-13,2.0262686545398942e-13,5.463461045845456e-20
75403146394319.33,2391018.0870852144,10000.0,250.0,1.0,1.0,21.2875,1.0506215673272933e-06,1.7238489554330097e-08,5.154990114401321e-14,7.060818589446374e-20,8.224680060481729e-15,6.03359376884168e-18,7.598096236312727e-11,4.143138153137706e-15,2.873949977884707e-21,3.400128442631444e-14,2.618852204923343e-32,1.1730295317855259e-14,2.3661599880241e-15,5.079550700460671e-22,2.5004302721398298e-17,3.147535392943205e-18,7.699400526148292e-22,1.6697700143949437e-19,4.895514641220868e-16,1.9927356594111314e-18,2.6663637082013527e-19,1.654912529787561e-17,1.061332918497833e-12,2.554261800142094e-15,2.278179327416405e-13,4.39551000894503e-15,4.490130680053384e-17,5.051381070658902e-20,5.016429361884223e-13,2.349085322696211e-12,1.2156926581955803e-13,5.791603021687321e-25,1.3164259036689868e-09,9.464067713966394e-15,1.0054844322454452e-16,6.119027098383262e-19,2.032304240832996e-12,1.3606637980818285e-16,2.9002274382936145e-16,1.4255721523472766e-08,4.032675970640492e-17,5.904846973699909e-10,2.2887046741259714e-16,0.00017554902972856778,1.078941135200733e-14,1.594256594639125e-08,1.2257497632120265e-09,1.6293393927678876e-15,2.508202868504558e-06,0.08944649417613501,1.782492411163251e-09,0.4552762284614193,5.382432818445375e-13,1.3918444388939214e-13,9.093590525070264e-15,3.88387002515333e-12,1.0023432988052276e-14,1.9790920669044598e-17,1.6894670764813296e-12,1.6455195351772185e-17,3.78777298329047e-17,1.943303984640068e-17,3.140802321432231e-07,3.5653429470390606e-13,2.1989537628876822e-15,1.888599057238152e-14,1.73309485060774e-35,9.367270051063449e-20,1.5206927687448475e-18,7.064418435421712e-10,1.3254756788172834e-10,2.1093936009569273e-17,5.160747607772393e-13,1.9644139039222213e-08,2.125342370909724e-16,3.619885831114665e-07,1.7045004213846785e-14,1.2309796919329041e-11,3.0865701948399866e-15,2.911735874317806e-10,8.30508635269716e-15,7.223693195824397e-15,9.04745247331165e-18,1.2958621390419997e-13,0.10000000129220746,1.9790033378165747e-10,9.166666458539073e-15,3.3117090182323136e-11,2.8427652968186947e-15,3.205105083060406e-12,4.070234819095073e-14,6.01163983766996e-17,3.194215122592421e-10,1.7201366515887542e-16,5.7388676286975304e-15,6.5888227530721e-13,2.4936125440026205e-15,6.137246654563297e-20,2.0494263965731558e-13,2.9357143461810968e-08,2.2266428565381726e-06,3.253988783088767e-05,8.809742035502029e-15,1.4428747199835531e-05,2.006193668408937e-15,1.9979596027504467e-11,1.9739097382477586e-14,1.704983145805585e-10,5.513492152942209e-15,1.1993786467613866e-10,2.809544111578427e-14,1.8308837726464295e-22,2.077166509687968e-09,3.0452431195123096e-12,1.6876947608621484e-13,3.625746471884376e-08,1.5050867047658287e-12,7.60002789034874e-16,3.1461391609669097e-12,5.405500717188729e-14,0.00015431577677936438,1.257388909647265e-13,1.083057556731693e-06,6.960617733324515e-12,1.744746308393431e-19,1.6346809029450933e-15,1.0158895560774324e-15,7.081627288817479e-12,1.83630023619009e-16,1.5641051758980158e-16,2.3288228275165723e-08,2.3182795151989486e-13,3.3677351146756037e-06,7.532012936629353e-08,7.478412029869222e-16,8.834550162884399e-16,9.752766909046075e-08,1.854795079642352e-07,1.2987368730839656e-13,8.975205644556175e-16,3.157556650927775e-13,1.8661302528441438e-17,-2.5810392793765004e-303,1.3226332681773042e-303,4.405678058848529e-12,3.0660676736333594e-15,7.840964380594086e-19,1.7178828112019465e-13,5.140693028258512e-23,5.87684268340406e-20,3.8075703663961807e-22,2.390384446519149e-30,3.768825853328167e-26,1.4969431950216128e-06,8.623788638945232e-14,3.686522166527951e-11,7.648530330132959e-12,9.830718511150044e-18,8.436766378778341e-16,6.557746376774334e-08,5.834458556023707e-12,1.1505649295014697e-10,3.220867460040066e-17
109039296235147.36,3457613.4016726078,10000.0,250.0,1.0,1.0,21.2875,8.603289568667625e-08,3.913672280943195e-09,1.9915169937263417e-15,6.1305640799798314e-21,3.752459870446435e-16,1.1527600788034777e-19,8.971571119988205e-12,1.206764765752909e-16,2.5095867776962886e-23,3.840617555720076e-16,5.108707804825265e-34,4.4173323257066092e-16,1.1859064966993498e-16,3.296697431322152e-23,3.4089711951669555e-19,6.008098351561505e-20,8.714536885245766e-25,1.5581075926061658e-19,7.167721224908804e-18,2.544036197528109e-20,2.4378109907234014e-21,2.7268503525233524e-19,3.010143091395083e-13,2.4715638909927163e-16,3.06421244666579e-14,7.494348031692529e-16,6.3978591794778085e-19,7.045932325464068e-20,6.629397115433862e-14,5.260162384862382e-13,7.189026314110429e-14,1.848363034508895e-24,6.045047733663655e-11,6.315642415534946e-16,1.2421193100306075e-15,7.9905906204165535e-19,7.461133939015044e-13,3.282360059319088e-17,9.57624280355263e-17,1.1616398390954271e-08,3.9582867670223946e-17,1.2973046200716607e-10,4.8762884181056304e-17,0.0001767711149613755,1.55303954630058e-14,5.4863118772910825e-08,1.7498654870002413e-09,5.257076832260724e-15,1.9408556970863406e-06,0.06586710630204112,1.068935864550396e-09,0.4670649491424623,5.468558865264999e-13,1.5648460737370486e-13,4.805823771584753e-15,5.776509110567885e-13,2.5880514753197735e-15,1.5600212766201574e-17,1.2690770806637957e-12,6.249825891436716e-18,1.2204096820210336e-17,1.0576587988667146e-16,1.414608228753319e-06,3.0461734897423405e-13,2.2365620421241313e-15,1.4656453461344177e-14,1.527548781442893e-36,1.3116547418103308e-19,7.088792962422715e-19,7.647531142072868e-10,1.5795802717575036e-10,2.843342524347719e-17,2.902925568944876e-14,2.2283444929791836e-08,1.550634915284643e-16,8.125763711082442e-08,2.2756978081424368e-15,2.734946377632384e-12,4.573138181820479e-14,4.2202113856040275e-10,3.438590293923921e-14,2.0136454461788078e-15,1.475167472831545e-18,5.331888431231473e-13,0.10000000130809411,1.8201365957577168e-10,9.355500469664526e-15,5.685535729305929e-12,7.296041038610867e-16,7.034494173303911e-12,1.0799072524935256e-13,9.781495886814184e-17,4.3882888737136383e-10,3.8847042111878774e-14,7.677850941918296e-15,7.157843298600832e-13,4.6402382043609865e-15,5.888203529801887e-20,4.4866068752289115e-12,3.6783943411535234e-07,1.8881605658846355e-06,1.0689274507212958e-05,1.3535328470323782e-14,2.5472427075773142e-05,3.1752899403568586e-15,4.6276373500823715e-11,2.6178696742087076e-15,3.5472851610611985e-10,8.394966884683729e-15,2.1648330274161368e-10,4.287870941741457e-14,1.8554160812322506e-22,1.0012451507569163e-08,6.236549085073925e-12,4.747972086721916e-13,7.371736974776083e-08,1.8981185555377476e-12,2.0349446971579166e-15,5.5875689058467646e-12,5.87664141573292e-14,0.0001386581909549467,8.244145175705095e-14,7.075663376188158e-06,3.5517716677312757e-11,6.522056927984791e-19,1.1275655950881565e-14,1.8803317186416245e-15,2.5510548843025875e-11,6.4385194598671e-16,6.866565899006014e-16,2.6811210495806046e-08,1.8034057021911237e-13,2.4615539026699037e-06,4.2072351794964056e-08,6.594990199580534e-16,2.2972746434729064e-15,8.17700552836257e-09,3.5282943674165473e-09,1.360121770940202e-15,2.2550329771247437e-16,3.479899290306527e-15,6.833226419434229e-20,-2.5810392793765004e-303,1.3226332681773042e-303,8.981312352878595e-14,2.6886820670993623e-16,7.807636730530309e-20,4.286914692100822e-15,6.1304149832534175e-24,6.792839217734036e-21,4.124184003873322e-23,1.6137343676975047e-31,5.676658288639709e-27,1.7682635181037049e-06,4.596967834679041e-14,1.9360679500034405e-11,1.1675735269653127e-11,1.7378867671193067e-18,1.7904519519146223e-16,9.840309871104218e-07,2.5839942356927837e-11,2.0517125565592362e-08,4.626333159020691e-15
157679999999999.66,4999999.999999989,10000.0,250.0,1.0,1.0,21.2875,5.2732548461829324e-08,2.6155458512506934e-09,1.0184943275861343e-15,2.5015364054062113e-21,1.4412294181192392e-16,5.208849950796762e-20,3.179952181673987e-12,6.088102151651036e-17,6.718443971427738e-24,8.169377548423052e-17,4.038559156568164e-34,3.2167506745860337e-16,5.703497339542748e-17,2.4197864499633207e-23,6.409767904631002e-20,1.758965136298228e-20,1.9990859845748869e-25,1.3772461351227618e-19,1.7950381633534336e-18,1.9096232105558228e-20,7.556767921433922e-22,5.668770124283031e-20,3.6680495307329984e-13,1.6160285934385765e-16,2.9102176562321936e-14,4.983017136478881e-16,2.1647186168165563e-19,9.727108215986734e-20,5.6638190271948125e-14,3.9949512507591117e-13,4.9898038381834856e-14,5.888574169877322e-24,1.4733911460543436e-11,2.661313326601729e-16,1.7908502223779718e-15,9.058794068940522e-19,1.2350101348235841e-12,2.3746146435625878e-17,9.57505307641536e-17,9.223107329774e-09,4.0591607649817817e-17,1.1297405904679606e-10,3.532989584713796e-17,0.00017679815940466358,1.6198071279369167e-14,8.314632432961514e-08,2.0142277332873415e-09,5.982802413906206e-15,1.7242132142270984e-06,0.048032113663462786,7.305381503867172e-10,0.4759819721936519,5.532786790964791e-13,1.678785330094257e-13,1.018020300352065e-14,5.47883203084852e-13,2.06209581689417e-15,1.9888853822887162e-17,1.0471962509590061e-12,3.823150073678577e-18,1.0980865341673794e-17,1.9960866618665905e-16,1.8735754317973346e-06,2.6846353742205057e-13,1.92036434877449e-15,9.450941092164806e-15,9.98309113993186e-38,1.2997851775007656e-19,2.9414851969116083e-19,8.023577301984467e-10,1.653027708748073e-10,3.435247604576534e-17,8.029186967009559e-15,2.4676724625473174e-08,1.2562808006994273e-16,6.022453111501517e-08,1.160483365974963e-15,1.9711040937790964e-12,1.1270874316774293e-13,5.010547687253654e-10,5.976254912808768e-14,6.1968186514546625e-16,1.2722261436082854e-18,6.958012054397768e-13,0.10000000131462332,1.7548418821423552e-10,9.498509468359015e-15,3.640192331765276e-12,1.0477609994810276e-15,1.0771867965973106e-11,2.0726607808638615e-13,9.194887607882968e-17,5.024997944286778e-10,1.2962778108543668e-13,1.0414934223488486e-14,7.08830885365159e-13,4.5720311678867285e-15,3.6093687344214675e-20,9.43628843656483e-12,5.586162492909396e-07,1.6973837507090468e-06,2.3530351661721066e-06,1.4837594152756825e-14,2.9616816591741297e-05,3.4928512665713964e-15,6.149833440567847e-11,5.68553817528309e-15,4.5305389887147786e-10,9.185501857945854e-15,2.603483814677829e-10,4.699520335878051e-14,2.74297518619299e-22,2.5285496189395148e-08,7.751488732125948e-12,7.201433943619888e-13,1.2682499084331346e-07,1.8969126190401085e-12,3.987412759159695e-15,5.424299322239484e-12,2.3781985164771747e-14,0.00012946417842434716,6.255452664192149e-14,1.0967213679089446e-05,4.2883675091778784e-11,2.014933491102615e-18,1.7997007709950674e-14,3.468370664558025e-15,4.4663572456847113e-11,8.969397928788029e-16,1.0552114462935997e-15,2.823182094150202e-08,1.554431160100339e-13,1.7156976100001257e-06,1.9627876642643304e-08,5.689087121102137e-16,2.1124553987661948e-15,4.297700784191509e-09,1.5323084449572716e-09,2.845019641381786e-16,1.7744983833428385e-16,6.942797457543385e-16,1.0445003364191064e-20,-2.5810392793765004e-303,1.3226332681773042e-303,4.076760655062199e-14,2.0032114477144511e-16,6.335985780319197e-20,2.128331291502384e-15,5.653758594440343e-24,5.793415187466683e-21,3.771893389388958e-23,1.057315587912802e-31,5.533296970792157e-27,1.7741401215081654e-06,3.084611198696106e-14,1.7562317266225998e-11,1.2231634341565478e-11,1.7156205433444015e-18,2.103917748379068e-16,1.7123135984382437e-06,2.915406099858594e-11,6.024311505988443e-08,1.244934263723785e-14
