time_seconds,time_years,radius_cm,number_density,temperature,cr_rate,fuv_field,visual_extinction,C,C+,C2,C2+,C2H,C2H+,C2H2,C2H2+,C2H3,C2H4,C2H5,C2N,C2N+,C2N2+,C2NH+,C3+,C3H2,C3H5+,C3N,C4H,C4N,C4N+,CH,CH+,CH2,CH2+,CH2CO,CH2OH,CH3,CH3+,CH3CCH,CH3CHO,CH3CN,CH3CNH+,CH3OH,CH3OH2+,CH4,CH4+,CH5+,CL,CL+,CN,CN+,CO,CO+,CO2,CS,CS+,E-,H,H+,H2,H2+,H2CL+,H2CN,H2CO,H2CO+,H2COH+,H2CS,H2CS+,H2CSH+,H2NO+,H2O,H2O+,H2S,H2S+,H2S2,H2S2+,H2SIO,H3+,H3O+,H3S+,HC3N,HCL,HCL+,HCN,HCN+,HCNH+,HCO,HCO+,HCO2+,HCOOH,HCS,HCS+,HE,HE+,HEH+,HNC,HNCO,HNO,HNO+,HNS+,HOC+,HOSO+,HS,HS+,HS2,HS2+,HSO+,MG,MG+,N,N+,N2,N2+,N2H+,NCCN,NH,NH+,NH2,NH2+,NH2CHO,NH3,NH3+,NH4+,NO,NO+,NO2,NS,NS+,O,O+,O2,O2+,O2H,O2H+,OCN,OCS,OCS+,OCSH+,OH,OH+,S,S+,S2,S2+,SI,SI+,SIC,SIC+,SIC2,SIC2+,SIC3,SIC3+,SIH,SIH+,SIH2,SIH2+,SIH3,SIH3+,SIH4,SIH4+,SIH5+,SIO,SIO+,SIOH+,SIS,SIS+,SISH+,SO,SO+,SO2,SO2+
0.0,0.0,100000000000000.0,870533294.4133873,2000.0,1.0,1.0,46.55258258895119,1e-30,1e-30,1e-30,1e-30,1e-30,1e-30,1e-30,1e-30,1e-30,1e-30,1e-30,1e-30,1e-30,1e-30,1e-30,1e-30,1e-30,1e-30,1e-30,1e-30,1e-30,1e-30,1e-30,1e-30,1e-30,1e-30,1e-30,1e-30,1e-30,1e-30,1e-30,1e-30,1e-30,1e-30,1e-30,1e-30,1e-30,1e-30,1e-30,1e-30,1e-30,1e-30,1e-30,0.00015,1e-30,1.5e-07,2.785e-08,1e-30,0.0,0.0,1e-30,0.5,1e-30,1e-30,1e-30,1e-30,1e-30,1e-30,1e-30,1e-30,1e-30,1e-30,0.0001075,1e-30,8.75e-06,1e-30,1e-30,1e-30,1e-30,1e-30,1e-30,1e-30,1e-30,5e-09,1e-30,1.295e-07,1e-30,1e-30,1e-30,1e-30,1e-30,1e-30,1e-30,1e-30,0.085,1e-30,1e-30,1e-30,1e-30,1e-30,1e-30,1e-30,1e-30,1e-30,1e-30,1e-30,1e-30,1e-30,1e-30,5e-09,1e-30,1e-30,1e-30,2e-05,1e-30,1e-30,1e-30,1e-30,1e-30,1e-30,1e-30,1e-30,3.125e-07,1e-30,1e-30,1e-30,1e-30,1e-30,1e-30,1e-30,1e-30,1e-30,1e-30,1e-30,1e-30,1e-30,1e-30,1e-30,1e-30,1e-30,1e-30,1e-30,1e-30,1e-30,1e-30,1e-30,1e-30,1e-30,1e-30,1e-30,1e-30,1e-30,1e-30,1e-30,1e-30,1e-30,1e-30,1e-30,1e-30,1e-30,1e-30,1e-30,1e-30,1.355e-05,1e-30,1e-30,4.765e-07,1e-30,1e-30,1.53e-06,1e-30,1.86e-06,1e-30
0.05898567864571365,1.8704235998767647e-09,100000000088478.52,870533292.8729174,1999.999998761301,1.0,1.0,46.55258254776216,2.2406303132597795e-19,2.008448405676173e-25,1.0002176008004046e-30,9.72152199717823e-31,9.9713226681612e-31,9.9960955634412e-31,1.002868627419143e-30,1.028237342656056e-30,1.000000000000001e-30,9.99999999999997e-31,9.999999999999973e-31,9.999999999999983e-31,9.999991178247691e-31,1.0000000159262168e-30,1.00000018923084e-30,9.999999973215675e-31,9.999999999999999e-31,9.999999999999999e-31,1.0000000001550389e-30,9.999999999999975e-31,9.999999999999999e-31,9.999983992596171e-31,5.4865386179152406e-24,4.4838220804097905e-29,1.386100735578341e-26,1.3337379568668605e-30,9.99999999999999e-31,9.999999999999987e-31,1.0000486502707576e-30,1.0406250179183942e-30,9.999999999999999e-31,9.999999999999982e-31,9.999999999999978e-31,1.000000023673174e-30,1.0000000160465603e-30,9.99999995141523e-31,1.0000458649163536e-30,9.990035892475029e-31,1.0009637837899543e-30,5.7930294818070196e-24,7.239890965915885e-30,1.9997035011535724e-22,6.172158065459938e-29,0.00014999999999999977,3.39356569275618e-22,1.5000000000000002e-07,2.784999999999996e-08,4.279364309380615e-25,4.021304402235585e-19,1.9427169204083054e-19,8.434899047278074e-21,0.4999999999999999,3.44527449632522e-19,2.935539352864126e-27,2.3886380662255962e-29,1.000000599751249e-30,1.000009504595242e-30,1.0000019407609765e-30,1.1481451919580139e-30,9.999999999999999e-31,1.000000547115488e-30,9.999999999999999e-31,0.00010749999999999992,1.8884313172687126e-21,8.749999999999972e-06,4.184482560577602e-21,9.999999999999987e-31,1.0000000000000006e-30,1.0000000018104901e-30,9.28222661891682e-21,2.4916530137569233e-23,7.567292932601131e-24,1.000001603442757e-30,4.999999999999997e-09,1.7481538361294645e-25,1.2949999999999975e-07,1.4304478858124683e-27,8.269324418418058e-29,1.001623662811046e-30,6.206051078152088e-24,3.194927921895845e-27,9.999999999999996e-31,1.2585147727982958e-26,2.4856952508536308e-27,0.08500000000000003,3.2589298820372797e-20,9.733737005824063e-23,1.0000004526310503e-30,9.999999999999948e-31,9.999999988422825e-31,1.0000119456255911e-30,9.999999999999999e-31,3.3086995842277073e-24,1.0389858918258669e-26,1.1494494014742054e-20,2.8106713082934974e-26,9.999999999999987e-31,1.000851360502575e-30,1.8192997161708514e-28,5.000000000000002e-09,4.2499688033148815e-25,1.2054456649850187e-21,1.5943522401860038e-26,2.0000000000000005e-05,1.0528761006703924e-26,3.629289270436144e-25,1.0049888884295386e-30,6.39914407424926e-23,1.4959392436740672e-28,1.9921010392029953e-22,1.7974553736160675e-28,9.999999999999976e-31,3.124999999999998e-07,5.312858995448304e-23,1.7997558176586612e-27,2.4545447783289016e-30,1.0059737509282156e-30,9.999999997680561e-31,1.092300959372086e-30,1.0000000000000691e-30,2.437647642671802e-19,4.152966864049682e-27,5.962001122428817e-28,2.380591745644803e-30,1.0000007906626449e-30,9.83693662821086e-31,1.7375508179354014e-30,1.1114520997331031e-29,9.999997420855621e-31,9.999927606375761e-31,8.308433753230341e-20,9.860671489464796e-27,1.8221052152941072e-20,3.5318371001854376e-26,1.1017600932638235e-30,6.117704877673192e-29,9.50262756620204e-21,4.3640479039815376e-27,1.000000000000001e-30,1.001459276498536e-30,9.999999999999999e-31,9.999999999999999e-31,9.999999999999987e-31,9.999999999999999e-31,9.999999981895106e-31,9.999982833585283e-31,9.999999999999999e-31,1.0000001120962405e-30,1.000011825611441e-30,1.0000000001055914e-30,1.000004330198572e-30,9.746406051755746e-31,1.0253432390243545e-30,1.3549999999999989e-05,3.741158421527453e-27,1.7024541424117807e-27,4.764999999999999e-07,6.095054477873143e-29,2.590138666092442e-28,1.5299999999999972e-06,5.320148135614512e-22,1.8599999999999953e-06,1.580877870355896e-22
0.11032820539368972,3.498484442975955e-09,100000000165492.31,870533291.5320561,1999.9999976831077,1.0,1.0,46.55258251191026,4.19083788423374e-19,7.025935700679508e-25,1.0007612509355951e-30,9.48544887278709e-31,9.946428317893281e-31,9.98654570839031e-31,1.0053588610722915e-30,1.0527988358445237e-30,1.0000000000000015e-30,9.999999999999943e-31,9.99999999999995e-31,9.99999999999997e-31,9.999984324084817e-31,1.000000106008833e-30,1.0000004089078655e-30,9.999999949901967e-31,9.999999999999997e-31,9.999999999999997e-31,1.0000000002900412e-30,9.999999999999954e-31,9.999999999999997e-31,9.99997005939502e-31,1.915241027844207e-23,2.0366616305466892e-28,9.037135995558629e-26,4.305908131722364e-30,9.999999999999982e-31,9.999999999999978e-31,1.0003791303192358e-30,1.1342470822401737e-30,9.999999999999997e-31,9.999999999999968e-31,9.999999999999962e-31,1.0000000456191919e-30,1.0000000300138652e-30,9.99999991550988e-31,1.0000858040309142e-30,9.981370980469396e-31,1.0018018768243785e-30,1.0831652055693062e-23,2.2710765344367158e-29,3.737655217228206e-22,2.119119415386296e-28,0.00014999999999999955,6.256186065939325e-22,1.4999999999999997e-07,2.7849999999999922e-08,7.964365121115953e-25,7.521542656229764e-19,3.783017772919993e-19,1.5776747952989365e-20,0.4999999999999997,6.296304734860569e-19,1.0173972145312363e-26,8.106650120227283e-29,1.0000011217909397e-30,1.0001280631363331e-30,1.0000072685575551e-30,1.966870887557013e-30,9.999999999999997e-31,1.0000014905281471e-30,9.999999999999997e-31,0.00010749999999999981,3.496662015981877e-21,8.749999999999945e-06,7.814596588344537e-21,9.999999999999978e-31,1.0000000000000216e-30,1.0000000033863834e-30,3.198249321346223e-20,8.666584946638984e-23,2.6452557876489965e-23,1.0000029991150275e-30,4.999999999999992e-09,3.2233817895098e-25,1.2949999999999956e-07,4.906643524692243e-27,5.104075337597775e-28,1.0104922672253356e-30,2.1521442258683987e-23,1.1148349953359606e-26,9.999999999999996e-31,4.402581518928512e-26,8.687980962092437e-27,0.08500000000000003,6.095532371029898e-20,3.3165601032424595e-22,1.000008889701223e-30,9.999999999999906e-31,9.999999978347937e-31,1.0003165216691257e-30,9.999999999999997e-31,1.1533843286779226e-23,3.678336060328188e-26,2.150022001062267e-20,9.693722481777857e-26,9.999999999999978e-31,1.0054895326339776e-30,1.1636776938348077e-27,5.000000000000001e-09,7.949322820743647e-25,2.2547173581570847e-21,5.538216454648625e-26,2.0000000000000005e-05,3.6297935568219604e-26,1.2681389607288664e-24,1.0174453424940257e-30,1.1969304551818344e-22,9.034090694820796e-28,3.7259944875098076e-22,6.358528474113533e-28,9.999999999999957e-31,3.124999999999996e-07,9.938014814271704e-23,6.54444324753152e-27,6.088758789601672e-30,1.0387571847411702e-30,9.999999995661663e-31,1.3229156976883178e-30,1.0000000000004497e-30,4.558881722432981e-19,1.438311657271164e-26,2.0832611577551606e-27,5.829983922933952e-30,1.0000051785819913e-30,9.697168460736038e-31,3.580101811401597e-30,3.643773707704688e-29,9.999995175908096e-31,9.999864610400417e-31,1.554314058608928e-19,3.4186406777385477e-26,3.408042462849833e-20,1.2231643891689344e-25,1.3560014145326114e-30,2.11532616205308e-28,1.7773944994078838e-20,1.5265027227529796e-26,1.000000000000001e-30,1.0095479738329893e-30,9.999999999999997e-31,9.999999999999997e-31,9.999999999999978e-31,9.999999999999997e-31,9.999999966136178e-31,9.999967892025373e-31,9.999999999999997e-31,1.0000007331567723e-30,1.000021874505765e-30,1.0000000001975003e-30,1.0000081864910582e-30,9.530912857216017e-31,1.0468786533001702e-30,1.3549999999999982e-05,1.3054773477325908e-26,1.0936053606692185e-26,4.7649999999999964e-07,2.107397260663336e-28,1.659026555330758e-27,1.5299999999999942e-06,9.950968579231988e-22,1.8599999999999924e-06,2.9567620034543937e-22
0.20636047910040736,6.543647865943917e-09,100000000309540.72,870533289.0240772,1999.9999956664299,1.0,1.0,46.552582444851986,7.838327468169154e-19,2.4576406051204325e-24,1.0026631323359805e-30,9.05916876619204e-31,9.900032365158107e-31,9.954326843332814e-31,1.0100000006837009e-30,1.0986471772303738e-30,1.0000000000000025e-30,9.999999999999904e-31,9.999999999999901e-31,9.999999999999948e-31,9.999977491689093e-31,1.0000006931719182e-30,1.0000012189819546e-30,9.99999990629546e-31,9.999999999999999e-31,9.999999999999999e-31,1.000000000542844e-30,9.999999999999919e-31,9.999999999999999e-31,9.999943998459012e-31,6.67291286457736e-23,1.0294972178238271e-27,5.896333048851347e-25,2.930569013412925e-29,9.999999999999971e-31,9.99999999999996e-31,1.0025902636370599e-30,1.7670368234896546e-30,9.999999999999999e-31,9.999999999999941e-31,9.99999999999993e-31,1.0000000852166714e-30,1.0000000561386412e-30,9.999999841441176e-31,1.000160582919809e-30,9.965184094684213e-31,1.0033674515524022e-30,2.0246609994993435e-23,7.598590763331248e-29,6.981784088638021e-22,7.2879543375937685e-28,0.00014999999999999923,1.1390630295534786e-21,1.4999999999999986e-07,2.7849999999999866e-08,1.4758649402230465e-24,1.4068470891691864e-18,7.575336856504202e-19,2.9508899829545835e-20,0.5,1.1282471028144547e-18,3.498538224925134e-26,2.8110391321091927e-28,1.0000020982247116e-30,1.0011507635638955e-30,1.0000458165631381e-30,7.311727368200919e-30,1.0000000000000003e-30,1.0000068082557697e-30,9.999999999999999e-31,0.00010749999999999971,6.4182366951952484e-21,8.749999999999906e-06,1.4574178178765734e-20,9.99999999999996e-31,1.000000000000237e-30,1.000000006333972e-30,1.087267887578209e-19,2.999165847025435e-22,9.240273488392916e-23,1.0000056096080152e-30,4.999999999999983e-09,5.871231025977227e-25,1.294999999999993e-07,1.6550933523782528e-26,3.222437805987637e-27,1.0679658196831645e-30,7.406170664516604e-23,3.8828927374265444e-26,9.999999999999994e-31,1.5401700948598096e-25,3.035337293107527e-26,0.08500000000000006,1.1401063207080413e-19,1.1034242703903255e-21,1.0000949557747737e-30,9.999999999999831e-31,9.999999959515637e-31,1.0034241545840854e-30,9.999999999999999e-31,4.007802692425088e-23,1.3149818123138508e-25,4.021678499935512e-20,3.301727113168214e-25,9.99999999999996e-31,1.035426839536987e-30,7.479880787673616e-27,5.0000000000000026e-09,1.4869012532110034e-24,4.217358210020403e-21,1.9119415697764547e-25,2.0000000000000005e-05,1.2354167891143784e-25,4.426534156610221e-24,1.0609785969014807e-30,2.238835023933624e-22,5.6213129923333254e-27,6.968914134674835e-22,2.3054249180483293e-27,9.99999999999992e-31,3.1249999999999907e-07,1.8590659472098266e-22,2.450652779391622e-26,1.880335529003741e-29,1.251634809753596e-30,9.999999991885476e-31,2.1297301202113704e-30,1.0000000000029376e-30,8.525109401050317e-19,4.9386921121549535e-26,7.285640089303887e-27,1.7897653639879564e-29,1.000033895439224e-30,9.44105136201297e-31,1.0025083432865184e-29,1.253196115211895e-28,9.99999097690701e-31,9.99974676421828e-31,2.908221981702274e-19,1.17596559749897e-25,6.374251694811478e-20,4.199231185064018e-25,2.2454351141023684e-30,7.375719765038663e-28,3.324482763929939e-20,5.340177833139097e-26,1.000000000000003e-30,1.0624729472400219e-30,9.999999999999999e-31,9.999999999999999e-31,9.99999999999996e-31,9.999999999999999e-31,9.999999936660317e-31,9.999939949193375e-31,9.999999999999999e-31,1.0000047968370032e-30,1.0000400777176099e-30,1.0000000003694092e-30,1.0000156107479292e-30,9.140554660131535e-31,1.0858888455560882e-30,1.3549999999999969e-05,4.5466240897065307e-26,7.034860467159038e-26,4.7649999999999954e-07,7.347952330627576e-28,1.0666184531491808e-26,1.5299999999999896e-06,1.8612659248394293e-21,1.8599999999999854e-06,5.529875276315783e-22
0.38598151019127935,1.2239393397744779e-08,100000000578972.27,870533284.3330947,1999.9999918943884,1.0,1.0,46.55258231942465,1.4659892093271965e-18,8.595597494124083e-24,1.0093164213855804e-30,8.312607191174342e-31,9.81383352972026e-31,9.84893691581994e-31,1.0186229488777811e-30,1.1838392415733383e-30,1.0000000000000043e-30,9.99999999999982e-31,9.999999999999812e-31,9.999999999999901e-31,1.000003274932621e-30,1.0000044503397463e-30,1.0000072699748543e-30,9.999999824732814e-31,9.999999999999999e-31,9.999999999999999e-31,1.0000000010175978e-30,9.999999999999847e-31,9.999999999999999e-31,9.999895253652059e-31,2.316690438294621e-22,5.5988766617819575e-27,3.832780728828997e-24,2.875685660197794e-28,9.999999999999948e-31,9.999999999999924e-31,1.0170563386243491e-30,1.75407833272003e-29,9.999999999999999e-31,9.999999999999887e-31,9.999999999999868e-31,1.00000058155991e-30,1.0000001050030413e-30,1.0000001714216883e-30,1.0003012220604612e-30,9.934978196546367e-31,1.0062887079579786e-30,3.7823731139299094e-23,2.5687808829083298e-28,1.3026738444628704e-21,2.4832670724676902e-27,0.00014999999999999855,2.0267149748217967e-21,1.4999999999999962e-07,2.7849999999999737e-08,2.713040907650911e-24,2.6313999969999887e-18,1.5781163305765492e-18,5.519308657618301e-20,0.4999999999999998,1.950895110680096e-18,1.1861063768007225e-25,9.808901374180935e-28,1.0000039252962408e-30,1.0121672892800034e-30,1.0010291000009521e-30,4.20393644513009e-29,1.0000000000000099e-30,1.000134597293293e-30,9.999999999999999e-31,0.00010749999999999946,1.1592000330829244e-20,8.749999999999821e-06,2.711216889417182e-20,9.999999999999924e-31,1.0000000000032134e-30,1.0000000118472103e-30,3.611747839330701e-19,1.0283450576746897e-21,3.2233334787893296e-22,1.0000104923169427e-30,4.999999999999963e-09,1.0456919466629724e-24,1.2949999999999866e-07,5.421206510109543e-26,1.9984509121899102e-26,1.43414019684352e-30,2.5149760171630595e-22,1.348056358468234e-25,9.999999999999987e-31,5.387966450625796e-25,1.0588424971407502e-25,0.08500000000000006,2.132424257417397e-19,3.523097727303562e-21,1.0012109515971584e-30,9.999999999999689e-31,9.999999924369745e-31,1.0433160633594936e-30,9.999999999999999e-31,1.3841825459758427e-22,4.771227805047778e-25,7.523036392396512e-20,1.100741645906144e-24,9.999999999999924e-31,1.2239319370090037e-30,4.687677533518962e-26,5.000000000000001e-09,2.7813445684138943e-24,7.88853202851139e-21,6.527327062015976e-25,1.9999999999999995e-05,4.112346776628154e-25,1.5425716194805612e-23,1.2129823708277337e-30,4.187807977738468e-22,3.456586562467075e-26,1.3033863628021268e-21,9.215710142842105e-27,9.999999999999852e-31,3.12499999999998e-07,3.4779785141073175e-22,9.55288991212805e-26,6.328749292697901e-29,2.6135081345926956e-30,9.9999999848224e-31,4.952438639909131e-30,1.0000000000191352e-30,1.5938814718069785e-18,1.6698445150395693e-25,2.548566059049815e-26,6.011631043694465e-29,1.0002218124864533e-30,8.980024420278413e-31,3.256520113407869e-29,4.381406544473646e-28,9.99998312300353e-31,9.999531611908292e-31,5.443087359889471e-19,3.9885481104126334e-25,1.1921741461197638e-19,1.420566524335556e-24,5.356937861962355e-30,2.5780543564816016e-27,6.218198526573964e-20,1.8682157977155395e-25,1.0000000000000052e-30,1.4087050025145298e-30,9.999999999999999e-31,9.999999999999999e-31,9.999999999999924e-31,9.999999999999999e-31,9.999999881527963e-31,9.99988774067487e-31,9.999999999999999e-31,1.000031387383879e-30,1.0000721476053705e-30,1.0000000006909495e-30,1.0000302027989414e-30,8.452832972863078e-31,1.1546143523744336e-30,1.354999999999994e-05,1.5774646603711981e-25,4.410550875339593e-25,4.7649999999999885e-07,2.568328600249802e-27,6.68475886001668e-26,1.52999999999998e-06,3.481402153718265e-21,1.859999999999973e-06,1.034138286167896e-21
0.7219489257778443,2.289285025931774e-08,100000001082923.39,870533275.5589702,1999.9999848390726,1.0,1.0,46.55258208482238,2.7416358310594065e-18,3.005575148425438e-23,1.0325902296423957e-30,7.077418908488701e-31,9.65461856740948e-31,9.524005422586482e-31,1.0345507848354964e-30,1.3398448405066461e-30,1.0000000000000074e-30,9.99999999999967e-31,9.999999999999649e-31,9.999999999999815e-31,1.0000847806311988e-30,1.0000281235860165e-30,1.0000660348281248e-30,9.999999672176127e-31,9.999999999999999e-31,9.999999999999999e-31,1.0000000019180603e-30,9.999999999999712e-31,9.999999999999999e-31,9.999804080854255e-31,7.990143773771393e-22,3.185933625810151e-26,2.4807804929412402e-23,2.872696535719327e-27,9.999999999999906e-31,9.99999999999986e-31,1.110809276856711e-30,3.0999712785737087e-28,1.0000000000000003e-30,9.999999999999789e-31,9.999999999999757e-31,1.000015822470851e-30,1.0000001964003822e-30,1.0000073387716306e-30,1.0005725283120888e-30,9.878725940352917e-31,1.0117282514706711e-30,7.058583183587629e-23,8.55466540975945e-28,2.4253553968029864e-21,8.287888241418937e-27,0.00014999999999999728,3.458536701476132e-21,1.4999999999999925e-07,2.7849999999999508e-08,4.913977702146862e-24,4.9218326551044374e-18,3.437440346684519e-18,1.0323075714970983e-19,0.5,3.169496550157459e-18,3.918098179704463e-25,3.428809499388946e-27,1.0000073666393912e-30,1.1280340233329261e-30,1.0192901327092469e-30,2.666679908812893e-28,1.000000000000219e-30,1.0025628587205577e-30,9.999999999999999e-31,0.00010749999999999897,2.032566576932122e-20,8.74999999999967e-06,5.019917777516689e-20,9.99999999999986e-31,1.0000000000393818e-30,1.0000000221593011e-30,1.150766410684187e-18,3.4661701381220955e-21,1.1214480540621888e-21,1.000019624985325e-30,4.99999999999993e-09,1.7889344051920178e-24,1.2949999999999758e-07,1.6824683901070456e-25,1.2087788741540238e-25,3.731068400985563e-30,8.340232035701427e-22,4.655655849740117e-25,9.999999999999978e-31,1.8847927308629784e-24,3.6802913811632703e-25,0.08500000000000006,3.9883354643795056e-19,1.0413871669537522e-20,1.0139317968747735e-30,9.999999999999423e-31,9.9999998591453e-31,1.4951681274424671e-30,1.0000000000000003e-30,4.725347964726106e-22,1.7694767956102194e-24,1.4074049686823161e-19,3.5318218179874304e-24,9.999999999999859e-31,2.384797193715323e-30,2.856646409801588e-25,4.999999999999998e-09,5.203392849321738e-24,1.475589646401032e-20,2.183101449156386e-24,1.9999999999999988e-05,1.3149616317434862e-24,5.361528801972339e-23,1.7428311199845308e-30,7.833807986257617e-22,2.077507457734257e-25,2.43754971857248e-21,4.493152105578163e-26,9.99999999999972e-31,3.1249999999999637e-07,6.507361875172766e-22,3.9175169374134637e-25,2.1892944745634195e-28,1.1204895076608224e-29,9.99999997161145e-31,1.4828169466337723e-29,1.0000000001242758e-30,2.978873583707002e-18,5.488812468646926e-25,8.915559555300765e-26,2.0781780803317244e-28,1.001451454613207e-30,8.177286107601715e-31,1.1137207696652496e-28,1.5445822375063157e-27,9.999968432910255e-31,9.999307688757285e-31,1.0193021256979654e-18,1.3181624450356269e-24,2.2295875497807155e-19,4.684965862943784e-24,1.6241388430900794e-29,9.017826677552134e-27,1.1630691536458377e-19,6.535818454724955e-25,1.0000000000000113e-30,3.673359073573282e-30,1.0000000000000003e-30,9.999999999999999e-31,9.99999999999986e-31,9.999999999999999e-31,9.999999778407113e-31,9.999790706835718e-31,1e-30,1.0002053837328038e-30,1.0001257963312132e-30,1.0000000012923618e-30,1.0000597561022148e-30,7.3023645797560115e-31,1.2695779897126471e-30,1.354999999999989e-05,5.4341952704642e-25,2.6891995678429853e-24,4.7649999999999774e-07,8.983788371066752e-27,4.073663094513718e-25,1.529999999999962e-06,6.5118591583472084e-21,1.8599999999999504e-06,1.9336379491675406e-21
1.350350308680556,4.281932739347273e-08,100000002025525.47,870533259.1476412,1999.999971642644,1.0,1.0,46.5525816460168,5.126673864815314e-18,1.0504622987111973e-22,1.1139963052090294e-30,5.2383979667829785e-31,9.363733046528255e-31,8.625672671205718e-31,1.0636532306495777e-30,1.6135662477876643e-30,1.000000000000014e-30,9.999999999999377e-31,9.999999999999339e-31,9.999999999999696e-31,1.001003295863409e-30,1.0001726766822386e-30,1.000686663227353e-30,9.999999386830491e-31,9.999999999999999e-31,9.999999999999997e-31,1.0000000036839004e-30,9.99999999999946e-31,9.999999999999999e-31,9.999633551338798e-31,2.7224846375180385e-21,1.8264896845211104e-25,1.5913886827826848e-22,2.830430070901933e-26,9.999999999999831e-31,9.999999999999738e-31,1.7115823879846407e-30,5.717184238711776e-27,1.0000000000000006e-30,9.999999999999608e-31,9.999999999999549e-31,1.0005302293350731e-30,1.0000003673650119e-30,1.0002521788469221e-30,1.0011759065018877e-30,9.774363994797732e-31,1.021819968267106e-30,1.314661417399112e-22,2.748174890761812e-27,4.497615064214482e-21,2.663960247210478e-26,0.0001499999999999949,5.484559333426286e-21,1.4999999999999848e-07,2.784999999999907e-08,8.663249288792867e-24,9.205911952751452e-18,7.728815222592506e-18,1.9307231989486375e-19,0.4999999999999999,4.649926297101687e-18,1.2372821804373583e-24,1.1991038756545858e-26,1.000014603131317e-30,2.370727759800076e-30,1.3569722336251389e-30,1.705360566269533e-27,1.0000000000043558e-30,1.0497290563605e-30,9.999999999999997e-31,0.00010749999999999807,3.3800191938043006e-20,8.749999999999381e-06,9.213363918226565e-20,9.999999999999738e-31,1.000000000477265e-30,1.000000041447279e-30,3.421831468479064e-18,1.1330597218767601e-20,3.881633052880008e-21,1.0000367067143102e-30,4.999999999999868e-09,2.855059269058298e-24,1.294999999999955e-07,4.766169186362395e-25,6.935719722860928e-25,1.769212215793285e-29,2.660648645455953e-21,1.5966555996169704e-24,9.999999999999955e-31,6.592761144459082e-24,1.2678215672946581e-24,0.08500000000000008,7.459172978941367e-19,2.6888622130809336e-20,1.1529462945296225e-30,9.999999999998929e-31,9.999999740501785e-31,6.391769710525435e-30,1.0000000000000118e-30,1.5785145287352264e-21,6.726880811611642e-24,2.6334212562420383e-19,1.0648873710822099e-23,9.999999999999742e-31,9.22899298483628e-30,1.6512083140768974e-24,4.999999999999996e-09,9.73826830218178e-24,2.7603280386343e-20,7.040398135630227e-24,1.9999999999999988e-05,3.932396555042924e-24,1.8572660640651847e-22,3.5839327828151585e-30,1.4655454426050977e-21,1.1792069642938246e-24,4.558080008881919e-21,2.9197292790522844e-25,9.999999999999484e-31,3.124999999999929e-07,1.217616061310373e-21,1.678853334059342e-24,7.63533803964086e-28,6.380636920992396e-29,9.999999946901397e-31,4.9381725042079546e-29,1.0000000008020392e-30,5.563511825390036e-18,1.7180447873762344e-24,3.1188753554517466e-25,7.245449162277142e-28,1.0094974170040324e-30,6.863437762993682e-31,3.8675400993344045e-28,5.491866430923837e-27,9.999940956381009e-31,1.0004948428865745e-30,1.9107527117605857e-18,4.162183437635483e-24,4.1692829685935996e-19,1.486622691833533e-23,5.431331792428689e-29,3.1552399847241387e-26,2.1754411805482495e-19,2.2864893894978288e-24,1.0000000000000265e-30,1.8480659181055752e-29,1.0000000000000006e-30,9.999999999999997e-31,9.999999999999738e-31,9.999999999999997e-31,9.999999585527451e-31,9.99961571933372e-31,1.0000000000000008e-30,1.0013439309181049e-30,1.000207320048317e-30,1.0000000024172394e-30,1.000121746956381e-30,5.554131825636188e-31,1.4442577506592703e-30,1.3549999999999789e-05,1.847630984896499e-24,1.555913549544226e-23,4.7649999999999594e-07,3.1433871030780286e-26,2.3546566588683664e-24,1.5299999999999288e-06,1.2180502834011482e-20,1.859999999999907e-06,3.614489119772026e-21
2.5257270854569804,8.009028048760085e-08,100000003788590.62,870533228.4515054,1999.9999469597328,1.0,1.0,46.55258082526448,9.584343458342672e-18,3.6682768276624104e-22,1.3986834302230596e-30,2.9838808371108255e-31,8.843014773303082e-31,6.592825072662578e-31,1.1157573454812135e-30,2.0422703264556756e-30,1.0000000000000258e-30,9.999999999998833e-31,9.999999999998759e-31,9.999999999999822e-31,1.0107566159062336e-30,1.0010091708521517e-30,1.007204437752573e-30,9.999998853113309e-31,9.999999999999999e-31,9.999999999999987e-31,1.0000000075205263e-30,9.999999999998992e-31,9.999999999999999e-31,9.999314596735356e-31,9.074060218856166e-21,1.0136112738759037e-24,1.0039480428927212e-21,2.578936120450147e-25,9.999999999999686e-31,9.999999999999505e-31,5.490540602211294e-30,1.0082204791393013e-25,1.0000000000000011e-30,9.999999999999269e-31,9.999999999999164e-31,1.0180226177598426e-30,1.0000006879979356e-30,1.0085834804225862e-30,1.0034315339867017e-30,9.582113522331742e-31,1.0404932656033967e-30,2.4395680168206414e-22,8.289234502474049e-27,8.278827267603663e-21,8.036045215303142e-26,0.0001499999999999904,7.723309910917321e-21,1.4999999999999716e-07,2.784999999999825e-08,1.4556034018381873e-23,1.7218954974813896e-17,1.731896706481655e-17,3.610818123290548e-19,0.4999999999999998,5.904171799598606e-18,3.633367995703998e-24,4.19342311884559e-26,1.000055079264113e-30,1.5466554565403884e-29,7.29642137953267e-30,1.0753632133349436e-26,1.0000000000796753e-30,1.9617356316062936e-30,9.999999999999978e-31,0.00010749999999999639,5.136881494783748e-20,8.749999999998837e-06,1.6637778669922722e-19,9.999999999999505e-31,1.0000000057505149e-30,1.0000000775239637e-30,9.18295004584316e-18,3.5156732381935945e-20,1.330073866565626e-20,1.0000686559811775e-30,4.999999999999752e-09,4.080437089748314e-24,1.2949999999999173e-07,1.1740608823954315e-24,3.6557432329306676e-24,9.857721328328183e-29,8.026996815740244e-21,5.439734326047027e-24,9.999999999999919e-31,2.3057118642495214e-23,4.277712701298432e-24,0.08500000000000009,1.3949351394131139e-18,5.561559447121053e-20,2.5656338742264426e-30,9.999999999998007e-31,9.999999540476359e-31,5.500679692492079e-29,1.000000000000324e-30,5.0820637635948124e-21,2.6002973461210883e-23,4.929047897856405e-19,2.939033877619289e-23,9.99999999999952e-31,4.715268123131563e-29,8.786555350728986e-24,4.999999999999985e-09,1.8242556772106477e-23,5.164213051707153e-20,2.1350987029573927e-23,1.9999999999999968e-05,1.0635473593553193e-23,6.4151700829838535e-22,9.94386818879845e-30,2.742210987467971e-21,6.017972992009933e-24,8.521450970511267e-21,2.3000012114651995e-24,9.999999999999036e-31,3.124999999999864e-07,2.2780136422122477e-21,7.297292547803651e-24,2.6693931755831758e-27,3.6961173211553684e-28,9.99999990068312e-31,1.7028953911867577e-28,1.0000000051148761e-30,1.0377365691928426e-17,4.968814954874936e-24,1.0910055023313308e-24,2.532225912711169e-27,1.0621424532743424e-30,4.946108959563222e-31,1.348066712887314e-27,1.977362247330954e-26,9.999889564574611e-31,1.0221638198781145e-30,3.588558534703773e-18,1.218801140806426e-23,7.794862651086791e-19,4.498722248153285e-23,1.8746060009894357e-28,1.1041784968337505e-25,4.069028659059456e-19,7.99887542590516e-24,1.0000000000000885e-30,1.1522949195825095e-28,1.0000000000000011e-30,9.999999999999978e-31,9.999999999999505e-31,9.999999999999978e-31,9.999999224760818e-31,9.999350479609299e-31,1.0000000000000017e-30,1.0087939027206906e-30,1.0003110790560466e-30,1.0000000045211845e-30,1.0002550728774533e-30,3.3290750935614906e-31,1.666526339136034e-30,1.3549999999999601e-05,6.134626616375295e-24,8.294033483717725e-23,4.7649999999999223e-07,1.1001230861028825e-25,1.2529623778577085e-23,1.5299999999998663e-06,2.278468426623944e-20,1.8599999999998268e-06,6.752824127541815e-21
4.724179547486703,1.4980275074475848e-07,100000007086269.33,870533171.0367327,1999.9999007922354,1.0,1.0,46.552579290110046,1.791032566341879e-17,1.2789409116245597e-21,2.3939332732550603e-30,1.0411387039387736e-31,7.94563805833534e-31,3.3975371162668296e-31,1.2055715110582918e-30,2.5559967218052925e-30,1.000000000000048e-30,9.999999999997829e-31,9.999999999997676e-31,1.0000000000004319e-30,1.1075479839849477e-30,1.0054596469780046e-30,1.0717623513348894e-30,9.9999978548362e-31,9.999999999999999e-31,9.999999999999962e-31,1.000000018187296e-30,9.999999999998121e-31,9.999999999999999e-31,9.998718043898544e-31,2.908712217368048e-20,5.228609034052883e-24,6.149013729720205e-21,2.0133108582905108e-24,9.999999999999426e-31,9.999999999999081e-31,2.851573845657527e-29,1.5628623462943016e-24,1.0000000000000041e-30,9.99999999999864e-31,9.999999999998496e-31,1.544529363031715e-30,1.0000013372417681e-30,1.2593579683648774e-30,1.0206010638198696e-30,9.232616596335447e-31,1.0771651417555287e-30,4.496162556965522e-22,2.269199315556764e-26,1.5031570254713766e-20,2.1998224374149105e-25,0.00014999999999998204,9.286699588397595e-21,1.499999999999946e-07,2.7849999999996722e-08,2.2541170283914075e-23,3.220673975010748e-17,3.719748006470586e-17,6.752178044400088e-19,0.49999999999999994,6.466374801179083e-18,9.633797046576349e-24,1.466139571654793e-25,1.0009313981730689e-30,1.453881049844388e-28,9.860310050216642e-29,6.586055840879231e-26,1.0000000012921174e-30,1.849606311115203e-29,9.999999999999924e-31,0.00010749999999999334,6.819061400262713e-20,8.749999999997826e-06,2.9169693194723337e-19,9.999999999999078e-31,1.0000000681430192e-30,1.0000001450026356e-30,2.175540723666452e-17,1.0076087507061699e-19,4.4708001323667304e-20,1.0001284118419667e-30,4.999999999999541e-09,5.041656278576215e-24,1.29499999999985e-07,2.4316210347187045e-24,1.7224074963394403e-23,5.404383923778327e-28,2.2763841009067002e-20,1.8498021175495502e-23,9.999999999999843e-31,8.061559104506529e-23,1.3835492894692496e-23,0.0850000000000001,2.608258645560757e-18,8.432477300687541e-20,1.5500667116345666e-29,9.999999999996277e-31,9.999999308867671e-31,4.705368781616427e-28,1.0000000000090227e-30,1.55798506341467e-20,1.0009231688203946e-22,9.231458004252218e-19,7.365322202424818e-23,9.999999999999115e-31,2.4382885810706915e-28,4.1938753402695116e-23,4.999999999999971e-09,3.424305268080915e-23,9.663605834598618e-20,5.889286398125954e-23,1.9999999999999954e-05,2.540087580225277e-23,2.21504808112436e-21,3.1676177021152963e-29,5.132668535724195e-21,2.579134570813291e-23,1.5924441997251884e-20,1.7950866921314566e-23,9.9999999999982e-31,3.124999999999748e-07,4.2599435707417866e-21,3.08286618716263e-23,9.340383555313698e-27,2.008013963566902e-27,9.99999981423539e-31,5.93433407471028e-28,1.0000000319236311e-30,1.930999437455408e-17,1.2845354394906864e-23,3.816043165784624e-24,8.855424636099445e-27,1.4065728205002235e-30,2.6799759530021175e-31,4.697478215759448e-27,7.252270684988009e-26,9.999793445907684e-31,1.678441129218641e-30,6.762423326059466e-18,3.1956807472368224e-23,1.4567591530614084e-18,1.3133430676568852e-22,6.529685121068932e-28,3.864822165704576e-25,7.610919611434944e-19,2.79813431945607e-23,1.000000000000419e-30,7.4655486860364955e-28,1.0000000000000041e-30,9.999999999999924e-31,9.999999999999078e-31,9.999999999999924e-31,9.999998549974544e-31,9.999374755861595e-31,1.0000000000000052e-30,1.0575402982143121e-30,1.0004067336746429e-30,1.0000000084563692e-30,1.0005395314339984e-30,1.2778126814096443e-31,1.8712724675466014e-30,1.3549999999999255e-05,1.9535855895077463e-23,3.9709825557231584e-22,4.764999999999855e-07,3.8515974527228963e-25,5.980290672524646e-23,1.5299999999997488e-06,4.262394412601815e-20,1.8599999999996766e-06,1.2603414736730544e-20
8.836216915674266,2.8019460031945284e-07,100000013254325.38,870533063.6468027,1999.9998144394658,1.0,1.0,46.55257641872125,3.3442424018448986e-17,4.445762093075665e-21,5.8710722314245855e-30,1.4526636219580523e-32,6.504641581149048e-31,7.603672298885231e-32,1.3498419179436732e-30,2.909130283237416e-30,1.0000000000000887e-30,9.999999999995939e-31,9.999999999995648e-31,1.0000000000064242e-30,1.97919954902075e-30,1.0265768498178906e-30,1.6529414760210757e-30,9.999995987635443e-31,9.999999999999996e-31,9.99999999999987e-31,1.00000006095505e-30,9.999999999996475e-31,9.999999999999996e-31,9.99760233317859e-31,8.732596885070486e-20,2.4264269134595283e-23,3.5805860021536266e-20,1.2597752891034819e-23,9.999999999998929e-31,9.999999999998323e-31,1.6155516996212404e-28,1.9945161016583654e-23,1.0000000000000136e-30,9.99999999999745e-31,9.999999999998596e-31,1.4849306258042485e-29,1.0000050069458e-30,7.596418840731315e-30,1.1952535908330978e-30,8.61276688562191e-31,1.2110437697026897e-30,8.182343726686198e-22,5.491757979087665e-26,2.6617177564279334e-20,5.3235214744880725e-25,0.00014999999999996627,9.766786485440166e-21,1.4999999999998967e-07,2.784999999999382e-08,3.081040017085578e-23,6.024024610369035e-17,7.58548435057957e-17,1.2623902805916666e-18,0.4999999999999997,6.550717072858035e-18,2.290705749102124e-23,5.123373060885643e-25,1.022491224335026e-30,1.3165469154030838e-27,1.2466008798025246e-27,3.8350747060474977e-25,1.0000000187033115e-30,2.9162740467844754e-28,9.999999999999731e-31,0.00010749999999998762,7.761499087202803e-20,8.749999999995925e-06,4.852849263463862e-19,9.999999999998268e-31,1.0000007847835205e-30,1.000000271216292e-30,4.623951166900156e-17,2.627394462732271e-19,1.4512805033903413e-19,1.000240170837561e-30,4.99999999999916e-09,5.4918714662783674e-24,1.294999999999733e-07,4.40394739252334e-24,7.238771888117088e-23,2.8415516694953325e-27,6.231933274043897e-20,6.320028871162249e-23,9.999999999999703e-31,2.817097066721049e-22,4.176267220735018e-23,0.08500000000000012,4.8755383739354356e-18,9.556854244794627e-20,1.2101305365574946e-28,9.999999999993045e-31,9.999999799717633e-31,3.3193356387378156e-27,1.0000000002199595e-30,4.613978702402573e-20,3.7594226452582473e-22,1.7308895791957255e-18,1.7392803194217187e-22,9.9999999999984e-31,1.2277479750838167e-27,1.789450515532087e-22,4.999999999999938e-09,6.452278325992663e-23,1.8090406494215647e-19,1.4374233744611892e-22,1.99999999999999e-05,5.42994143379724e-23,7.667314707630452e-21,1.0447129781196548e-28,9.612790403108872e-21,8.643508528985169e-23,2.97356166755222e-20,1.1762406059960615e-22,9.999999999996632e-31,3.124999999999526e-07,7.964804991144208e-21,1.2311537378665869e-22,3.2698447680384475e-26,9.849429727266812e-27,9.999999652541573e-31,2.0747865833580203e-27,1.0000001917120516e-30,3.577122413189516e-17,2.9316023466738304e-23,1.3345003206186454e-23,3.0968395169831425e-26,3.659666355267997e-30,8.517915869540531e-32,1.6326248011613648e-26,2.7217946339729034e-25,9.999613701395652e-31,1.8267353341593953e-29,1.2818635739566259e-17,7.376427114642448e-23,2.7205290159623535e-18,3.845915943833878e-22,2.279542790260159e-27,1.3531573566727447e-24,1.4236036524789834e-18,9.787351143640564e-23,1.0000000000024259e-30,4.8562366565508074e-27,1.0000000000000136e-30,9.999999999999728e-31,9.999999999998268e-31,9.999999999999728e-31,9.99999728783889e-31,1.000328887083057e-30,1.000000000000015e-30,1.376471360827664e-30,1.0004563832947857e-30,1.0000000158180297e-30,1.0011175824857234e-30,2.1310299320902957e-32,1.9771157363878306e-30,1.3549999999998596e-05,5.804440140864628e-23,1.7025908257273647e-21,4.764999999999721e-07,1.3493270918517341e-24,2.5515365750997854e-22,1.5299999999995282e-06,7.974905232653201e-20,1.8599999999993937e-06,2.3478908015562865e-20
16.52746865270742,5.240825929955422e-07,100000024791202.98,870532862.7821957,1999.9996529232315,1.0,1.0,46.55257104800881,6.235109480965524e-17,1.53687389216318e-20,1.800494134488495e-29,3.7099832984994525e-34,4.474268675399468e-31,3.2744253860704647e-33,1.5532244793691739e-30,2.9957065474778542e-30,1.0000000000001656e-30,9.999999999992415e-31,9.999999999991854e-31,1.0000000000803491e-30,8.999389892948562e-30,1.115405998225055e-30,6.333546646960084e-30,9.999992495180223e-31,9.999999999999997e-31,9.999999999999535e-31,1.000000289943258e-30,9.999999999993408e-31,9.999999999999997e-31,9.995515816575766e-31,2.372742408235843e-19,1.0072580117249983e-22,1.9257890176542947e-19,6.251260750439095e-23,9.999999999998011e-31,9.99999999999966e-31,8.717047483830084e-28,2.033148922054796e-22,1.0000000000000479e-30,9.999999999995228e-31,1.0000000000092853e-30,2.848626944246575e-28,1.0001102794570729e-30,1.3620367176598915e-28,2.985029598509647e-30,7.5629176535395825e-31,2.8162063939102602e-30,1.4549694383844303e-21,1.1850855972797227e-25,4.5066665156445944e-20,1.1487229223974502e-24,0.00014999999999993689,9.803691570139411e-21,1.4999999999998046e-07,2.784999999998844e-08,3.6185664653029953e-23,1.1267477797472704e-16,1.5001670866917264e-16,2.3592711614434713e-18,0.49999999999999967,6.552738169734481e-18,5.079452671932659e-23,1.7885709523906613e-24,1.458633505220307e-30,1.0757524915296738e-26,1.2698160518711838e-26,2.0626725969459205e-24,1.0000002504613274e-30,4.356173019373567e-27,9.99999999999915e-31,0.00010749999999997738,8.028294707193588e-20,8.749999999992374e-06,7.392480457000342e-19,9.99999999999676e-31,1.0000086009216095e-30,1.0000005072891472e-30,9.206691574237189e-17,6.407076982770999e-19,4.441301966021262e-19,1.0004491734394057e-30,4.9999999999984955e-09,5.760809170637657e-24,1.2949999999995467e-07,7.730843806703006e-24,2.7974709484323267e-22,1.4731197424209115e-26,1.7367007500158698e-19,2.1742588258969103e-22,9.999999999999446e-31,9.83450705257043e-22,1.1617402156255414e-22,0.0850000000000001,9.108803502757042e-18,9.653617480291748e-20,9.035121359406614e-28,9.999999999987009e-31,1.0000006661276524e-30,1.8423835416421051e-26,1.0000000042153546e-30,1.3792038972262831e-19,1.371865826914615e-21,3.2521975787025675e-18,4.1324380792488477e-22,9.999999999997223e-31,6.246858611267034e-27,7.006914356512187e-22,4.999999999999881e-09,1.2239780919969042e-22,3.3891051407814784e-19,3.1220713881652163e-22,1.999999999999981e-05,1.0849300591746035e-22,2.661319481024511e-20,3.397105010601671e-28,1.8024024796844063e-20,2.238660825657802e-22,5.544457658155151e-20,5.900082062299566e-22,9.99999999999371e-31,3.1249999999991156e-07,1.4939932496905542e-20,4.663476576008664e-22,1.1453447611340263e-25,4.308993171474527e-26,9.999999350105867e-31,7.263837565116009e-27,1.0000010781395892e-30,6.571692317939564e-17,6.077021157990401e-23,4.665224127593581e-23,1.0826411404504038e-25,1.83940991410594e-29,9.988598062490994e-33,5.64350540961896e-26,1.0423674420617212e-24,9.999277767649318e-31,3.5487890906930293e-28,2.453369590021766e-17,1.5386337472161118e-22,5.073794932355482e-18,1.17032980336272e-21,7.957049683839807e-27,4.740310540457373e-24,2.662879123230593e-18,3.4227024628967783e-22,1.000000000015221e-30,3.148839764626398e-26,1.0000000000000474e-30,9.999999999999058e-31,9.99999999999676e-31,9.999999999999058e-31,9.999994927112781e-31,1.003737079728765e-30,1.000000000000048e-30,3.462781791470272e-30,1.0004659688854909e-30,1.0000000296112611e-30,1.0022280253401581e-30,7.545100710676768e-34,1.9965514984887993e-30,1.354999999999738e-05,1.5553396231340585e-22,6.7103434639281246e-21,4.7649999999994755e-07,4.732530376046106e-24,9.989911230614085e-22,1.5299999999991176e-06,1.4924911792023012e-19,1.8599999999988664e-06,4.358662409055806e-20
30.913367414247393,9.802564502234714e-07,100000046370051.12,870532487.0804814,1999.99935081954,1.0,1.0,46.55256100250485,1.1592614196434402e-16,5.2587581397775695e-20,6.025425008660691e-29,1.0811909281217965e-36,2.223719293416037e-31,1.170609807595418e-35,1.7789864296286117e-30,2.9986961783729665e-30,1.0000000000003087e-30,9.999999999985814e-31,9.999999999984758e-31,1.0000000009812462e-30,6.028607468891353e-29,1.4571246785163559e-30,4.0530230814021713e-29,9.999985962813523e-31,9.999999999999997e-31,9.999999999998356e-31,1.0000016894616468e-30,9.999999999987655e-31,9.999999999999997e-31,9.991614318598228e-31,5.682177935549554e-19,3.8237746306894193e-22,9.296158783564525e-19,2.6043192799859076e-22,9.999999999996286e-31,1.000000000016826e-30,4.325861711574801e-27,1.709713580430169e-21,1.0000000000001654e-30,9.999999999991057e-31,1.0000000005972296e-30,4.7572034699605305e-27,1.0035080614241228e-30,2.26637573430748e-27,2.0072561963794985e-29,5.930588293250448e-31,2.7870034411471363e-29,2.481794328378041e-21,2.377791569404627e-25,7.066244886744858e-20,2.3047703612478646e-24,0.00014999999999988162,9.805410012959971e-21,1.499999999999629e-07,2.784999999997833e-08,3.805588483766843e-23,2.1074956383480206e-16,2.945207538426673e-16,4.406081444946062e-18,0.4999999999999995,6.5527818203027026e-18,1.1169166186417163e-22,6.232333985585475e-24,8.676293628537872e-30,7.975746918472533e-26,1.0677190325277946e-25,9.956953311171816e-24,1.0000032245308385e-30,5.974702780614537e-26,9.999999999999057e-31,0.0001074999999999597,8.188722968493177e-20,8.74999999998572e-06,9.866492593704587e-19,9.999999999993935e-31,1.0000871557798768e-30,1.0000009488448717e-30,1.772875545744611e-16,1.5601904842043219e-18,1.2417111912842687e-18,1.0008399783547155e-30,4.999999999997406e-09,6.1995627491919224e-24,1.294999999999283e-07,1.3853027270889154e-23,1.0302533293775492e-21,7.820209517361241e-26,5.104138026487214e-19,7.514257632682333e-22,9.999999999998938e-31,3.426867337881023e-21,3.0636569302401063e-22,0.0850000000000001,1.7000603311763326e-17,9.654424121353423e-20,6.3720678949717125e-27,9.999999999976044e-31,1.0000057159272597e-30,8.354748846492941e-26,1.000000061669222e-30,4.287576285425109e-19,4.8941225496442366e-21,6.134073084993979e-18,1.0376629574075557e-21,9.99999999999556e-31,3.332964080011825e-26,2.6022050208258106e-21,4.9999999999997685e-09,2.349514745393819e-22,6.358126607868181e-19,6.285849687623214e-22,1.999999999999959e-05,2.095294450425581e-22,9.246063765633173e-20,1.053913175637518e-27,3.3867901688319535e-20,4.877011908670691e-22,1.0310201419158978e-19,2.250236729975629e-21,9.999999999988242e-31,3.1249999999983443e-07,2.8465989408941434e-20,1.7079103532291577e-21,4.0157694161004095e-25,1.7157031515879365e-25,9.999998784423744e-31,2.54608229513435e-26,1.0000054779294059e-30,1.1889539840337135e-16,1.1947921304686113e-22,1.6298348856024351e-22,3.7822482666471295e-25,1.1470091127969212e-28,1.907536433910679e-34,1.931015383164041e-25,4.017842633478628e-24,9.998651313775954e-31,5.9283293669414135e-27,4.760840327941808e-17,3.03400704937751e-22,9.438839254548568e-18,3.724181543549588e-21,2.77348351545948e-26,1.6623616152023116e-23,4.981190904546e-18,1.1964066837406151e-21,1.0000000000978757e-30,2.0263920737414008e-25,1.0000000000001647e-30,9.999999999996706e-31,9.999999999993933e-31,9.999999999996703e-31,9.999990511570517e-31,1.0280597142205987e-30,1.0000000000001625e-30,1.7105721287386026e-29,1.0004663194946923e-30,1.0000000557416917e-30,1.0043096300037516e-30,2.647199086966714e-36,1.9952214085125637e-30,1.354999999999509e-05,3.6764708529182424e-22,2.5101112441455456e-20,4.764999999998998e-07,1.6632371545803732e-23,3.709258037141315e-21,1.529999999998348e-06,2.794543937983495e-19,1.859999999997877e-06,8.039314865249344e-20
57.82109196326956,1.8334947984294e-06,100000086731637.94,870531784.3597816,1999.998785757964,1.0,1.0,46.55254221316882,2.1442100094458331e-16,1.7659537602626652e-19,2.067607620786742e-28,6.289852365610256e-37,6.097164990148727e-32,6.702025223940901e-36,1.942572079656975e-30,2.99753689985174e-30,1.0000000000005753e-30,9.999999999973483e-31,9.999999999971462e-31,1.0000000118972808e-30,4.086236253924914e-28,2.7082733245559462e-30,2.728261852685928e-28,9.999973744534545e-31,9.999999999999999e-31,9.99999999999424e-31,1.0000106168617872e-30,9.999999999976904e-31,9.999999999999999e-31,9.984320962820189e-31,1.2092575495748132e-18,1.3585759623210745e-21,3.991970847508048e-18,9.699519980215328e-22,9.999999999993066e-31,1.0000000009065696e-30,2.034958420579854e-26,1.2576663495229135e-20,1.0000000000005778e-30,9.999999999983217e-31,1.0000000311708375e-30,6.85500238910569e-26,1.0982906141667209e-30,3.265079106320601e-26,1.7289862287869635e-28,3.763530029585405e-31,3.82684479206115e-28,3.939956583664017e-21,4.595141328242013e-25,9.824801112969116e-20,4.453967824021215e-24,0.00014999999999977726,9.80813203521197e-21,1.499999999999293e-07,2.7849999999959344e-08,3.9115157530918293e-23,3.941909578603182e-16,5.843098603832585e-16,8.217665199279619e-18,0.49999999999999906,6.552856878413512e-18,2.5563482879779903e-22,2.1641847653804882e-23,1.115877800932228e-28,5.483158994710343e-25,7.853810035158202e-25,4.27573863293464e-23,1.0000408608064195e-30,7.67057042610797e-25,1.0000000000037722e-30,0.00010749999999993215,8.473442993065214e-20,8.749999999973226e-06,1.1287796181286013e-18,9.999999999988635e-31,1.0007928479214725e-30,1.0000017747393125e-30,3.349467397605451e-16,4.006067277755422e-18,3.091633182940197e-18,1.0015705371176196e-30,4.999999999995803e-09,7.015503735078099e-24,1.2949999999989797e-07,2.5247842408751324e-23,3.6958126437359544e-21,4.34310848418305e-25,1.5852100693232107e-18,2.5994204987448482e-21,9.999999999997916e-31,1.1899834377130991e-20,8.175249334937928e-22,0.08500000000000009,3.167040265345138e-17,9.654536189723531e-20,4.3360258160794854e-26,9.999999999963783e-31,1.000038382735369e-30,3.3438698941660993e-25,1.0000007064269184e-30,1.3860107674085882e-18,1.7159526750724286e-20,1.1650028180481202e-17,2.8065694558257454e-21,9.999999999994341e-31,1.8840458348187956e-25,9.372038940191292e-21,4.999999999999542e-09,4.604069730552171e-22,1.1958858788788634e-18,1.2167885677941995e-21,1.9999999999999083e-05,3.973426729872233e-22,3.207429439267499e-19,3.0140197332409593e-27,6.389702657051877e-20,9.785449406499923e-22,1.9076495226321366e-19,6.778874337625081e-21,9.999999999978e-31,3.124999999996901e-07,5.669815145214497e-20,6.164443862503688e-21,1.410548088901463e-24,6.430872421714468e-25,9.999997726361263e-31,8.94048243205165e-26,1.0000244674581706e-30,2.091848201046363e-16,2.2861223432128263e-22,5.687073610332126e-22,1.3196469161514531e-24,7.435574069316996e-28,8.421418914664267e-37,6.485353951964938e-25,1.533131013459646e-23,9.997492982965628e-31,8.537234358503915e-26,9.372639362986824e-17,5.813731895547668e-22,1.747697912963707e-17,1.2254054930293122e-20,9.637688956015114e-26,5.841278621201325e-23,9.318604567853341e-18,4.178299979834097e-21,1.0000000006323513e-30,1.2858029153382206e-24,1.0000000000005755e-30,9.999999999988475e-31,9.999999999988633e-31,9.999999999988473e-31,9.999982252870964e-31,1.1921002325317117e-30,1.0000000000005599e-30,1.0625676534232512e-28,1.0004663207252485e-30,1.0000001088511074e-30,1.0081975213408856e-30,8.931295286615886e-39,1.9913361587476472e-30,1.3549999999990768e-05,7.790710330728161e-22,9.103376362956711e-20,4.7649999999980514e-07,5.865530373354568e-23,1.3354017491666513e-20,1.5299999999969072e-06,5.237269931605219e-19,1.8599999999960204e-06,1.4652433145355484e-19
108.1499349787441,3.429411941233641e-06,100000162224902.47,870530469.9766847,1999.9977288544972,1.0,1.0,46.55250706919201,3.928053481021675e-16,5.733393741022554e-19,7.109383840759805e-28,4.0423510887053564e-36,1.2167423413161832e-32,8.161846306544729e-35,2.007736788927179e-30,2.9960949025078124e-30,1.0000000000010712e-30,9.999999999950423e-31,9.999999999946545e-31,1.0000001429903896e-30,2.6357798157264127e-27,7.169984132557202e-30,1.758466824186102e-27,9.999950891225716e-31,9.999999999999996e-31,9.999999999979838e-31,1.000068053821023e-30,9.999999999956799e-31,9.999999999999996e-31,9.970693623320422e-31,2.376634691819138e-18,4.546153978882017e-21,1.556919921736419e-17,3.32531273129428e-21,9.999999999987072e-31,1.0000000421577918e-30,1.0259733600783027e-25,8.424797438693549e-20,1.0000000000020197e-30,9.99999999996843e-31,1.000001447940184e-30,8.894784773373868e-25,3.457125968028676e-30,4.2365643076946205e-25,1.5801666519544929e-27,1.6074241299807116e-31,4.933150986925492e-27,5.58027618507539e-21,8.69473597783616e-25,1.1712907784082183e-19,8.427557635885061e-24,0.000149999999999579,9.813235629039862e-21,1.4999999999986362e-07,2.784999999992357e-08,4.103609711020434e-23,7.373040704397129e-16,1.1906500559380831e-15,1.528842710263672e-17,0.49999999999999817,6.552995744392678e-18,6.27992338883918e-22,7.467127300923086e-23,1.4356150828168567e-27,3.5413969813944555e-24,5.2607169972504904e-24,1.6675955837900903e-22,1.0005168851409276e-30,9.337835740539667e-24,1.000000000080468e-30,0.00010749999999990163,9.001200672394161e-20,8.749999999949702e-06,1.1632578350467888e-18,9.999999999978701e-31,1.0064147514776877e-30,1.0000033195054479e-30,6.238484151434093e-16,1.108429320655491e-17,6.9135697870948356e-18,1.0029355569147841e-30,4.999999999993786e-09,8.528072881532438e-24,1.2949999999986955e-07,4.6376667118863325e-23,1.305032456223318e-20,2.5292813275744394e-24,5.123796169910526e-18,8.963567547221265e-21,9.999999999995783e-31,4.1058215828780695e-20,2.3267177521758186e-21,0.08500000000000008,5.879295846018439e-17,9.654740896330162e-20,2.8888862733440756e-25,1.0000000000146778e-30,1.00023565401033e-30,1.2495650867699524e-24,1.0000065451059661e-30,4.5994350432988666e-18,5.916064718320767e-20,2.2397092497574346e-17,8.110788922472122e-21,9.999999999998706e-31,1.1161217060062764e-24,3.311358390545824e-20,4.999999999999065e-09,9.340057200553742e-22,2.2598493446497947e-18,2.3043011497867286e-21,1.999999999999774e-05,7.445849655308381e-22,1.107286013836539e-18,7.686909317471405e-27,1.2146355912728475e-19,1.886053145081668e-21,3.49724942333913e-19,1.6747842206785972e-20,9.999999999958825e-31,3.1249999999942034e-07,1.2267373272577464e-19,2.232277248916082e-20,4.971175767318323e-24,2.326524350270612e-24,9.999995747346044e-31,3.149448528993666e-25,1.0000978357361219e-30,3.502322170056185e-16,4.303851161004991e-22,1.9799773877261055e-21,4.593392823500569e-24,4.842300877656275e-27,3.169105392922994e-36,2.1069955997636698e-24,5.741282064352174e-23,9.995420342912539e-31,1.1063641796093073e-24,1.8465321341538484e-16,1.095308541253919e-21,3.207973723269877e-17,4.108064325073074e-20,3.329826941370202e-25,2.060034265245743e-22,1.7435519460952447e-17,1.4566596806055033e-20,1.0000000040679998e-30,7.953460352456054e-24,1.000000000002013e-30,9.999999999959703e-31,9.999999999978715e-31,9.99999999995968e-31,9.999966810543227e-31,2.2735598427694844e-30,1.000000000001949e-30,6.88004510171127e-28,1.000466320731313e-30,1.0000002607047097e-30,1.0154491932076751e-30,-1.6461239561636748e-40,1.9840845044530196e-30,1.3549999999982567e-05,1.5449664510432003e-21,3.2391533662611474e-19,4.7649999999961165e-07,2.079446785157646e-22,4.714865746025849e-20,1.5299999999942107e-06,9.831628182465432e-19,1.8599999999925224e-06,2.613358452740696e-19
202.28619070938058,6.4144530285825906e-06,100000303429286.06,870528011.5315117,1999.9957520009514,1.0,1.0,46.55244133521081,7.069679085441837e-16,1.755314484830419e-18,2.4217513183807932e-27,2.32920095162396e-35,5.461779607941393e-32,9.038158165180185e-34,2.1621658583986595e-30,3.0091957353821705e-30,1.0000000000019906e-30,9.999999999907636e-31,9.999999999899801e-31,1.000001691093169e-30,1.5957266599624718e-26,2.281137023516486e-29,1.0649517810715985e-26,9.999908146027295e-31,9.99999999999999e-31,9.999999999929475e-31,1.0004355185764679e-30,9.999999999919209e-31,9.999999999999992e-31,9.945254764758638e-31,4.432765675053856e-18,1.414378866904877e-20,5.675903085730345e-17,1.047661792007646e-20,9.999999999976715e-31,1.0000017974078002e-30,6.488394279786002e-25,5.200030535282026e-19,1.0000000000070637e-30,9.999999999940332e-31,1.0000617309759854e-30,1.0613804275536119e-23,5.728846462396519e-29,5.0552942911413386e-24,1.7256362668050368e-26,3.2681713660594216e-32,5.85377170255566e-26,6.794822644211372e-21,1.6198362700867437e-24,1.2298026080269906e-19,1.570055344251585e-23,0.00014999999999919743,9.822772677500658e-21,1.4999999999973093e-07,2.7849999999855834e-08,4.4889380193616825e-23,1.379070933633674e-15,2.5252335586775776e-15,2.831115134061243e-17,0.49999999999999667,6.553250311499014e-18,1.6726598177465537e-21,2.546157279724652e-22,1.7116280804120762e-26,2.1407075776308287e-23,3.246648969986122e-23,6.079393052718142e-22,1.0065939689896148e-30,1.0764231626802786e-22,1.0000000012175617e-30,0.00010749999999991833,9.971966061777371e-20,8.749999999905174e-06,1.1697260279448988e-18,9.999999999960076e-31,1.047343551348671e-30,1.0000062088503913e-30,1.1438939874800773e-15,3.285262174417792e-17,1.456941290693703e-17,1.0054837182894965e-30,4.999999999991524e-09,1.1310268936777198e-23,1.2949999999983058e-07,8.525536953198333e-23,4.5534842874458613e-20,1.527514644192185e-23,1.6907787249123797e-17,3.0636349416560637e-20,9.99999999999134e-31,1.4000115056349346e-19,7.172304939414856e-21,0.08500000000000002,1.0843625134869236e-16,9.655116133399013e-20,1.8978614510627224e-24,1.0000000005377519e-30,1.0013348884126547e-30,4.486501169102864e-24,1.0000508987243618e-30,1.5441794535431054e-17,1.9956911561273302e-19,4.394381178538026e-17,2.4396929238278665e-20,1.0000000000031171e-30,6.796475816214059e-24,1.1524415396964038e-19,4.999999999997999e-09,2.000284093777004e-21,4.305990959709625e-18,4.294810802040724e-21,1.9999999999993967e-05,1.380153786574532e-21,3.7841399262553785e-18,1.733427388287239e-26,2.34114890895515e-19,3.547094824256638e-21,6.305290192414374e-19,3.5775823403396096e-20,9.999999999922865e-31,3.1249999999891524e-07,2.930636002838696e-19,8.250249086283908e-20,1.7626013210082748e-23,8.2316808310998e-24,9.99999204578844e-31,1.1158099157956503e-24,1.0003758252775565e-30,5.392625516908337e-16,7.996968440845462e-22,6.864993726922522e-21,1.5918283788880427e-23,3.146690149764879e-26,2.0876511789657076e-35,6.468635963498071e-24,2.086016074953545e-22,9.992186194080221e-31,1.317003482526728e-23,3.479602748642131e-16,2.0359820554331402e-21,5.794534003353382e-17,1.3837999388564342e-19,1.1383494661846412e-24,7.312568733955721e-22,3.263169578141626e-17,5.060522104649805e-20,1.0000000258552987e-30,4.704759437116124e-23,1.0000000000070439e-30,9.999999999859035e-31,9.999999999960129e-31,9.99999999985895e-31,9.999938037889631e-31,9.302452565869147e-30,1.000000000006811e-30,4.473597102063762e-27,1.0004663207391814e-30,1.0000011858540093e-30,1.0289420519271792e-30,-1.3790708988522439e-41,1.970591661440296e-30,1.3549999999966828e-05,2.9556422368868006e-21,1.1375950078630718e-18,4.7649999999919147e-07,7.420649964812619e-22,1.638665672635548e-19,1.5299999999891586e-06,1.851239606607175e-18,1.8599999999859018e-06,4.486058692038942e-19
378.3608650319973,1.1997744324961863e-05,100000567541297.55,870523413.225598,1999.9920544601646,1.0,1.0,46.5523183853194,1.2321729342427495e-15,4.884451368545535e-18,8.080132396345651e-27,1.1561147170037468e-34,3.734616780888414e-31,8.810104858996574e-33,4.423924054099937e-30,3.3297562659807024e-30,1.00000000000368e-30,9.999999999842307e-31,9.999999999812018e-31,1.0000193902049723e-30,8.871444026371821e-26,7.678898776469092e-29,5.926203432169455e-26,9.999828194993415e-31,9.999999999999976e-31,9.999999999753315e-31,1.002748151493381e-30,9.999999999848913e-31,9.999999999999985e-31,9.89784787497308e-31,7.87008876059731e-18,3.9689552803676254e-20,1.963546825227978e-16,2.9590798906658526e-20,9.999999999990081e-31,1.0000705568150092e-30,5.151928852007159e-24,2.921236952228714e-18,1.0000000000247059e-30,9.99999999988629e-31,1.0024232535707501e-30,1.160876130009292e-22,1.1871442466179763e-27,5.529124744635388e-23,2.407186535689545e-25,1.633189484858722e-33,6.337913625852097e-25,7.23731337009792e-21,2.9676443900383902e-24,1.234651479538344e-19,2.876437333161433e-23,0.00014999999999844833,9.84033607682082e-21,1.4999999999945037e-07,2.7849999999726204e-08,5.257926685234624e-23,2.579446820157421e-15,5.5660924830476095e-15,5.197409417708434e-17,0.4999999999999929,6.5537089399828224e-18,4.766143141764916e-21,8.497749549578996e-22,1.871501602297473e-25,1.1856570503068284e-22,1.8234189495204417e-22,2.1031378873601968e-21,1.0853659827594858e-30,1.1557678325508251e-21,1.0000000160209107e-30,0.00010750000000016337,1.1731749012804325e-19,8.749999999820078e-06,1.1799594691565031e-18,9.999999999925037e-31,1.3309625959301222e-30,1.0000116130725438e-30,2.049407697607176e-15,1.0197485958515772e-16,3.0414865709477385e-17,1.0102324154440895e-30,4.999999999987982e-09,1.6353618188721155e-23,1.2949999999971658e-07,1.5576358412660247e-22,1.5686759110580374e-19,9.398722480250532e-23,5.588527660644906e-17,1.0284055813389082e-19,9.999999999992255e-31,4.672507836643127e-19,2.363338849847773e-20,0.08499999999999988,1.976058463412126e-16,9.655792161338207e-20,1.231464800682151e-23,1.000000011982726e-30,1.0067615966221863e-30,1.5652973155885386e-23,1.0003473506070882e-30,5.1707521842831395e-17,6.513801958204508e-19,8.893475832475821e-17,7.389321226740086e-20,1.0000000000201262e-30,4.1679048599822963e-23,3.943583500756351e-19,4.999999999995379e-09,4.6202639353056505e-21,8.321319274687696e-18,7.87017719715161e-21,1.999999999998281e-05,2.5217664994798213e-21,1.2684281582537226e-17,3.570288721289439e-26,4.62655272212555e-19,6.530668326815435e-21,1.1039892108889285e-18,7.006104942828085e-20,9.999999999855282e-31,3.12499999997965e-07,7.547941940957357e-19,3.1531828321755517e-19,6.315820650807434e-23,2.861647833544426e-23,9.999985122502123e-31,3.992790932159019e-24,1.0014883741600907e-30,7.312928304419415e-16,1.4630578590371655e-21,2.362409699439902e-20,5.471678049364085e-23,2.0335020497492666e-25,1.3116876283445227e-34,1.817610427060301e-23,7.11516532918396e-22,9.990297100096042e-31,1.4337762722055512e-22,5.753245963902432e-16,3.725629094003571e-21,1.0164995274369222e-16,4.617739307795119e-19,3.81813563501588e-24,2.624843456093891e-21,6.110251491796359e-17,1.7455501510626225e-19,1.0000001605231857e-30,2.584586386638206e-22,1.0000000000246435e-30,9.999999999506849e-31,9.99999999992523e-31,9.999999999506532e-31,9.99988673578503e-31,5.430075912038416e-29,1.0000000000238286e-30,2.8968810909739735e-26,1.0004663207696302e-30,1.000010632693404e-30,1.0539334944062525e-30,-3.777463435928122e-43,1.945600248592397e-30,1.3549999999935996e-05,5.518931074813809e-21,3.949801938508244e-18,4.7649999999821494e-07,2.6599173389098397e-21,5.5930116202737455e-19,1.529999999979673e-06,3.504439411643023e-18,1.8599999999732579e-06,7.222764022922583e-19
707.6950912256351,2.2440864130696193e-05,100001061542636.84,870514812.5435011,1999.985138537181,1.0,1.0,46.5520884186843,2.0292809636347393e-15,1.1843564893221896e-17,2.5960644008694795e-26,4.6707292161269785e-34,2.1674504945397928e-30,7.180581194335871e-32,3.6624319617836966e-29,8.614691070545633e-30,1.0000000000067477e-30,1.0000000000454431e-30,9.99999999964711e-31,1.0002098261303394e-30,4.385283318741771e-25,2.592278459662397e-28,2.9350896304021482e-25,9.999678654773456e-31,9.999999999999933e-31,9.999999999137262e-31,1.0168583018688201e-30,9.999999999717492e-31,9.99999999999997e-31,9.809784262975351e-31,1.3086823092198453e-17,9.664389648472256e-20,6.431255042797637e-16,7.228788021655195e-20,1.000000000105633e-30,1.002502312553156e-30,4.35089289391294e-23,1.4528806323547682e-17,1.0000000000863952e-30,9.99999999978046e-31,1.0859427775390214e-30,1.1393293813558644e-21,2.262094323014417e-26,5.426382270224301e-22,3.7925327971998464e-24,1.6905970353270492e-35,6.099229150661545e-24,7.321800671886365e-21,5.3050789250975865e-24,1.2350768988170946e-19,5.1420286516844873e-23,0.00014999999999693657,9.871458595526413e-21,1.4999999999882487e-07,2.78499999994735e-08,6.719562002249952e-23,4.824658206929938e-15,1.2403797012712376e-14,9.389016834884243e-17,0.4999999999999855,6.5545090272132e-18,1.406529502243547e-20,2.7305243190803814e-21,1.8359661082150296e-24,5.81594600692555e-22,9.064212655518834e-22,6.8884951320651e-21,2.1181395062808152e-30,1.123293552295167e-20,1.0000001939501251e-30,0.00010750000000101526,1.4835725332873438e-19,8.749999999654959e-06,1.2014466910307899e-18,9.999999999858852e-31,3.240058243410647e-30,1.0000217210084884e-30,3.5315101741531208e-15,3.220006217743452e-16,6.508916807356607e-17,1.0190538810790532e-30,4.999999999978588e-09,2.5248774529505194e-23,1.2949999999933483e-07,2.8016788349855062e-22,5.308216000954085e-19,5.770127797850369e-22,1.8121707145759957e-16,3.337049897893669e-19,1.0000000000295585e-30,1.5013836020049502e-18,8.062201012381417e-20,0.08499999999999977,3.5224767009393344e-16,9.656971504440922e-20,7.870435362423215e-23,1.0000002230589406e-30,1.0294417433714608e-30,5.303416314335064e-23,1.0021293407229757e-30,1.699201074211097e-16,2.021909183452889e-18,1.8728745801526333e-16,2.183370780020533e-19,1.0000000001478698e-30,2.5210884023052246e-22,1.3164669079423579e-18,4.999999999988324e-09,1.167783373714227e-20,1.644014438125809e-17,1.407073591195155e-20,1.999999999994959e-05,4.501601345670307e-21,4.101946320028471e-17,7.009442546777422e-26,9.54707762459916e-19,1.170491235376965e-20,1.8424649753053073e-18,1.295216617598706e-19,9.99999999972795e-31,3.124999999961525e-07,1.9880386911071948e-18,1.249581882149047e-18,2.302671835834563e-22,9.752647201116392e-23,9.99997217427273e-31,1.4524267636573158e-23,1.0064351126590038e-30,8.52442145906157e-16,2.613490855631111e-21,8.020231723062717e-20,1.8529074138324278e-22,1.3006837413942378e-24,7.751405430346346e-34,4.5408064423063606e-23,2.181832987624511e-21,1.001098760361918e-30,1.3944394731082248e-21,7.630787729973659e-16,6.6559003054545674e-21,1.6930503434902598e-16,1.498642224689069e-18,1.2389684467427658e-23,9.589227501031076e-21,1.1450994427901865e-16,5.93484680853956e-19,1.0000009555364763e-30,1.2710424620130156e-21,1.000000000086244e-30,9.999999998274822e-31,9.999999999859549e-31,9.999999998273615e-31,9.999847301308944e-31,3.3605920760403548e-28,1.0000000000834281e-30,1.8566340555947104e-25,1.0004663208796894e-30,1.0001193747297491e-30,1.0998300994028576e-30,9.042700285173954e-45,1.8997036989919567e-30,1.3549999999873708e-05,1.0059556084440469e-20,1.3529791601187155e-17,4.764999999957856e-07,9.480357432352346e-21,1.8579848040072424e-18,1.529999999961792e-06,6.6933550813204935e-18,1.8599999999488136e-06,1.056931245161367e-18
1323.6896001453676,4.197392187168213e-05,100001985534400.22,870498725.9668913,1999.9722029875277,1.0,1.0,46.55165828976197,3.0415964849434393e-15,2.4392650732338905e-17,7.825690256692681e-26,1.450034185006689e-33,1.0294121298481926e-29,4.6007227782944135e-31,4.6545719021727175e-28,7.71655242974193e-29,1.0000000000122012e-30,1.000000003458756e-30,9.999999999337577e-31,1.0020576753420646e-30,1.873203394637581e-24,8.555550068684918e-28,1.2586769517066366e-24,9.999398958524902e-31,9.99999999999982e-31,9.999999996983314e-31,1.0984655085085036e-30,9.999999999471753e-31,9.999999999999936e-31,9.647171323024547e-31,1.9711661022676677e-17,1.9943470342280138e-19,1.958477183310099e-15,1.493990035189987e-19,1.0000000029581249e-30,1.0782923748304307e-30,3.3485518988038897e-22,6.234664982941782e-17,1.0000000003020368e-30,9.999999999570519e-31,3.689075045178314e-30,9.778085944537848e-21,3.8106141522351404e-25,4.6568938859294165e-21,5.713438657465053e-23,1.867409936936633e-34,5.0377891099132514e-23,7.415343516865074e-21,9.102453254258083e-24,1.23586922750662e-19,8.822687158793657e-23,0.00014999999999379372,9.922575981416153e-21,1.49999999997375e-07,2.784999999896434e-08,9.243812907983756e-23,9.02415457058675e-15,2.7020406036653476e-14,1.646465311772989e-16,0.49999999999997047,6.5558247503982415e-18,4.1095170730996616e-20,8.23152727352614e-21,1.574400247905793e-23,2.4459974766936708e-21,3.8856953964238054e-21,2.0977364584380004e-20,1.5535928672971456e-29,9.591867275044766e-20,1.0000021746945593e-30,0.00010750000000283805,2.0036065581215647e-19,8.749999999327826e-06,1.2464766759314147e-18,9.999999999733e-31,1.5662012558605722e-29,1.0000406270936052e-30,5.694580457636177e-15,1.002322815473989e-15,1.458955245413518e-16,1.0353445786686792e-30,4.9999999999514496e-09,4.015001057887574e-23,1.2949999999808802e-07,4.885976957134743e-22,1.7470507145521792e-18,3.444869029950216e-21,5.6092380833891e-16,1.0182654992409742e-18,1.0000000006552825e-30,4.526110442681158e-18,2.7312987274318573e-19,0.08499999999999953,6.0347594079507835e-16,9.65891089652692e-20,4.918463794984628e-22,1.0000035911362189e-30,1.1099806205622361e-30,1.7241922275244014e-22,1.0115858001997379e-30,5.36165039941967e-16,5.8494019145280276e-18,4.0890398701230294e-16,6.124109291909576e-19,1.0000000020465788e-30,1.4676787284172678e-21,4.2222183096875955e-18,4.99999999996775e-09,3.2251457651985495e-20,3.3457396957736366e-17,2.4144054530543107e-20,1.9999999999855037e-05,7.718004705151496e-21,1.2432277626536663e-16,1.344505047955495e-25,2.1097144974552178e-18,2.0110894168687776e-20,2.8787076870426212e-18,2.261198664919793e-19,9.999999999489403e-31,3.124999999925718e-07,4.978961167304834e-18,5.038466630826177e-18,8.61175117173908e-22,3.227884277179802e-22,9.999947964959706e-31,5.413016075210781e-23,1.0321760597275172e-30,8.93128841394086e-16,4.482473537771476e-21,2.6581291033363657e-19,6.107679204770919e-22,8.168201274471223e-24,4.163893565706548e-33,1.009512885586263e-22,6.150490338561649e-21,1.0176702451740935e-30,1.1755447044819453e-20,8.29142656985289e-16,1.1416401071822135e-20,2.584209164295176e-16,4.595605217614071e-18,3.813144621474134e-23,3.588251551649612e-20,2.148786224214594e-16,1.962848565477149e-18,1.0000052966073315e-30,5.427568685598718e-21,1.0000000003028969e-30,9.999999993970033e-31,9.999999999735429e-31,9.999999993960303e-31,1.0001022282257621e-30,2.03931611603451e-27,1.0000000002923649e-30,1.1658641866222107e-24,1.000466321261637e-30,1.0013653782965236e-30,1.1827887022338554e-30,2.3313709657602127e-44,1.816745199651376e-30,1.3549999999742247e-05,1.7724548464607768e-20,4.548888126467833e-17,4.764999999894728e-07,3.294373526850903e-20,5.903295170397284e-18,1.5299999999278124e-06,1.2957867541535429e-17,1.859999999900895e-06,1.384861251694835e-18
2475.860267023334,7.850901404817777e-05,100003713790400.53,870468638.4513472,1999.948008575614,1.0,1.0,46.55085378781185,3.971196403723247e-15,4.2821673319233436e-17,2.1403445602765105e-25,3.3322667408038053e-33,3.7769864993420446e-29,2.2103769634487985e-30,5.638940195476132e-27,7.5231444145281815e-28,1.0000000000215279e-30,1.0000001234416582e-30,9.999999998773816e-31,1.0175810091613854e-30,6.857297893909215e-24,2.6974223799916542e-27,4.6443434750188405e-24,9.998875833874175e-31,9.999999999999509e-31,9.999999989454753e-31,1.5322519019205579e-30,9.999999999011896e-31,9.999999999999833e-31,9.350236148916952e-31,2.5794334026256397e-17,3.5040465264140535e-19,5.384789100406805e-15,2.626665729727037e-19,1.0000000592808277e-30,3.122604082822652e-30,2.14906534468376e-21,2.2945591491196656e-16,1.0000000010555581e-30,9.99999999922458e-31,7.390932874669707e-29,7.244624556798393e-20,5.573131435437999e-24,3.45002000419093e-20,7.408423875356973e-22,1.9771344825092303e-33,3.4677209070835297e-22,7.608795545884495e-21,1.4568646605461912e-23,1.2374721993462514e-19,1.4120871978326842e-22,0.00014999999998716685,9.996391422103914e-21,1.4999999999407293e-07,2.784999999788271e-08,1.307030260952883e-22,1.6878991669239472e-14,5.710738954160354e-14,2.736083446446195e-16,0.49999999999994055,6.557770856799275e-18,1.1232466220263357e-19,2.2515221441711743e-20,1.1646237414203857e-22,8.680427620470093e-21,1.427106823348825e-20,5.767767311872123e-20,1.8187227236479375e-28,7.088533534275822e-19,1.0000220303276718e-30,0.00010750000000578946,2.7943230538986055e-19,8.749999998665473e-06,1.336348898908682e-18,9.999999999491666e-31,9.147136523162631e-29,1.0000760230045937e-30,8.251761988555516e-15,2.9727644213360478e-15,3.444451363449992e-16,1.0651012078321869e-30,4.999999999879994e-09,6.280337386856706e-23,1.294999999941859e-07,8.05433557882757e-22,5.518284107327104e-18,1.9330590003119112e-20,1.5932230031648793e-15,2.7917655530546976e-18,1.0000000100811264e-30,1.2379963262056198e-17,8.857705409989366e-19,0.08499999999999915,9.651064492540132e-16,9.661779454101764e-20,2.9714531180201056e-21,1.0000551011888714e-30,1.3790727594370196e-30,5.238549341102719e-22,1.0538485351946728e-30,1.576242724615864e-15,1.5475995431818624e-17,9.01508049308166e-16,1.5742100818080294e-18,1.0000000401414657e-30,7.937682781883065e-21,1.2711336456045808e-17,4.999999999904455e-09,9.554643693733482e-20,7.006229209766075e-17,3.864410592251852e-20,1.999999999961581e-05,1.234785612207739e-20,3.364744942542187e-16,2.549343820612034e-25,5.09510481854295e-18,3.221088337050233e-20,4.289784043498314e-18,3.651668929947756e-19,9.999999999096158e-31,3.124999999850733e-07,1.0869808847837114e-17,1.9678395286678684e-17,3.3190764118330048e-21,1.0185851395010997e-21,9.999902762715177e-31,2.0765059913558464e-22,1.1929816209268036e-30,9.123256163659901e-16,7.172811526543163e-21,8.452985698244974e-19,1.9206168081478207e-21,4.968693039660395e-23,1.9238482003962724e-32,2.0774607864964834e-22,1.9862845763585505e-20,1.1229113355369895e-30,8.410397996093414e-20,8.464746308057956e-16,1.8269011294914308e-20,3.459379551380129e-16,1.2691909000235589e-17,1.0953934122498534e-22,1.375409361597104e-19,4.0389350133726804e-16,6.1811940604431055e-18,1.000026326217466e-30,1.9957988838526554e-20,1.0000000011103208e-30,9.999999979115756e-31,9.999999999499641e-31,9.999999978870324e-31,1.0029899991527e-30,1.1814019995936126e-26,1.0000000010296259e-30,7.053683970840064e-24,1.0004663225320736e-30,1.015088370256865e-30,1.32835171273905e-30,3.4081031075919554e-44,1.67118238328368e-30,1.3549999999449938e-05,2.952884380896322e-20,1.492459021642572e-16,4.764999999731408e-07,1.089631208808341e-19,1.744995070817913e-17,1.5299999998623001e-06,2.5520498306408727e-17,1.859999999806333e-06,1.6858111955613125e-18
4630.907473437632,0.00014684511267876814,100006946361210.16,870412366.2395256,1999.9027566846792,1.0,1.0,46.54934910302152,4.450989587692338e-15,6.408836837542656e-17,5.175579420693437e-25,5.596544772653289e-33,1.0418487456956341e-28,7.868067551384149e-30,5.921720347729597e-26,5.679753809764567e-27,1.0000000000363589e-30,1.0000031123390576e-30,9.999999998645113e-31,1.1317454248962817e-30,2.1542744573429717e-23,7.88401339700334e-27,1.4825167553415583e-23,9.997897460862854e-31,9.999999999998803e-31,9.999999963148318e-31,3.588740492313281e-30,9.999999998150152e-31,9.999999999999563e-31,8.819219682892304e-31,2.893183150090127e-17,5.246009910359615e-19,1.3055225494079397e-14,3.9336088624417995e-19,1.0000008832765378e-30,5.078389845570991e-29,1.0895323271808617e-20,7.272573020104572e-16,1.0000000036879244e-30,1.0000000000830771e-30,1.711263120540283e-27,4.641352909721682e-19,7.061368202050146e-23,2.2099261437681864e-19,7.807386041810334e-21,1.4422292494072821e-32,1.9374320038204626e-21,7.997591539793932e-21,2.0869618515927865e-23,1.2406558084622093e-19,2.0228177637057456e-22,0.0001499999999735364,1.0081730899235618e-20,1.499999999873039e-07,2.7849999995438123e-08,1.7838704427507682e-22,3.1570864288171224e-14,1.173546196873655e-13,4.1433041234023387e-16,0.4999999999998839,6.560176675122531e-18,2.675018207932566e-19,5.445172566260974e-20,7.438034392514406e-22,2.565178015221938e-20,4.5043461278856385e-20,1.3984107547335136e-19,2.060971278509655e-27,4.535560613948116e-18,1.0001919318989055e-30,0.00010750000001006129,3.7954269695220305e-19,8.749999997300919e-06,1.4896544432902073e-18,9.999999999025825e-31,5.088982183118515e-28,1.0001436363736013e-30,1.0316670654440636e-14,8.122027346151046e-15,8.475630801177101e-16,1.1183623295111707e-30,4.999999999724395e-09,9.147523518870695e-23,1.2949999998254486e-07,1.2063734035814613e-21,1.6569600118327553e-17,9.757018675979535e-20,3.937428646114542e-15,6.4323905616057586e-18,1.0000001303245599e-30,2.9940013700816307e-17,2.6915846127249784e-18,0.08499999999999873,1.381952555214368e-15,9.665325535860515e-20,1.7156696015106574e-20,1.0008349851610973e-30,2.3559411523230623e-30,1.4203585141719018e-21,1.2065102580338516e-30,4.170949143139077e-15,3.653487808835595e-17,1.9253203878369034e-15,3.461814333791508e-18,1.0000007979569404e-30,3.7737676381623144e-20,3.5018729024709816e-17,4.999999999704911e-09,2.9509029510846726e-19,1.4750474098813426e-16,5.535813718417318e-20,1.9999999999130248e-05,1.7684616745154516e-20,7.569349294791308e-16,4.807067302426955e-25,1.3212322110753099e-17,4.615835936918382e-20,6.906058636737176e-18,5.254409160362919e-19,9.999999999530843e-31,3.1249999996896664e-07,1.9039367445427823e-17,6.956710155839247e-17,1.3057707845885644e-20,2.977964038004327e-21,9.999818942357876e-31,8.127600630489584e-22,2.3325638712052298e-30,9.326714198151046e-16,1.0274008630335379e-20,2.5163380627068705e-18,5.5900730345541646e-21,2.8687001212398375e-22,7.170789528987692e-32,4.1184308616959083e-22,1.0506628365876366e-19,2.043282550233017e-30,5.037544967279174e-19,8.627937373324634e-16,2.6168206787146654e-20,3.970989353240467e-16,2.9255103194952136e-17,3.0228660880443323e-22,5.31460553188589e-19,7.601082637004634e-16,1.7965876066669973e-17,1.0001141145253164e-30,6.342686719830278e-20,1.0000000058118933e-30,9.999999932881572e-31,9.999999999049688e-31,9.999999926078951e-31,1.0622218622085125e-30,6.457151875116811e-26,1.000000003794735e-30,4.009908628408066e-23,1.000466326499721e-30,1.1580286886958075e-30,1.5700282435270924e-30,4.32116366404656e-44,1.429506236407784e-30,1.354999999876351e-05,4.4775028665897535e-20,4.782134809820137e-16,4.7649999993339733e-07,3.3407682871031673e-19,4.637035970815608e-17,1.52999999973381e-06,5.101777271783099e-17,1.8599999996219128e-06,2.005728362166068e-18
8661.758627163426,0.0002746625642809306,100012992637940.75,870307128.0136203,1999.8181231547092,1.0,1.0,46.54653496618907,4.544014463506609e-15,8.050464610253459e-17,1.1168447346145474e-24,7.179543593248012e-33,2.3408975029855456e-28,2.1757725468332995e-29,5.249132226189561e-25,3.2885022590394446e-26,1.0000000000563384e-30,1.0000566450515811e-30,1.0000000027054744e-30,1.9340210288426732e-30,5.748838069407835e-23,2.0657993227580093e-26,4.0860675823775535e-23,9.996067813754518e-31,9.999999999997377e-31,9.999999871247428e-31,1.223597637041081e-29,9.999999996533954e-31,9.999999999998719e-31,7.905819374427779e-31,2.9535967902710084e-17,6.59016773391706e-19,2.8208151879026746e-14,4.942090234154261e-19,1.000010168156639e-30,1.012310831553941e-27,4.1587444356250197e-20,1.9740760428119557e-15,1.0000000128842574e-30,1.0000000054360208e-30,3.4752691091152545e-26,2.5700300533689584e-18,7.761065094007256e-22,1.2232842175596605e-18,6.408511007265942e-20,7.562689251532225e-32,8.418919871199258e-21,8.752811187434217e-21,2.573221865406381e-23,1.2467970033159966e-19,2.494132115868064e-22,0.00014999999994733153,1.0148282739369309e-20,1.4999999997572988e-07,2.7849999989623295e-08,2.201924527791773e-22,5.905088905796889e-14,2.342201347020374e-13,5.441734166569235e-16,0.49999999999977734,6.562498659399964e-18,5.119520334498859e-19,1.1753139358041226e-19,4.093439463557331e-21,6.076648519901186e-20,1.212311174128532e-19,3.0216533590562247e-19,2.056524678338558e-26,2.5098487616403417e-17,1.001357216841699e-30,0.00010750000001613814,4.693995026931023e-19,8.749999994433595e-06,1.670639446713356e-18,9.99999999812823e-31,2.5968085286503833e-27,1.0003206475241263e-30,1.1169655294918168e-14,2.0024456410575556e-14,2.1476843954715213e-15,1.210162121042359e-30,4.999999999479159e-09,1.1719616377031344e-22,1.294999999487152e-07,1.5659756393230321e-21,4.776547700484588e-17,4.2191547076448233e-19,8.003200542790593e-15,1.1557081980440636e-17,1.0000014514213972e-30,6.462333020731878e-17,7.653174311023347e-18,0.08499999999999841,1.7036144255349056e-15,9.668747782089393e-20,9.462794656273783e-20,1.0120668207547416e-30,6.435190980547494e-30,3.2115840490696927e-21,1.6774429976537437e-30,9.745897048629589e-15,7.393512202325914e-17,3.882154030233502e-15,5.890205574365034e-18,1.0000146349287145e-30,1.4639661341892466e-19,8.744492367658624e-17,4.999999999081073e-09,9.189312648959368e-19,2.9592371028554044e-16,6.82557133744141e-20,1.9999999998433282e-05,2.1802760414701295e-20,1.3066639326216168e-15,9.045192370933971e-25,3.362001805107962e-17,5.69210107641865e-20,1.356503574876611e-17,6.4910904378656e-19,1.000000002419809e-30,3.1249999993870263e-07,2.578321907985993e-17,2.1227369200993843e-16,5.063406530967095e-20,7.80381719945606e-21,9.999668692829922e-31,3.1387396540805416e-21,1.0171640518800148e-29,9.48509216643837e-16,1.2667270938084531e-20,6.843793176800363e-18,1.4535779821871124e-20,1.5349992163573122e-21,2.1136269822016446e-31,8.011132149978678e-22,8.099629207123502e-19,1.4596846757167568e-29,2.4569350330226557e-18,8.765685470888451e-16,3.226437990034197e-20,4.1001037238006653e-16,5.104399805515965e-17,9.133186204560337e-22,2.0011598460813864e-18,1.4289185669682936e-15,4.645566636038983e-17,1.0004388348264953e-30,1.7349171377076765e-19,1.0000000821457645e-30,9.999999890912596e-31,9.999999998191545e-31,9.999999741396258e-31,2.1668345088671748e-30,3.376367840630113e-25,1.0000000197736879e-30,2.0743825182589412e-22,1.0004663376065688e-30,2.5726972290768637e-30,1.932177207158247e-30,4.7830648829866e-44,1.0673584072547828e-30,1.3549999997048001e-05,5.88444842395585e-20,1.5217852772175818e-15,4.7649999984575367e-07,9.196723328896835e-19,1.0794506645919107e-16,1.5299999994795308e-06,1.0203930667712808e-16,1.8599999992732303e-06,2.2894344564450928e-18
16201.15775268264,0.0005137353422337215,100024301736629.03,870110339.1808785,1999.65984595018,1.0,1.0,46.541272251544825,4.550019617945421e-15,8.678359364606281e-17,2.243960123207647e-24,7.748908178855152e-33,4.866993683064916e-28,5.021773105730526e-29,4.065711093923167e-24,1.530763394185447e-25,1.0000000000697537e-30,1.0007919344622523e-30,1.0000000561140164e-30,7.62772195367756e-30,1.2898348207689723e-22,4.776190652485881e-26,9.780645457105194e-23,9.992646738775183e-31,9.999999999994678e-31,9.999999550923156e-31,4.552472673956518e-29,9.999999993505574e-31,9.999999999996063e-31,6.444304063343746e-31,2.956663032511884e-17,7.103176631537648e-19,5.6717553964567216e-14,5.326985046899272e-19,1.0000966422563762e-30,1.7743224314267094e-26,1.1757728420693737e-19,4.581845878478049e-15,1.000000045022572e-30,1.0000001078609326e-30,6.1000158409309995e-25,1.2256744511035453e-17,7.37827774393632e-21,5.830114512298537e-18,3.99031837231438e-19,3.246886599204268e-31,2.7150594687377396e-20,1.0187374327614281e-20,2.7589440909229503e-23,1.2584002639101666e-19,2.6741459782802792e-22,0.0001499999999003588,1.0175459617426157e-20,1.49999999958462e-07,2.784999997512998e-08,2.3957042140562443e-22,1.1045017222906334e-13,4.561286348432289e-13,6.081801086233236e-16,0.4999999999995759,6.564564869146833e-18,7.402825047392566e-19,2.3625155130271697e-19,1.9289659546461493e-20,1.0931120673787224e-19,2.765717928706916e-19,6.076096204326336e-19,1.7587877850506784e-25,1.19659534524133e-16,1.0076371304542131e-30,0.00010750000002557993,5.12287272905012e-19,8.749999988141933e-06,1.775472557122205e-18,9.999999996420515e-31,1.2785147930709003e-26,1.0022708051453314e-30,1.128464412945319e-14,4.456479051767442e-14,5.612160738616681e-15,1.3577560429926652e-30,4.999999999249381e-09,1.2945436312130439e-22,1.2949999984880646e-07,1.737384135661975e-21,1.366225130167624e-16,1.5035788725948355e-18,1.2886371531699774e-14,1.563851530366462e-17,1.0000138411545989e-30,1.2989763358166594e-16,2.086945441067472e-17,0.08499999999999829,1.826409174241978e-15,9.671792467744993e-20,5.090261354391628e-19,1.160426023387693e-30,2.3498477629032162e-29,5.6313463797158296e-21,3.248880005852224e-30,2.053262769357962e-14,1.2330852798155479e-16,7.454447143694725e-15,7.357533335688129e-18,1.0002541374932568e-30,4.373682213416838e-19,2.018495091143219e-16,4.999999997226378e-09,2.773624613986711e-18,5.274725528175508e-16,7.317957580072223e-20,1.999999999775471e-05,2.337486446422686e-20,1.683178504213829e-15,1.7026501453992586e-24,7.29365477054501e-17,6.102965205429875e-20,2.753422137495554e-17,6.963010016330862e-19,1.0000000519643398e-30,3.124999999019978e-07,2.8401339366705265e-17,5.662562782439005e-16,1.8274154298346192e-19,1.8043828963805133e-20,9.99944204631561e-31,1.130771113502009e-20,5.458053999417403e-29,9.549190126283289e-16,1.35813529664485e-20,1.7007462548109492e-17,3.3106334873245465e-20,7.516396428343352e-21,5.307816343461149e-31,1.5369234544323436e-21,6.0883454602124016e-18,1.9814758527101751e-28,9.318884889713107e-18,8.848357461643415e-16,3.4593169515891335e-20,4.11972477445207e-16,6.43546907865792e-17,3.3495492574720905e-21,7.14314174676921e-18,2.671806051857046e-15,1.0444752124130713e-16,1.0015834361993952e-30,4.094581762686484e-19,1.0000019915301914e-30,1.000000171184642e-30,9.999999996567808e-31,9.9999990953542e-31,2.0519397688237083e-29,1.7416726558679518e-24,1.0000002888510538e-30,9.497131704454924e-22,1.0004663631087826e-30,1.6259656683226327e-29,2.3814875196272494e-30,4.948156628692291e-44,6.180578441764091e-31,1.354999999241132e-05,6.578277691085638e-20,4.920915356934643e-15,4.7649999967012134e-07,2.2195640141697526e-18,2.18706791007266e-16,1.5299999989757112e-06,1.9959496596468082e-16,1.8599999986353139e-06,2.425172617548882e-18
30303.027805944017,0.000960902708204719,100045454541708.92,869742439.8344163,1999.363882183263,1.0,1.0,46.53143193981235,4.555090821767936e-15,8.75585826958212e-17,4.350894777907893e-24,7.824274538888849e-33,9.966941884725809e-28,1.0224020929207845e-28,2.9065606386715705e-23,5.954410356695886e-25,1.0000000000152478e-30,1.0091474458986416e-30,1.0000006289046051e-30,4.7670983902177673e-29,2.4683232620209415e-22,9.989279371349382e-26,2.116461676499842e-22,9.986251858562702e-31,9.999999999989605e-31,9.999998463183717e-31,1.6768118418674468e-28,9.9999999878385e-31,9.999999999988486e-31,4.398622151698513e-31,2.958363738368833e-17,7.164180945940417e-19,1.1004293297628531e-13,5.37275382371442e-19,1.0007872906487452e-30,2.7059918381772056e-25,2.628575253750071e-19,9.355805715643699e-15,1.000000157382144e-30,1.000001761711617e-30,9.313270307737675e-24,5.098931207053021e-17,6.098164040008677e-20,2.4222209061425915e-17,1.932566245452622e-18,1.2544548673800693e-30,6.606423629877695e-20,1.2884581172791521e-20,2.781323363335236e-23,1.2801012573331868e-19,2.695837367536696e-22,0.00014999999981796981,1.018260140747199e-20,1.4999999992994725e-07,2.7849999937241762e-08,2.4258715600408086e-22,2.065885790609985e-13,8.733036650057573e-13,6.186137166507708e-16,0.4999999999991977,6.56740759977693e-18,8.319553988120565e-19,4.584648719713752e-19,7.844684277735979e-20,1.4688383992370106e-19,5.462050771060544e-19,1.1791137233141573e-18,1.303193832734828e-24,4.977191714191617e-16,1.0365686366201203e-30,0.00010750000004475847,5.191244037406024e-19,8.749999973386119e-06,1.7939060937802473e-18,9.999999993212398e-31,6.387424080097279e-26,1.0517979791528358e-30,1.1291251281297424e-14,8.903026404917246e-14,1.517074497890005e-14,1.5671908588078781e-30,4.99999999915501e-09,1.3137955431490746e-22,1.294999995458541e-07,1.7644935656502205e-21,3.967911592688441e-16,4.349336524673752e-18,1.636119751879718e-14,1.7030153898955917e-17,1.0001135057705602e-30,2.5206710933270177e-16,5.650692947386946e-17,0.0849999999999983,1.841078217205047e-15,9.675980814488558e-20,2.7462161741981656e-18,2.9056839729235892e-30,8.283018037672854e-29,7.459155678556134e-21,1.0068795575527845e-29,4.076074576130386e-14,1.6599153932153363e-16,1.3917296471486706e-14,7.610415386665098e-18,1.004416128022069e-30,1.0357701119743384e-18,4.39623398908007e-16,4.99999999217556e-09,7.824442397888303e-18,7.915722873856998e-16,7.376819729608615e-20,1.9999999997080337e-05,2.3562664454162492e-20,1.780615838542414e-15,3.214509571702072e-24,1.221691709432138e-16,6.15204432521187e-20,4.594965531452315e-17,7.018997010922719e-19,1.000000758453753e-30,3.124999998706783e-07,2.8737140727040375e-17,1.4205171740122341e-15,5.808274802128661e-19,3.774118980119464e-20,9.999442213580504e-31,3.596366731362156e-20,2.5483988815771183e-28,9.564799704065086e-16,1.369149664755266e-20,4.041843338600804e-17,6.724341789770159e-20,3.435224856587946e-20,1.2623064066006092e-30,2.9159960088387083e-21,3.711290500561138e-17,2.4223552139418086e-27,2.6710325076313508e-17,8.924434667415747e-16,3.487465865395807e-20,4.1392893553087445e-16,6.666927205531346e-17,1.3320907353213824e-20,2.4375271860726e-17,4.947057985511478e-15,2.0672665167169664e-16,1.0055668380637995e-30,8.64452583352525e-19,1.0000496357542236e-30,1.0000034548726616e-30,9.999999993521339e-31,9.999996835735103e-31,2.8924137678481473e-28,8.746882614576046e-24,1.000008391369116e-30,3.829991458309058e-21,1.0004664040165807e-30,1.4647062799025156e-28,2.7770769660422808e-30,5.031633126749015e-44,2.2262349704242497e-31,1.3549999979033799e-05,6.691839832078574e-20,1.6075948087970455e-14,4.7649999935258467e-07,4.7668079030860095e-18,3.7819592410553094e-16,1.5299999979742256e-06,3.7647303760373464e-16,1.8599999974821124e-06,2.447156903131266e-18
56679.498355959506,0.0017972951026116028,100085019247533.94,869054938.2984046,1998.8105900412888,1.0,1.0,46.51303755441724,4.564574326719192e-15,8.769122058168287e-17,8.286567866802372e-24,7.848195929814012e-33,2.047400180635947e-27,1.9151201482153802e-28,1.9905311328705969e-22,1.9740253484607567e-24,9.999999996369937e-31,1.0983181472436567e-30,1.0000050259295782e-30,3.2590185316873463e-28,4.1037932173515124e-22,1.975454015320297e-25,4.366538077652969e-22,9.974304613824796e-31,9.999999999980041e-31,9.999995496418022e-31,6.053385117475935e-28,9.999999977242045e-31,9.999999999969901e-31,2.157517960807397e-31,2.961536382859495e-17,7.170426152648076e-19,2.097641506041395e-13,5.377437647795996e-19,1.0056271670982892e-30,3.6699204872458666e-24,5.106766407754187e-19,1.7455528573491742e-14,1.0000005503658924e-30,1.0000252624765788e-30,1.2656410762469547e-22,1.90693792637684e-16,4.479909039786799e-19,9.035866315267413e-17,7.812605768212265e-18,4.465193026745659e-30,1.3324904853017166e-19,1.7939834596744932e-20,2.7841690339340565e-23,1.3205728389744716e-19,2.698595500587282e-22,0.00014999999966930873,1.0190717329833988e-20,1.499999998715718e-07,2.7849999836595424e-08,2.428874890132534e-22,3.8640795724282423e-13,1.6551160296205853e-12,6.192583802912999e-16,0.49999999999848954,6.57260355856447e-18,8.41756488182934e-19,8.745544252258183e-19,2.816384150599579e-19,1.5954115911316082e-19,9.592532992865468e-19,2.2491022179372218e-18,8.647055758995376e-24,1.8612641726776864e-15,1.1661764836124429e-30,0.00010750000009783377,5.196952993288202e-19,8.749999936960507e-06,1.7964554934636047e-18,9.999999987209924e-31,3.2685703307017e-25,2.2929967078878526e-30,1.1299430315920702e-14,1.5481403150573586e-13,4.157811659177764e-14,1.8087003749547455e-30,4.9999999991401475e-09,1.3148575126361653e-22,1.2949999863438274e-07,1.7663811019039205e-21,1.1530177591077326e-15,1.0425335961083206e-17,1.7435325942098835e-14,1.7163096496534664e-17,1.0008191888020955e-30,4.808019811959057e-16,1.5296241839078864e-16,0.08499999999999827,1.842706720731026e-15,9.683636194818043e-20,1.4929609559520688e-17,2.0782346439126336e-29,2.4382156485731225e-28,8.052561374833101e-21,4.2580669428678713e-29,7.859461308979802e-14,1.8498257015554863e-16,2.5710035143849422e-14,7.628887105134468e-18,1.0783670819818955e-30,2.1468583585502266e-18,9.057037005891947e-16,4.999999979379149e-09,2.0620848278279166e-17,9.822941268148801e-16,7.383432571482926e-20,1.999999999599314e-05,2.3583507057421082e-20,1.7872049628151505e-15,6.1085910670390764e-24,1.5808462287572925e-16,6.157487923322783e-20,6.032940499356586e-17,7.024485188147677e-19,1.0000077288647279e-30,3.1249999957742873e-07,2.881119632571394e-17,3.635686591916941e-15,1.577905224571783e-18,7.464607131698583e-20,1.0002751815219354e-30,9.785902990972308e-20,1.0162337600190156e-27,9.5814715328865e-16,1.3705498523619515e-20,9.771914001592326e-17,1.2586279338921358e-19,1.5387221609533232e-19,3.0542509447983492e-30,5.49319854056837e-21,1.78500909153448e-16,2.3388138616014187e-26,5.975864231680804e-17,9.057295104310461e-16,3.4912072898666947e-20,4.1744676188408753e-16,6.68657043203057e-17,5.130155761534623e-20,8.119267188346259e-17,9.024913769239479e-15,3.6893578303792396e-16,1.0192610595495488e-30,1.717588403971037e-18,1.0011743529378938e-30,1.0000445471880966e-30,9.99999998782177e-31,9.999988934421839e-31,3.792803465301312e-27,3.95506950336266e-23,1.0002626765720923e-30,1.383218165765134e-20,1.000466438761868e-30,1.2953445905650972e-27,2.9679168104570733e-30,5.070885219161607e-44,3.4394357382026776e-32,1.3549999940360277e-05,6.699745583729542e-20,5.082610575878451e-14,4.7649999887770857e-07,9.550374347232384e-18,5.307125557340611e-16,1.5299999959668695e-06,6.82173553934009e-16,1.8599999953584346e-06,2.4495977452120584e-18
106014.67135416294,0.003361703175867673,100159022007031.25,867771205.6184461,1997.776696872872,1.0,1.0,46.478671273051326,4.582360650394348e-15,8.791952931220038e-17,1.5629967821425067e-23,7.895692825661952e-33,4.188995952428218e-27,3.3383274568546687e-28,1.3317819086589487e-21,5.517122549133503e-24,9.999999979642375e-31,2.185182043675389e-30,1.0000322087249111e-30,2.2558464746317026e-27,5.861097110562811e-22,3.8010374524576515e-25,8.840620502746782e-22,9.952006671695364e-31,9.999999999961882e-31,1.0000001227856172e-30,2.1533768552480294e-27,9.99999995752839e-31,9.999999999930782e-31,5.776576441063639e-32,2.967477203340878e-17,7.180462954792936e-19,3.962130740770065e-13,5.384964653187013e-19,1.0359105892884887e-30,4.537695353237669e-23,8.977117030134035e-19,3.004368568070384e-14,1.0000019251529597e-30,1.0003275483416773e-30,1.5709986196000316e-21,6.551064781616071e-16,2.9949284165479083e-18,3.0890046133971105e-16,2.7913434326526634e-17,1.4593354104040227e-29,2.3788754997164386e-19,2.7404563274034603e-20,2.788898601469935e-23,1.396037969246137e-19,2.7031795447794607e-22,0.00014999999939327853,1.0205826022101643e-20,1.4999999973798192e-07,2.784999958137224e-08,2.4333176675951017e-22,7.227453231309168e-13,3.1186066600161772e-12,6.200219088004829e-16,0.49999999999716255,6.582325839038454e-18,8.428159751008795e-19,1.6544172696512432e-18,9.029191104126038e-19,1.608821497013735e-19,1.4909078425375309e-18,4.260981255655806e-18,5.2614587988918004e-23,6.393871209279179e-15,1.7706922871482624e-30,0.00010750000024786775,5.204854945759124e-19,8.749999847696999e-06,1.800556781054836e-18,9.99999997598243e-31,1.667459111141309e-24,3.05508231909841e-29,1.1314723207277404e-14,2.2679474647158284e-13,1.1015886613811313e-13,2.031046584175018e-30,4.999999999129576e-09,1.316049172633516e-22,1.2949999603396907e-07,1.7688025068943382e-21,3.2181436891474236e-15,2.2050777099684282e-17,1.7536570507152216e-14,1.7185151151142644e-17,1.0053169167128932e-30,9.094253234885403e-16,4.0038161846112097e-16,0.0849999999999975,1.8453595474532684e-15,9.697960354884124e-20,7.964995001068492e-17,1.8050569825616018e-28,6.00372621497314e-28,8.113497943299606e-21,1.856657987590164e-28,1.493504695951157e-13,1.8797962627431454e-16,4.7589106590249e-14,7.654089514976043e-18,2.4022500082406007e-30,4.1639706922360535e-18,1.784897146189144e-15,4.999999947206931e-09,5.279302133292923e-17,1.0507459419214471e-15,7.394225253484413e-20,1.9999999993969466e-05,2.361745797190944e-20,1.7894425994564217e-15,1.1752103582229551e-23,1.7051838477554008e-16,6.16635424319288e-20,6.746093777021854e-17,7.033236767937066e-19,1.0000584917296575e-30,3.1249999724106686e-07,2.8931261145705554e-17,9.929462968401248e-15,3.685009874187831e-18,1.4366432801743177e-19,1.0036468297263243e-30,2.2870942969120774e-19,3.521589367127141e-27,9.612483964440636e-16,1.3728769098633812e-20,2.488342345866957e-16,2.19047643482122e-19,7.06740737459445e-19,7.788054523167236e-30,1.0304309991693968e-20,7.059402748999795e-16,1.7939197554513365e-25,1.1188118551377307e-16,9.305123177685379e-16,3.49746252774663e-20,4.238947761510912e-16,6.714880224422387e-17,1.883887382550188e-19,2.637760247990293e-16,1.6067930565285256e-14,5.915430619657386e-16,1.065448033937186e-30,3.315026740162148e-18,1.0265390017723232e-30,1.0004578342799936e-30,9.999999977160905e-31,9.999961318239608e-31,4.5056379865290256e-26,1.4402846207523887e-22,1.0073291230077152e-30,4.5179101892629396e-20,1.00046645764789e-30,9.795066924598672e-27,3.0246902228644396e-30,5.088237574052313e-44,1.6608927033443435e-32,1.3549999836894893e-05,6.709741679631943e-20,1.473628860845324e-13,4.764999984575215e-07,1.849982249323161e-17,6.031734043602902e-16,1.529999991852281e-06,1.1749724999986694e-15,1.8599999913290128e-06,2.453283557695174e-18
198292.34323400553,0.006287808955923565,100297438514851.02,865377705.256642,1995.8463605775507,1.0,1.0,46.41452790647108,4.615798085496034e-15,8.834782733383916e-17,2.9302875127084414e-23,8.0140269079379e-33,8.294063662041008e-27,5.34100664768172e-28,8.789478312929098e-21,1.2454418556578937e-23,9.999999914780939e-31,2.0051512895516698e-29,1.000169339400457e-30,1.5601914607039322e-26,7.065158533399343e-22,7.212291972282306e-25,1.7634909106278378e-21,9.910468836278484e-31,9.999999999927484e-31,1.000024445444073e-30,7.5854940545367e-27,9.999999923136454e-31,9.999999999855791e-31,6.27650092104218e-33,2.978611711413881e-17,7.199251771571205e-19,7.446864801023782e-13,5.399055151845169e-19,1.2049104171293129e-30,5.139694279535404e-22,1.4173592891068593e-18,4.676018139638937e-14,1.0000067325542101e-30,1.0038918415215065e-30,1.792807961927692e-20,2.065028350795164e-15,1.8343474961208556e-17,9.644642537121569e-16,8.977351733036221e-17,4.3104773166505946e-29,3.7738752943459535e-19,4.5114491538849884e-20,2.797756840028581e-23,1.5366254784697174e-19,2.7117651850531556e-22,0.00014999999887755963,1.0234115971761785e-20,1.4999999941095854e-07,2.7849999001397943e-08,2.441643134791969e-22,1.3518322882533911e-12,5.8561064392094186e-12,6.214508016984956e-16,0.4999999999946984,6.600529907874558e-18,8.446253888381169e-19,3.1187015179881705e-18,2.5594584105855942e-18,1.6131199794619584e-19,1.992693357904951e-18,8.135418017474472e-18,2.931602778526907e-22,2.0154071771752844e-14,4.746107983170929e-30,0.00010750000061315896,5.219650097275413e-19,8.74999964513693e-06,1.808243938166839e-18,9.99999995498176e-31,8.111929134752428e-24,6.1035893896323255e-28,1.1343352087542442e-14,2.764780911116458e-13,2.6775336516326294e-13,2.3198370457720997e-30,4.999999999110084e-09,1.318278703365948e-22,1.2949998921130296e-07,1.7733351709286157e-21,8.298201464873187e-15,4.380764137165458e-17,1.757540057306208e-14,1.7224606145379574e-17,1.0312322593549481e-30,1.7139113972856608e-15,9.659725860937313e-16,0.08499999999999798,1.850326290422039e-15,9.724781016614288e-20,4.012258039992383e-16,1.468990362286175e-27,1.3213307194067908e-27,8.136224221604563e-21,7.564669706063108e-28,2.816605454669429e-13,1.8850015079817206e-16,8.857554034107566e-14,7.701414065846384e-18,2.5294485160438243e-29,7.733010550682536e-18,3.430079426623936e-15,4.999999865770794e-09,1.342291852675266e-16,1.0678454092846215e-15,7.414432679283192e-20,1.9999999990184574e-05,2.3681022415827185e-20,1.793593356498827e-15,2.310606811722302e-23,1.727255378606643e-16,6.182954178348195e-20,7.319312978526676e-17,7.049617260340514e-19,1.0003635782573772e-30,3.1249998555278024e-07,2.9127915751988644e-17,2.915938323976485e-14,7.738748107056888e-18,2.727197925174941e-19,1.0347197534781627e-30,4.798673815653747e-19,1.0946380919675054e-26,9.670583405908413e-16,1.3772353609392806e-20,6.664878859003367e-16,3.480312804710959e-19,3.386458044831555e-18,2.0912103981202465e-29,1.9270422102155888e-20,2.395745713146498e-15,1.1164736848190627e-24,1.8111622270622262e-16,9.766195306776236e-16,3.5091798434792757e-20,4.3559056521433996e-16,6.768116418210404e-17,6.653078210166999e-19,8.196076175888596e-16,2.7429656119914316e-14,8.273588678721603e-16,1.2162629911761382e-30,6.3088152677938375e-18,1.5697757339184182e-30,1.0037287238669478e-30,9.999999957220243e-31,9.99986487787114e-31,4.817941678129061e-25,3.809692121743141e-22,1.1631435886066452e-30,1.320444694773427e-19,1.0004667436742601e-30,5.720858017120443e-26,3.3936259254396995e-30,5.169733949799198e-44,1.112644251238075e-31,1.3549999595905154e-05,6.728456167883464e-20,3.7604033106131767e-13,4.764999991401929e-07,3.524511048585478e-17,6.155083275518015e-16,1.529999983138843e-06,1.8748780487812495e-15,1.8599999835187804e-06,2.4601847065071805e-18
370890.67845974746,0.011760866262675909,100556336017689.62,860927350.0028322,1992.247943941402,1.0,1.0,46.295026681125066,4.678937253376185e-15,8.915338181483088e-17,5.466039268810304e-23,8.426787682646859e-33,1.5519093377279131e-26,7.675430571605551e-28,5.745367853870845e-20,2.181024746658406e-23,9.999999680054227e-31,3.774164785032447e-28,1.0007088969656738e-30,1.0663641814293893e-25,7.464339432555319e-22,1.3581031511823917e-24,3.446827646167279e-21,9.833360992581671e-31,9.99999999984663e-31,1.0003151552062964e-30,2.6521151313905444e-26,9.999999915239147e-31,9.999999999699484e-31,1.686447118271192e-33,2.9995141787587864e-17,7.234451375361683e-19,1.395495157133764e-12,5.425452770613231e-19,2.0390176650568595e-30,5.242965394077384e-21,1.9533133181271886e-18,6.348252669242051e-14,1.000023517495696e-30,1.0421252947946322e-30,1.8556655709091934e-19,5.854562177924032e-15,1.0151917797232016e-16,2.6830362781287846e-15,2.5722049530830427e-16,1.1165283583985048e-28,5.183373408253384e-19,7.825026919149007e-20,2.814367855293805e-23,1.7977286490782472e-19,2.727864945142955e-22,0.00014999999791415246,1.0287136228036732e-20,1.4999999857829656e-07,2.7849997848436885e-08,2.457272045254308e-22,2.5284514085328335e-12,1.0974862129208989e-11,6.241269774417914e-16,0.49999999998939,6.634646701301685e-18,8.480124406710984e-19,5.877265438319228e-18,6.33358458355724e-18,1.6209941446373166e-19,2.270288287512725e-18,1.648111727425873e-17,1.4648705400039802e-21,5.713637191667765e-14,1.9871344176762308e-29,0.00010750000137214655,5.247381459520664e-19,8.749999232649547e-06,1.8226831299378794e-18,9.999999915684722e-31,3.641422942381318e-23,1.112530462185522e-26,1.1396986587485017e-14,2.9333298868747344e-13,5.818642240294761e-13,3.163105795085748e-30,4.999999999066443e-09,1.3224525204183896e-22,1.2949997265044575e-07,1.7818279012408082e-21,1.9588310411961662e-14,8.447184188958585e-17,1.764701268680134e-14,1.7298493121496027e-17,1.1658582817587366e-30,3.2284103961376493e-15,2.09340751591394e-15,0.08499999999987697,1.859633476789779e-15,9.775046426174796e-20,1.862727960946379e-15,1.1316267391495314e-26,2.8036969003489232e-27,8.178124068843216e-21,2.8956560485740687e-27,5.290192984208485e-13,1.8936496367971733e-16,1.6561464071149547e-13,7.790595254693623e-18,3.923263315689643e-28,1.3759723742590223e-17,6.507703378457814e-15,4.999999668456299e-09,3.315365628872419e-16,1.0895253042511318e-15,7.452302446823147e-20,1.9999999983075697e-05,2.3800135901262666e-20,1.801366952843767e-15,4.708822438170095e-23,1.7486365401445623e-16,6.214060846781096e-20,8.317650935768536e-17,7.080296748003758e-19,1.0020077908367393e-30,3.1249993826702143e-07,2.943058157411744e-17,9.056402380181464e-14,1.5406403164742123e-17,5.139679896786963e-19,1.324705400730232e-30,9.525471400249137e-19,3.1255008863883627e-26,9.779666387081363e-16,1.3854083325612014e-20,1.81840890264076e-15,4.870413710318366e-19,1.6624683146969222e-17,5.73207562408916e-29,3.592669354597791e-20,7.0538560927531e-15,5.5830076015339054e-24,2.5035189220896793e-16,1.0619722511534158e-15,3.531157696596706e-20,4.564648012118937e-16,6.868705646224102e-17,2.264884242377802e-18,2.3606318882874653e-15,4.361088871731616e-14,9.86238891166064e-16,1.682416570094473e-30,1.1929091381094428e-17,1.2354248073329984e-29,1.0228878098692014e-30,9.999999919906482e-31,9.999528626919898e-31,4.556355681519523e-24,7.2403612294390845e-22,3.721920959407086e-30,3.386140688401076e-19,1.0004721002108165e-30,2.471210978160146e-25,7.093921202022631e-30,5.886432995956124e-44,5.305579822965277e-31,1.3549999114890483e-05,6.763530824986056e-20,8.352703674042011e-13,4.765000045245513e-07,6.658659231074687e-17,6.185331851116499e-16,1.529999964237068e-06,2.6651982800642037e-15,1.8599999681257061e-06,2.4731193191894167e-18
693722.6779654165,0.021997801812703464,101040584016948.12,852694948.6197718,1985.5594835021861,1.0,1.0,46.07315272558466,4.799149875287211e-15,9.067579721483139e-17,1.0134157239850814e-22,1.0440777340485192e-32,2.810798227003535e-26,9.998239006368538e-28,3.7198403014450174e-19,3.0640161364911777e-23,9.999998969140389e-31,7.120864933948461e-27,1.0022938377091254e-30,7.152750684023284e-25,7.561674790546467e-22,2.545218365524959e-24,6.610986505604317e-21,9.691155816899941e-31,9.999999999479214e-31,1.0025352355324564e-30,9.200092821751178e-26,1.0000001164617014e-30,9.999999999192489e-31,1.6215273378918866e-33,3.038870648854586e-17,7.300487016097024e-19,2.6091667130425202e-12,5.474975589001376e-19,5.76406441297292e-30,4.677622483936206e-20,2.3278817120455046e-18,7.379162940016708e-14,1.0000819864455309e-30,1.4069665586560728e-30,1.7036400164893223e-18,1.4600705107844318e-14,4.940904402937682e-16,6.4422633379669974e-15,6.458380470691705e-16,2.495612155963799e-28,6.084440252317921e-19,1.4025271856476267e-19,2.8455857868078377e-23,2.2796847896078454e-19,2.758121893858386e-22,0.0001499999961137554,1.0386677680978168e-20,1.4999999647673183e-07,2.7849995769467212e-08,2.4867040545444004e-22,4.7289637710328166e-12,2.0541759246371605e-11,6.291449312203425e-16,0.4999999999690359,6.6986956115319315e-18,8.543617901312993e-19,1.110666855802999e-17,1.3951588035638815e-17,1.635765448330042e-19,2.3463020183830458e-18,4.16906955224266e-17,6.4246768859859705e-21,1.4248210493873167e-13,9.570378213660123e-29,0.00010750000281719969,5.299454338925694e-19,8.74999845940125e-06,1.849917424768202e-18,9.999999841964615e-31,1.5102343215700218e-22,1.770456282516003e-25,1.1497607782172201e-14,2.9743401130068653e-13,1.1486927205396444e-12,5.993393797264552e-30,4.999999998880229e-09,1.3302720995557276e-22,1.2949993390998564e-07,1.797764489253628e-21,4.339511473981784e-14,1.6042401969999565e-16,1.7781002794364646e-14,1.7437007450872922e-17,1.8090413111140052e-30,6.095655513958231e-15,4.134469685573006e-15,0.08499999999787329,1.877102268090974e-15,9.869411821644442e-20,8.014078819347255e-15,8.519758395427394e-26,6.062872178282045e-27,8.256777328664108e-21,1.0675307535347257e-26,9.912721273933749e-13,1.9098696744605222e-16,3.1102887803871714e-13,7.959747083205503e-18,5.7997655673996685e-27,2.3125645119136277e-17,1.226539549897491e-14,4.999999235161098e-09,7.647138999861242e-16,1.1310613944159832e-15,7.523391439461156e-20,1.999999996935816e-05,2.4023701664780218e-20,1.815941416270056e-15,1.0124948068616271e-22,1.78897621144371e-16,6.272445494545042e-20,1.0179988034823648e-16,7.137823756698296e-19,1.010298036981302e-30,3.1249976556208436e-07,2.9887223099846145e-17,2.896702867889428e-13,3.002058454261749e-17,9.646650522035725e-19,3.982240468749629e-30,1.8449694059705562e-18,8.12200497155624e-26,9.98554798218923e-16,1.4007681640787742e-20,4.7979670800473836e-15,5.842569473155057e-19,7.955368185088525e-17,1.5255498572485476e-28,6.668406782091515e-20,1.792257166494363e-14,2.1517689994809504e-23,2.9297107373054774e-16,1.2185460876030613e-15,3.5724810291954813e-20,4.932121166751376e-16,7.060448951989662e-17,7.370124374885063e-18,6.0931473130513555e-15,6.208695922071206e-14,1.0410254848000002e-15,3.0034593840825224e-30,2.2513377244975956e-17,2.0425454699165353e-28,1.1032497916016771e-30,9.999999849898056e-31,9.998359753794982e-31,3.7736808176356626e-23,1.093560226295354e-21,3.5756865826128416e-29,7.627414669142228e-19,1.0005431548755475e-30,8.283507499199857e-25,3.362364830341018e-29,1.0942742596601824e-43,1.8581797140994628e-30,1.3549998253078639e-05,6.829382457981971e-20,1.6585032910148053e-12,4.765000241671017e-07,1.2527832692649641e-16,6.237069720908468e-16,1.529999922898067e-06,3.2645522073408522e-15,1.8599999374617573e-06,2.4974053827780963e-18
1297555.2686362239,0.041145207655892434,101946332902954.33,837610608.0507945,1973.1943795598331,1.0,1.0,45.66381277614561,5.031579805803142e-15,9.357889397806379e-17,1.8610709824667157e-22,2.2234260503411436e-32,5.239465954560442e-26,1.285039596077162e-27,2.3759423052099527e-18,3.994589245665511e-23,1.0000000379470607e-30,1.1344857181372006e-25,1.0059820629675893e-30,4.711615405572964e-24,7.691682581521223e-22,4.751272111723135e-24,1.2537449223944784e-20,9.432061810062134e-31,9.99999999804901e-31,1.0159606084276336e-30,3.1559778580599434e-25,1.0000031155975416e-30,9.999999997503947e-31,1.57820492202379e-33,3.113392327684161e-17,7.424690021042521e-19,4.866347419337758e-12,5.568120468731571e-19,2.2512437670668563e-29,3.5709951760708056e-19,2.5747360100471517e-18,7.723539607237082e-14,1.000285740831321e-30,4.432420979838351e-30,1.3747128888694875e-17,3.219108616813436e-14,2.069874953728972e-15,1.319182529827473e-14,1.4371825958610753e-15,5.041287484695925e-28,6.453243756606614e-19,2.562801061011831e-19,2.9044961331279664e-23,3.159183423821746e-19,2.8152184553250765e-22,0.00014999999275100483,1.0574161005596402e-20,1.4999999148575147e-07,2.7849992288668182e-08,2.5424575885356807e-22,8.843027904468415e-12,3.8405768308731036e-11,6.385738344771947e-16,0.49999999989499355,6.819320037090406e-18,8.662969406287596e-19,2.113634603666915e-17,2.90991622937695e-17,1.6635468924403827e-19,2.388291066236969e-18,1.6196073657715747e-16,2.500707882008454e-20,3.140946939755675e-13,4.503768415622627e-28,0.00010750000551610038,5.397564833097042e-19,8.74999709026895e-06,1.9016841046403685e-18,9.999999703325438e-31,5.954500445816468e-22,2.4588332524642054e-24,1.1686867164631716e-14,3.0216001305805717e-13,2.1127584742410233e-12,1.5538067210799968e-29,4.999999998171646e-09,1.344942781423876e-22,1.294998437232089e-07,1.8277532059727658e-21,9.146918888062083e-14,3.021131487462674e-16,1.803243106910201e-14,1.7697196047627715e-17,4.815855938203968e-30,1.1581357022963537e-14,7.616654913765706e-15,0.08499999998800274,1.9099875573688418e-15,1.0047131810564077e-19,3.2464869875784354e-14,6.434302531452023e-25,1.3957597895253197e-26,8.404883241488744e-21,3.8634731270710776e-26,1.8544171629543597e-12,1.940368640797592e-16,5.876770305461599e-13,8.284479183797837e-18,8.043551195084083e-26,3.580357824215632e-17,2.3037342167181892e-14,4.999998378153583e-09,1.6211407953711228e-15,1.2127595648285571e-15,7.657255224368053e-20,1.9999999942251823e-05,2.4444567773871548e-20,1.843322398978524e-15,2.332197018593597e-22,1.8664643715002066e-16,6.382355901716173e-20,1.365399113997584e-16,7.245924261490418e-19,1.0519817133112634e-30,3.124991770585916e-07,3.0639140990769e-17,9.27528923377782e-13,5.833373004983383e-17,1.8054620455176458e-18,2.6449520194094873e-29,3.543594691866388e-18,1.9148272480930263e-25,1.037865522746246e-15,1.42975302261158e-20,1.1591151386640461e-14,6.21525196926032e-19,3.4609707800543953e-16,3.7449961728931884e-28,1.2284636520444504e-19,3.986721425727009e-14,6.269724868934957e-23,3.070617901921263e-16,1.5009476701410782e-15,3.650528523241104e-20,5.58333364412504e-16,7.431999745684451e-17,2.2494687481290013e-17,1.3913650623933902e-14,7.685325039206048e-14,1.0629793493504307e-15,6.344138505267631e-30,4.2561306444252506e-17,3.1446644517987767e-27,1.3602770210021697e-30,9.99999971820859e-31,9.99431958332004e-31,2.7896882970445295e-22,1.3959978060957644e-21,3.611975379140302e-28,1.5679331064957055e-18,1.0012836554296098e-30,2.3007516453325426e-24,1.8276573849131866e-28,3.967628233753562e-43,5.262559935343946e-30,1.354999681062482e-05,6.95341773177595e-20,3.031401910958754e-12,4.7650007716466117e-07,2.3528505455031337e-16,6.334298723064797e-16,1.529999831409999e-06,3.5212448885926527e-15,1.859999876804664e-06,2.5431555553330064e-18
2426977.996601628,0.07695896742141134,103640466994902.44,810450815.0866426,1950.5605788973032,1.0,1.0,44.917380188224044,5.494061680481694e-15,9.920753543185288e-17,3.361813990340449e-22,9.570612708512048e-32,1.0518381960007648e-25,1.8121615687547767e-27,1.483191513989038e-17,5.629679604696396e-23,1.0000108039994702e-30,1.5697059999323885e-24,1.0143728507377968e-30,3.05014903282685e-23,7.9402433364697675e-22,8.827495903723756e-24,2.3638958034227498e-20,8.970493725390418e-31,9.999999993582707e-31,1.1067026118331858e-30,1.0625816101799741e-24,1.0000665807628648e-30,9.999999992553881e-31,1.500964333825789e-33,3.2559885318673485e-17,7.65939425017606e-19,9.043567919592296e-12,5.744134665095802e-19,1.1649612355738645e-28,2.335665757085859e-18,3.0210656329463716e-18,7.934973178450414e-14,1.0010161339643958e-30,2.611498929670618e-29,9.955740168694044e-17,6.529931555879526e-14,7.455319559526561e-15,2.3395400177827185e-14,2.9899168223558795e-15,9.983967482786226e-28,6.7864430658902e-19,4.734553395564131e-19,3.0165062743277545e-23,4.729910054216097e-19,2.9237790985092864e-22,0.00014999998648717068,1.0929379597144845e-20,1.4999998050301687e-07,2.7849987286823988e-08,2.649241734177596e-22,1.6524957701825343e-11,7.170745120471554e-11,6.563605280843867e-16,0.4999999996706918,7.047827963042805e-18,8.88836530230021e-19,4.079605839184344e-17,6.217482526512416e-17,1.7160425954509816e-19,2.4635114178486896e-18,8.880404171508827e-16,9.115501926653523e-20,6.369617026961562e-13,1.934891794303522e-27,0.00010750001054407349,5.5835662097547485e-19,8.74999480990435e-06,2.001468831649936e-18,9.999999442185598e-31,2.3033348661547633e-21,3.027245839700301e-23,1.2044545438135965e-14,3.108456735998444e-13,3.638153469727884e-12,4.941119080094411e-29,4.999999995986838e-09,1.3725402186693587e-22,1.2949963291050695e-07,1.8844764113532183e-21,1.7863052013751729e-13,5.65840993937273e-16,1.850611010739009e-14,1.8187727214032337e-17,1.9703541419617908e-29,2.228525267930924e-14,1.3112799436967587e-14,0.0849999999549362,1.9722354235870246e-15,1.0383800158198427e-19,1.2283100100723314e-13,4.93535961532521e-24,3.535235189364937e-26,8.685369193681198e-21,1.3907024422588634e-25,3.4636230703272433e-12,1.9979751782003285e-16,1.1218820507284127e-12,8.922012569139424e-18,1.0708442853375342e-24,5.0061342473573775e-17,4.3184321759755614e-14,4.9999967700348446e-09,3.2273144492613398e-15,1.3806040536106959e-15,7.910775908252143e-20,1.9999999888095643e-05,2.5241215780747965e-20,1.8949563155120435e-15,5.759050869336891e-22,2.0187983969524828e-16,6.590404177226854e-20,2.0154316410724697e-16,7.449863315179827e-19,1.2775891993730707e-30,3.1249731246826153e-07,3.202884164520284e-17,2.884356064472488e-12,1.1488927300904044e-16,3.3684938484430507e-18,1.926969438565627e-28,6.826077339108198e-18,4.263102613447892e-25,1.1146287185026138e-15,1.4848632062173256e-20,2.4925885047467824e-14,6.404199989160058e-19,1.2745438163187765e-15,8.294937273559825e-28,2.232762519542817e-19,8.130041251874363e-14,1.4840741087483628e-22,3.154874968698002e-16,1.9944869230551916e-15,3.7991637651073776e-20,6.781531043740643e-16,8.174280045837638e-17,6.289834656563549e-17,2.889427953016818e-14,8.541487730102662e-14,1.0983698700263126e-15,1.4136995721277876e-29,8.093076182252585e-17,4.1830852958181594e-26,2.091222357609238e-30,9.999999470092378e-31,9.98050735385481e-31,1.905475464314284e-21,1.5944150399179932e-21,3.1526273209189234e-27,3.0706623458509642e-18,1.0077087540257678e-30,5.5170260181586446e-24,8.80142502061873e-28,1.780852368273262e-42,1.2728992470533953e-29,1.3549994597528128e-05,7.188442412776897e-20,5.114100361704001e-12,4.76500193244639e-07,4.4174189205050095e-16,6.517851102395239e-16,1.529999621579619e-06,3.645059966127951e-15,1.859999759464499e-06,2.629865089770216e-18
4539476.921225314,0.1439458688871548,106809215381837.97,763076249.123201,1909.87035796958,1.0,1.0,43.58479970340375,6.464618243555608e-15,1.1045941195210267e-16,5.8990769928693795e-22,5.570998104391035e-31,2.3592453323002764e-25,2.9420266363102888e-27,8.893560445360344e-17,9.084354951090134e-23,1.0002953619312482e-30,1.9928273624823087e-23,1.0384163190902338e-30,1.9300906886666851e-22,8.425330022926185e-22,1.627862267268839e-23,4.4411897657157463e-20,8.181475977171047e-31,9.999999734328904e-31,2.071533735557388e-30,3.462856668835023e-24,1.0013045709104639e-30,9.999999732349016e-31,1.3689249895966238e-33,3.5340885693017546e-17,8.106649802576749e-19,1.6705357746881697e-11,6.079549572372481e-19,8.941486803791433e-28,1.3150465133147314e-17,4.293316213083945e-18,8.309029388739302e-14,1.0044886895811178e-30,1.6158054381897773e-28,6.663874583620063e-16,1.2646910629904582e-13,2.319600647500005e-14,3.6258518473035794e-14,6.239925575277041e-15,2.0354214510854054e-27,7.415311017071769e-19,8.803072040290857e-19,3.232422625308583e-23,7.421828946979291e-19,3.133043891804916e-22,0.00014999997118484793,1.1609704735067996e-20,1.499999535163383e-07,2.7849983042576233e-08,2.8580046273176197e-22,3.079816745618862e-11,1.3362421542493169e-10,6.901530068641389e-16,0.4999999867184603,7.485342188814629e-18,9.317528975492818e-19,8.09274608848172e-17,1.480223412855052e-16,1.81607135969534e-19,2.60686855023761e-18,5.448180955243077e-15,3.2622647037470307e-19,1.232971128824748e-12,7.510057100126779e-27,0.00010750001722396994,5.9402012697851455e-19,8.749991057593288e-06,2.198731376478144e-18,9.999998702710766e-31,8.958555723279966e-21,3.3076706912982613e-22,1.2726387003593924e-14,3.273521231481176e-13,5.791511171793654e-12,1.8144072858609087e-28,4.999999866568444e-09,1.4247112932918996e-22,1.294991403137442e-07,1.992781316664917e-21,3.0981421187758893e-13,1.054720134792493e-15,1.94040735727861e-14,1.9118645397765973e-17,1.0306974232810127e-28,4.3952291569891e-14,2.073313665583311e-14,0.08499999776246957,2.091244802891851e-15,1.1028404456412786e-19,4.1919186436351177e-13,3.76796063343357e-23,1.0019490615536948e-25,9.222107800259316e-21,5.033138316405434e-25,6.454466376550479e-12,2.10767591074074e-16,2.182864747680236e-12,1.0226376753953825e-17,1.392152592541873e-23,6.523310009179613e-17,8.080196940162341e-14,4.999993667010107e-09,6.201370565441395e-15,1.7544620348328997e-15,8.395945617017937e-20,1.9999999285456367e-05,2.676429562487731e-20,1.9929903032873353e-15,1.4869302135027367e-21,2.331478295381452e-16,6.988168182516309e-20,3.2531255079628324e-16,7.837382075412912e-19,2.6840803453885578e-30,3.124919636641396e-07,3.472679628504043e-17,8.397707234435412e-12,2.3448924531878557e-16,6.24707898124233e-18,1.2554275945206378e-27,1.3350495677551253e-17,9.611390708421106e-25,1.2705763098711556e-15,1.591094034681341e-20,4.910391228262762e-14,6.718162397763985e-19,3.765859896238828e-15,1.724714866059479e-27,3.960650462388073e-19,1.5861301766367572e-13,3.2088398751206466e-22,3.3035347076266737e-16,2.808144275681607e-15,4.086527204444172e-20,9.0924593985048e-16,9.743277147501306e-17,1.598918833120521e-16,5.693650700088841e-14,9.465925360892114e-14,1.1661355256973312e-15,3.485255212629872e-29,1.557119049528275e-16,5.076878919669421e-25,4.26690603523599e-30,9.999998755058354e-31,9.934303853804479e-31,1.2266871605988461e-20,1.841739154766458e-21,2.4198618817668415e-26,5.8553293124499555e-18,1.0563965507817055e-30,1.2120086108598482e-23,3.726288549253954e-27,7.766208708178504e-42,2.806801140905598e-29,1.3549991291846926e-05,7.63862912553283e-20,7.829358629830484e-12,4.76500412059253e-07,8.297402431358213e-16,6.867089815220155e-16,1.5299990868537176e-06,3.8408710961516165e-15,1.8599994894500529e-06,2.7960308652624806e-18
8490744.764555741,0.26923975027130076,112736117146833.61,684950583.8843334,1839.0174268711783,1.0,1.0,41.29340602383759,8.711276486601466e-15,1.3423675480030379e-16,9.851531988060764e-22,3.399329233683619e-30,6.324746979618557e-25,5.64497197999401e-27,4.9717641316442e-16,1.717320059718713e-22,1.0069036968812631e-30,2.360844603115301e-22,1.1509804318714955e-30,1.1737296789982632e-21,9.400727095516396e-22,2.9629610221570507e-23,8.302035038362306e-20,6.930261429791644e-31,9.999999627037778e-31,1.7575886756292786e-29,1.067127526369584e-23,1.0225612677248577e-30,9.999999622811029e-31,1.1595340438301863e-33,4.0950413471032417e-17,8.971357617469486e-19,3.05361478647799e-11,6.728028310298909e-19,8.883006948345723e-27,6.28967736479819e-17,8.499139952337326e-18,9.020411773563764e-14,1.064022409332653e-30,9.022838365028393e-28,4.146293381984713e-15,2.3658186164764814e-13,6.191988208518906e-14,4.8997146520976523e-14,1.4159573859358991e-14,4.461681968783443e-27,8.687857799747935e-19,1.6448858150429165e-18,3.658911853744344e-23,1.16916363780828e-18,3.5463885784324684e-22,0.00014999994881525442,1.2937979294315665e-20,1.499999035600841e-07,2.785000033082066e-08,3.2820069210050357e-22,5.683682968812601e-11,2.483592660367305e-10,7.551718809929364e-16,0.49999998141162916,8.33904010690108e-18,1.0146784452199507e-18,1.6925674383080636e-16,4.078786945236287e-16,2.0094370532398942e-19,2.884087510934517e-18,3.288599096691751e-14,1.1686725327477133e-18,2.3039898417280098e-12,2.7301165852966645e-26,0.00010750003356961833,6.637886754280752e-19,8.749985766269313e-06,2.6067807610851255e-18,9.999997696669583e-31,3.5434705723627334e-20,3.09364770741783e-21,1.404627374978446e-14,3.5917344254922475e-13,8.386770593886778e-12,7.9315607314817915e-28,4.999999813673036e-09,1.5242457970771798e-22,1.2949804104524228e-07,2.203075688189092e-21,4.684053529431673e-13,1.954417047868466e-15,2.1125042919857503e-14,2.090605512072509e-17,6.367029257302486e-28,9.091749071038962e-14,2.945491712932751e-14,0.08499999687765515,2.322841970188277e-15,1.2286186063197147e-19,1.2451231183417052e-12,2.7007992336951117e-22,3.2212767124708197e-25,1.0268331644719587e-20,1.8533751662317616e-24,1.1978070927628438e-11,2.319636109936438e-16,4.406369177555788e-12,1.3102739349639117e-17,1.764639767928811e-22,8.97977024377094e-17,1.505917199404118e-13,4.9999881563923315e-09,1.1659940450416808e-14,2.7207971827842105e-15,9.341815175583967e-20,1.9999998915098414e-05,2.972826534848596e-20,2.1813751481893272e-15,3.805294592295231e-21,3.0264096406949073e-16,7.762248552592284e-20,5.756579509819165e-16,8.583181959498982e-19,1.3151549903601274e-29,3.124787968875745e-07,4.0144263325972645e-17,2.1883311370617283e-11,5.157306948416526e-16,1.14154968639842e-17,7.274615020706338e-27,2.7012273802334303e-17,2.3793995183373066e-24,1.6101503210177401e-15,1.8009183405757847e-20,9.552807997203313e-14,7.319416011676169e-19,8.61775341771324e-15,3.695922522437253e-27,6.730573706103094e-19,3.024672451706967e-13,6.848305111044196e-22,3.586244083086443e-16,4.014138050765924e-15,4.657186374446464e-20,1.3788599873981824e-15,1.3420440893262183e-16,3.843744632919499e-16,1.0909333964593681e-13,1.1381398651416946e-13,1.2985667823992407e-15,1.315347276420353e-28,3.059844922756352e-16,5.949659771116039e-24,1.186396150786979e-29,9.999997794979773e-31,9.78652415833255e-31,7.407970072321996e-20,2.383911006703018e-21,1.7084953896231274e-25,1.0912825357157531e-17,1.396411832999524e-30,2.6220614396510114e-23,1.4475949477682069e-26,3.285926515424192e-41,6.082227168097268e-29,1.3549987763811062e-05,8.517747297856413e-20,1.0730888542456987e-11,4.765008723164309e-07,1.5586181180221386e-15,7.540838638757899e-16,1.5299979221696552e-06,4.218655928651729e-15,1.859999043179167e-06,3.1207838411225117e-18
15881289.388155142,0.5035923829323675,123821934082232.72,567793241.9210336,1722.1528206588368,1.0,1.0,37.59639431737082,1.4927115833503053e-14,1.8968072244817344e-16,1.5225095944867861e-21,2.0232374884857762e-29,2.2877576099366218e-24,1.335221564263989e-26,2.4750788080265357e-15,3.94591692304895e-22,1.1489253569925456e-30,2.5539085885933892e-21,2.1693497819588817e-30,6.603869202171483e-21,1.1463826562694843e-21,5.2760176546672495e-23,1.5313036308706603e-19,5.199441832741329e-31,9.999999502913179e-31,2.9772746282661845e-28,3.003806483986375e-23,1.3181281362568626e-30,9.999999488509747e-31,8.698664679473251e-34,5.292573497842427e-17,1.0681940022919516e-18,5.48216747032857e-11,8.010860959568891e-19,8.166010255036864e-26,2.5144821236349566e-16,2.5198723836343085e-17,1.0387866369831468e-13,3.776541726084817e-30,4.458243002995493e-27,2.320984282775233e-14,4.2104233147369977e-13,1.4103950556156267e-13,5.957098162042403e-14,3.748027439957546e-14,1.1202379935233938e-26,1.1418337594994109e-18,3.095207573957459e-18,4.537129718902699e-23,1.76442307520845e-18,4.39752090494022e-22,0.00014999990996891136,1.5618252737066656e-20,1.4999980520888754e-07,2.785013661341397e-08,4.2062770302479863e-22,1.0167658927982971e-10,4.604513863203639e-10,8.8300254766087e-16,0.49999997530209067,1.0059524636322323e-17,1.179076088750215e-18,3.926505958617329e-16,1.2150724431478865e-15,2.391870629975031e-19,3.4326400648544936e-18,1.8084097620026582e-13,4.223259771584192e-18,4.092582256334441e-12,9.813802795731231e-26,0.00010750006380123801,8.050456220695211e-19,8.74997714467599e-06,3.5209000743854675e-18,9.999995886915504e-31,1.4194028201587637e-19,2.2813913507852875e-20,1.6668795730187163e-14,4.2195704468462166e-13,1.1191826061766177e-11,4.475266672873687e-27,4.999999752807684e-09,1.71736483992947e-22,1.294957421420853e-07,2.623373907545073e-21,6.348271556101392e-13,3.589829798787494e-15,2.448556081789825e-14,2.4406335232350046e-17,4.124790784650157e-27,2.0650279744737062e-13,3.7941334449945094e-14,0.08499999587039443,2.7873521129677995e-15,1.48210332719609e-19,3.172811129468201e-12,1.7119262263826327e-21,1.2253055020661055e-24,1.2372713135816944e-20,7.06535949780252e-24,2.2047040162052874e-11,2.7394410367060255e-16,9.564745843683468e-12,2.0345545198282304e-17,2.1029226658892842e-21,1.5451752106511149e-16,2.776042440293538e-13,4.999978228196606e-09,2.1528885573701567e-14,5.991981147408563e-15,1.124525862521343e-19,1.9999998375776354e-05,3.567302072759783e-20,2.55082512472422e-15,8.958058657239571e-21,4.806087012798554e-16,9.314862191616538e-20,1.163983478701815e-15,1.0049993469335192e-18,1.0188432434768352e-28,3.1245276368270865e-07,5.162980414939219e-17,4.8511329905174685e-11,1.3202566730089266e-15,2.011308486393627e-17,3.81478214289802e-26,5.847028791932199e-17,7.298501950108584e-24,2.445336250652234e-15,2.2329539228060004e-20,1.9763973226537195e-13,8.493246783590085e-19,1.4731739494592232e-14,9.040997714459548e-27,1.0639362230460737e-18,5.688084015327429e-13,1.516422628793938e-21,4.1296547307368653e-16,5.505882382446834e-15,5.843439152120087e-20,2.4451205219131306e-15,2.379474154231741e-16,9.579733914383954e-16,2.0459052219326217e-13,1.5435922644548973e-13,1.5664579416486578e-15,1.0473486976338341e-27,6.235327754070815e-16,6.689732796566082e-23,4.4729253924623313e-29,9.999996071829117e-31,9.35653489272865e-31,4.059137670711689e-19,3.6756066240397645e-21,1.137998483355326e-24,1.9600295963161802e-17,3.641043676086387e-30,5.904905055570334e-23,5.365772865077457e-26,1.4231528047782645e-40,1.3707505775474023e-28,1.3549983717053095e-05,1.0291954091607407e-19,1.3591092016727087e-11,4.7650185002174397e-07,2.9192597269767435e-15,8.871729062720517e-16,1.5299955322926004e-06,4.967595441305126e-15,1.8599981775960853e-06,3.777153834687992e-18
29704738.468077827,0.9419310777548778,144557107702116.75,416587740.5202408,1545.2629094617482,1.0,1.0,32.20359298062348,3.8494237423531603e-14,3.424692092490477e-16,2.1353829447920524e-21,1.139426561355156e-28,1.3516418970306037e-23,4.230238313228539e-26,1.0327901485045085e-14,1.1878991869523015e-21,3.888897800316017e-30,2.3654063651795165e-20,1.7959040319604366e-29,3.2118503536707185e-20,1.6299725429146327e-21,9.139050041095102e-23,2.739575523986827e-19,3.401814174633832e-31,9.9999959268476e-31,4.8942063860672054e-27,7.424273924067694e-23,4.327676512964678e-30,9.999995693778965e-31,5.689153183210652e-34,8.073159228623853e-17,1.4167692059243976e-18,9.551798771500795e-11,1.062496181352472e-18,5.329967817622365e-25,8.41847445177757e-16,1.0763784538801657e-16,1.3041408499978307e-13,1.1946115935016077e-28,1.9780751310024255e-26,1.0803486513676528e-13,6.822122380812393e-13,2.7873416588524347e-13,7.103299839765397e-14,1.1183809404235853e-13,3.407549137957561e-26,1.781690089365377e-18,5.8932898243269106e-18,6.46944271098815e-23,2.5247012820565114e-18,6.27017405903418e-22,0.00014999979001347906,2.132203661118122e-20,1.4999957504079878e-07,2.7850756386987358e-08,6.502001751042561e-22,1.6940737712943067e-10,8.508733535853564e-10,1.14313268291683e-15,0.49999978757878016,1.3710336625834223e-17,1.51909155594886e-18,1.1199105791972324e-15,3.5251302468694695e-15,3.1709076918186596e-19,4.551116300779482e-18,8.261544092371448e-13,1.5679239868803832e-17,6.621787255749366e-12,3.588329527694111e-25,0.00010750007776960598,1.1071777855715964e-18,8.749954087906775e-06,5.862036099416624e-18,9.999988961815154e-31,5.779345182592367e-19,1.1676203239066733e-19,2.2099515601172078e-14,5.505115937272775e-13,1.4821666956616984e-11,3.2240500961678e-26,4.999997875645693e-09,2.1035973876574189e-22,1.2949126330097707e-07,3.503707224819806e-21,8.417205349987069e-13,6.504832471359747e-15,3.1248625467235133e-14,3.1476204127500735e-17,2.3493177806785712e-26,5.655634414027747e-13,4.824848538592548e-14,0.08499996401198831,3.7648078058239015e-15,2.0199896222033093e-19,7.0496790701187415e-12,9.940731172298602e-21,6.1450738870262626e-24,1.682196006997346e-20,2.88800529892673e-23,3.994805639722058e-11,3.6042827988947973e-16,2.389831854265422e-11,4.312099246699567e-17,2.2078993650381936e-20,3.9628282025441044e-16,4.991482084230669e-13,4.999958963575561e-09,3.891948278193944e-14,2.3611543484129686e-14,1.5274981289840582e-19,1.999999031820277e-05,4.818231544747717e-20,3.298884550408412e-15,1.802858601370488e-20,1.0508858930074949e-15,1.2582186430365753e-19,2.9234404305898387e-15,1.3035933504529273e-18,8.840559995732395e-28,3.1241506609308393e-07,7.81941914767652e-17,8.718972747550837e-11,4.590695604178326e-15,3.293166218997774e-17,1.755334634643844e-25,1.438869275773574e-16,3.487892037036028e-23,4.9695398745987505e-15,3.183436599041114e-20,4.3949293591759234e-13,1.0853661009883016e-18,1.8402425607263788e-14,2.647871723684881e-26,1.504670079605072e-18,1.0568454463802812e-12,3.637148754643683e-21,5.184089654496264e-16,7.019137386006579e-15,8.4957013245641e-20,5.645751295335527e-15,6.412803215078932e-16,2.8281244671098723e-15,3.7418336693773134e-13,2.4220108165579826e-13,2.140682899477136e-15,1.402027841213545e-26,1.3570797092281164e-15,6.846597414018684e-22,2.2985249517835023e-28,9.99998930938593e-31,8.320348774706404e-31,1.8843140644886777e-18,7.1269915004512e-21,7.038721544930532e-24,3.28205802161666e-17,1.734183283635947e-29,1.438657066397902e-22,1.9326230735152796e-25,6.639810104613866e-40,3.340631982830392e-28,1.3549972475663616e-05,1.4065885186251426e-19,1.7509049342080988e-11,4.7650382430202613e-07,5.434583222059262e-15,1.1601924483836735e-15,1.5299911435694348e-06,6.517522850437229e-15,1.8599957213231425e-06,5.176876432021965e-18
55560443.858859874,1.761810117290077,183340665788289.8,258980924.90644228,1308.4249976032197,1.0,1.0,25.391302245355195,1.870961433435444e-13,8.888735364020379e-16,2.925627136049699e-21,5.946055745618045e-28,1.6671710238969087e-22,2.0820098279619997e-25,3.398826922370475e-14,5.376600191258999e-21,4.8465451559650544e-29,1.7053541176482599e-19,3.4777855353923836e-28,1.262121298133798e-19,3.06750730395136e-21,1.5756887453760489e-22,4.71259139630284e-19,5.440882835260332e-31,1.0000006099057097e-30,6.395662353840107e-26,1.589515235965908e-22,2.554757187663939e-29,9.99999002959853e-31,9.064174764948817e-34,1.490114078904278e-16,2.1353374593285907e-18,1.581081125241783e-10,1.6013808069544334e-18,2.2728495293753833e-24,2.3945103614081158e-15,6.49999422584764e-16,1.8078053863899582e-13,3.4217509661841285e-27,8.070325068055297e-26,3.824787302282e-13,9.599205826657763e-13,4.91547230156477e-13,8.927242554823279e-14,3.20564257188801e-13,1.232656321186388e-25,3.442431590916558e-18,1.1296173905144848e-17,1.114396278367428e-22,4.419931348807149e-18,1.080010594012978e-21,0.00014999958453905979,3.4452927949983116e-20,1.499991851471597e-07,2.7852768271031214e-08,1.3717823136574552e-21,2.5765540956026463e-10,1.542571259952743e-09,1.6993651377248377e-15,0.4999994473768362,2.2052890536243573e-17,2.268618854169904e-18,4.780099427125417e-15,9.355933618552013e-15,4.776039874649808e-19,6.860455946048996e-18,2.8637298373083048e-12,6.49214280838841e-17,9.37596534076671e-12,1.2949710025965745e-24,0.00010750009272038962,1.806579530085187e-18,8.749881671363063e-06,1.3188419391450443e-17,9.999976183551452e-31,2.7138075146303834e-18,3.653390332765498e-19,3.4025795556541515e-14,8.281838029690861e-13,2.149480103576057e-11,3.0205613811264125e-25,4.999994472645702e-09,2.9176280106480247e-22,1.29483102696162e-07,5.4810992805387846e-21,1.2153297626160128e-12,1.1556303412295355e-14,4.548555403620001e-14,4.638388085188054e-17,1.0976161084085218e-25,2.2405557379148556e-12,6.948971765101645e-14,0.08499990626557948,5.967451116515385e-15,3.2491258644643744e-19,1.4193970581323546e-11,7.049395733523854e-20,4.96548252107507e-23,2.6923884826589193e-20,1.3620611175811794e-22,7.055428346901246e-11,5.488941729432136e-16,7.664491327872549e-11,1.4114992756527464e-16,2.0344209389835298e-19,1.8583101431879916e-15,8.648121122861156e-13,4.999926232233156e-09,6.825397773699514e-14,1.9643177466293215e-13,2.445463759494855e-19,1.9999975691563163e-05,7.637099861342417e-20,4.882529446066897e-15,3.0891279291569883e-20,3.1216710667596204e-15,1.9945688804233939e-19,9.945983980735198e-15,1.9419831935621528e-18,7.561601611286205e-27,3.1237799690514976e-07,1.4802654486614223e-16,1.2591611555888652e-10,2.704539206812242e-14,4.9156018006782373e-17,6.422232497136713e-25,4.2864274031695736e-16,3.7153048339111367e-22,1.5557975928733375e-14,5.482372265476236e-20,9.910301820964883e-13,1.5802821247835278e-18,1.8612145366495018e-14,9.086642438875125e-26,1.8443998250675713e-18,1.9292525894477962e-12,9.781088868512092e-21,7.185427056832563e-16,9.724168607334762e-15,1.5077744582446288e-19,2.355428213065818e-14,3.2232162976545085e-15,1.205511552958259e-14,6.75403627095847e-13,4.505953912989021e-13,3.4931114543242687e-15,2.55755725189809e-25,3.382138708091971e-15,5.967616840332884e-21,1.7434642396632822e-27,9.999976826966719e-31,6.482929650344912e-31,6.8854410237940844e-18,1.8350433388628275e-20,3.939545546827904e-23,5.012164565863601e-17,9.247706885056212e-29,3.9660681793027474e-22,6.811331210533415e-25,3.483291415672016e-39,9.209193522779485e-28,1.3549950571784945e-05,2.2723924913957075e-19,2.5234073438739433e-11,4.7650825675336735e-07,1.0275773418688742e-14,1.7516551651060695e-15,1.5299862623453032e-06,9.952871556129626e-15,1.8599901847702504e-06,8.401465020473099e-18
103921565.41323967,3.2953312218810145,255882348119859.5,132955017.34238565,1036.100221359505,1.0,1.0,18.192963653415124,1.5641283970282087e-12,3.596334736990374e-15,6.4675684583581825e-21,2.7871269566505566e-27,3.765289367103622e-21,1.6649113667943613e-24,8.341266176728936e-14,3.814481666326407e-20,6.334304041406026e-28,8.766197390647724e-19,9.471658355548829e-27,4.2268893074412903e-19,1.0053585726402603e-20,2.883266654534669e-22,8.165388791659264e-19,2.581812875210767e-29,1.0001885986720208e-30,6.003561635006735e-25,3.3339640002219465e-22,1.5593762725912716e-28,1.0000087377256154e-30,4.284441787069629e-32,2.1822504143066754e-16,3.4017003056597206e-18,2.304473849854798e-10,2.5511212055151323e-18,7.445433594397805e-24,5.847404265867077e-15,6.286140861091403e-15,2.565634683639384e-13,6.046556737212547e-26,2.691160852052356e-25,1.0106171016073817e-12,1.1509159888249507e-12,7.786701707043776e-13,1.1270362947919994e-13,7.743824026982868e-13,4.914467710589822e-25,7.755649162346556e-18,2.0837303936686893e-17,2.3852953174141944e-22,1.8144200002166664e-17,2.3114786067517445e-21,0.00014999951141980418,6.805967584213357e-20,1.4999877675854199e-07,2.785758328246638e-08,4.64037884326744e-21,3.7805136503982604e-10,2.569719555499096e-09,2.964368857742897e-15,0.49999970581348085,4.295324682683902e-17,4.064383227237008e-18,3.559979622182569e-14,2.2065250941977672e-14,7.602946244116295e-19,1.0955456691072922e-17,7.428129975982641e-12,3.482332154609079e-16,1.1545057312027684e-11,4.434901648636721e-24,0.00010750028422532704,3.593408749096791e-18,8.749575151299071e-06,4.1760643697576675e-17,9.999970050020424e-31,2.753501346270117e-17,6.844077813679293e-19,6.216095609283328e-14,1.469285517728743e-12,3.5713724305058293e-11,4.555238875168512e-24,4.999997052070861e-09,4.782351694243609e-22,1.2946905462456892e-07,1.0365468349270993e-20,2.0060588055081244e-12,1.9996287793903058e-14,7.73950222256891e-14,7.944753171266654e-17,5.407785876156983e-25,1.4878745065901118e-11,1.2768457768713079e-13,0.0849999503085343,1.136626953485422e-14,6.328444827302789e-19,2.6696507462615707e-11,6.869629276770072e-19,8.277212429494794e-22,5.1984982152723194e-20,7.027392249346709e-22,1.2063324641842096e-10,9.88932681872143e-16,3.473204000789742e-10,5.843251822155087e-16,2.4494552776243472e-18,1.530134968065341e-14,1.4537187224699959e-12,4.999883390073477e-09,1.1368689978340373e-13,1.6016451802575196e-12,4.738280598319951e-19,1.9999984138085962e-05,1.4546194508234906e-19,8.415877266246e-15,5.3791112940692993e-20,5.085920090196512e-15,3.79970441321154e-19,5.489382081501514e-14,3.3912508682126078e-18,6.30115031460236e-26,3.123465886342796e-07,3.6737240273053666e-16,1.5966266922008916e-10,1.954500046058104e-13,7.040691617095982e-17,1.7309927820631985e-24,1.2201322026140426e-15,6.590505148985688e-21,8.764494474579883e-14,1.17311567980148e-19,2.1959143186739207e-12,2.671441542182422e-18,1.8322235449584912e-14,3.605542328748748e-25,1.993719172592825e-18,3.3724861349576e-12,2.956179862314908e-20,1.01969744926806e-15,2.5091234239151333e-14,3.365306858118981e-19,3.066531406680474e-13,2.779413242250098e-14,8.687197493146015e-14,1.3642201960481544e-12,1.024206757306136e-12,7.20320510683647e-15,5.922887181309004e-24,1.0906522933706412e-14,4.218929888759283e-20,2.2051730752675523e-26,9.999971133677166e-31,4.222650546345392e-31,1.981381847545269e-17,6.581640256382512e-20,2.0883389553809041e-22,7.329922893637235e-17,4.858510588418809e-28,1.3286517649822365e-21,2.4088852129301642e-24,2.1531955255734317e-38,3.0841559095377837e-27,1.354992956365322e-05,4.454523146753985e-19,4.2167461223088856e-11,4.76519001390585e-07,2.1992644175763624e-14,3.1246002794751226e-15,1.5299907695082533e-06,1.8444145136452398e-14,1.8599749475434534e-06,1.6580067521071448e-17
194377348.48506016,6.163665286816976,391566022727590.25,56777384.97703849,769.2482125597634,1.0,1.0,11.888820757396896,5.123626332584128e-12,1.8106160994891048e-14,3.221234115567473e-20,1.0682035273789715e-26,3.068033329589744e-20,7.04232021447554e-24,1.4100311196538658e-13,1.398112122259034e-19,6.505517939974032e-27,2.7439304425532532e-18,2.6345360306893295e-25,1.763538424357352e-18,6.177295873627292e-20,5.870196448460442e-22,1.7274659015257362e-18,9.781120509726738e-28,1.0078613766773885e-30,3.0716274366564752e-24,1.0497052221558729e-21,1.302996566806335e-27,1.0002750259555335e-30,1.630255548335761e-30,5.906803540146755e-17,3.623398784254567e-18,2.5467076019429354e-10,2.717919468423142e-18,1.5402177892901644e-23,1.158462318533317e-14,8.269317204450729e-14,2.3811099834084155e-13,6.010841095284673e-25,4.348564454841329e-25,2.0256351606512625e-12,9.97969606842539e-13,1.0611714622056429e-12,9.939327776909806e-14,1.4302298997909638e-12,2.3834802801409344e-24,1.2902562529655911e-17,3.492003378847241e-17,6.27940169048225e-22,1.6075752529566822e-16,6.084190169319355e-21,0.00014999906872338362,1.6494475176752473e-19,1.4999768904419416e-07,2.7866294463691756e-08,2.299611282197495e-20,5.738075864012618e-10,3.525932744248052e-09,6.032818316869502e-15,0.49999883811572376,1.0057239577602322e-16,8.771944833283007e-18,1.9166914695432355e-13,4.285702458373523e-14,8.097341669686237e-19,1.1871055328184971e-17,1.4749830996912406e-11,1.7262779790497836e-15,1.0654946698936158e-11,1.468075147903329e-23,0.00010750029779098605,8.654897081806782e-18,8.748260536482742e-06,2.2669385833312067e-16,9.999931211368795e-31,1.020611161815341e-15,8.778456968663154e-19,1.3351211934261378e-13,3.0549718013268854e-12,6.705343848105783e-11,4.4748815046833344e-23,4.999988357933581e-09,9.57347515815789e-22,1.2944584344050588e-07,2.386119855861988e-20,3.7283296808129915e-12,3.3414947384010306e-14,1.5461856820967454e-13,1.5636611799831182e-16,3.91037895241511e-24,7.11914719259408e-11,3.1578597491095617e-13,0.08499980282763588,2.578256991946317e-14,1.4817664951723125e-18,4.709678182489158e-11,3.7153608960728236e-18,5.40941826090682e-20,1.1993710788957744e-19,3.618857092861779e-21,2.0038119316083903e-10,2.091371204604499e-15,1.5263062366399267e-09,1.4592762109283339e-15,9.39299994921878e-17,7.08118632725278e-14,2.421624022462703e-12,4.999818448951863e-09,1.699526752742518e-13,5.551708752105442e-12,1.1058801048023306e-18,1.9999945922137097e-05,3.2994817183828073e-19,1.6704026759540563e-14,1.232101037685234e-19,1.885964001845631e-14,8.621049257914484e-19,6.710435995243152e-13,6.8878224342174024e-18,5.934102611263918e-25,3.1230738976706073e-07,1.1694451765059114e-15,2.0009796507946362e-10,6.914627645794313e-13,1.056555944739798e-16,3.5187369760037566e-24,3.950622312078866e-15,5.822900562833896e-20,1.02724764947999e-12,3.0872133299945873e-19,4.85874747168807e-12,5.1996989244892225e-18,1.8208628393109883e-14,1.657307154032044e-24,2.113664386298194e-18,5.1315922283946e-12,9.168722649672639e-20,9.467093849337348e-16,1.4126114263130428e-13,9.34565267572185e-19,9.686514867098772e-12,1.24224554143734e-13,5.53108883119739e-13,3.4748425813594567e-12,2.879577629251333e-12,1.92228820027568e-14,6.584374832101723e-23,4.5045223780393427e-14,2.3072076044884357e-19,2.314154121712751e-25,9.999931967154004e-31,2.239906147858469e-31,4.902439338883907e-17,3.3127973297699444e-19,1.1819254273407958e-21,1.1466465500689472e-16,2.743863825401883e-27,5.7347913427246424e-21,9.025296954883435e-24,1.647120019681337e-37,1.33032501529455e-26,1.3549842388778953e-05,1.0521057648733638e-18,8.038456534397507e-11,4.765416769642914e-07,6.220866678182974e-14,6.555452470297091e-15,1.5300227506874141e-06,4.244467706680718e-14,1.8599134535531288e-06,3.951733962093957e-17
363567979.8879266,11.528665014203659,645351969831889.9,20902205.14355533,542.2160235117022,1.0,1.0,7.213518322579515,9.39103706084614e-12,5.887748707987086e-14,1.5090714929711354e-19,3.5279436270433387e-26,1.5004767518943588e-19,1.5499269905704844e-23,1.7942595516615408e-13,2.59746265759772e-19,4.263759590911911e-26,4.18401997060349e-18,1.26025881930699e-24,7.095092357022783e-18,3.0731688538108648e-19,1.3131178293073424e-21,4.965336318704891e-18,1.1708958963049765e-26,1.0918048168616985e-30,5.897518117021468e-24,4.414608654930717e-21,9.286245267325237e-27,1.0041729366715707e-30,1.9599422778748827e-29,1.7339152994064637e-16,9.49232927301032e-19,2.5672376562538193e-10,7.15213378175077e-19,2.27671636739111e-23,1.591543917382964e-14,3.83684696388431e-13,5.430089865578011e-14,2.608938995779428e-24,5.281805837992093e-25,2.8875030530832536e-12,3.4475982717059386e-13,1.184031207874297e-12,2.686672296896392e-14,1.7225689112086868e-12,1.3652572593610483e-23,5.786981096307328e-18,8.777234273321535e-17,1.947295372410286e-21,2.3974322013011756e-15,1.886360222698562e-20,0.00014999896979515687,4.565827307086941e-19,1.4999657636479805e-07,2.787537326633518e-08,8.623683913258287e-20,9.135352296154752e-10,5.507429608700979e-09,1.3906818470422739e-14,0.4999992579923243,2.731488897625719e-16,2.2110689277516498e-17,4.77114218874642e-13,5.825277517828943e-14,2.1286013343432473e-19,3.74103091919239e-18,2.1197389693810822e-11,3.7287734945952696e-15,4.334702624858874e-12,1.5503210721163946e-22,0.00010750065105967412,2.434579952645773e-17,8.74641103060647e-06,2.8671716307852816e-15,9.999898301726574e-31,1.753960320691613e-14,9.371321346026217e-19,3.2558750924186583e-13,7.1893150096538095e-12,1.3603360427162097e-10,2.664538283565465e-22,4.999992495342457e-09,2.3577280523037534e-21,1.294126065393759e-07,6.36130251015687e-20,7.444666101358736e-12,5.380604365240244e-14,3.466123272535921e-13,3.4162852094135444e-16,3.4900094753738654e-23,1.5899784065415815e-10,7.34218735736697e-13,0.08499987428883961,6.712636384979858e-14,4.024392811069487e-18,7.650082549476867e-11,9.490875215252014e-18,1.4588066514959387e-17,3.1734062293129913e-19,2.6782668883870278e-20,3.206819637223367e-10,5.021749434616677e-15,3.1213561062297413e-09,4.39736407965762e-15,3.0665194919802322e-15,1.8204825701131542e-13,4.065005606056606e-12,4.9997741469908725e-09,2.1845823891583286e-13,1.3257358063574657e-11,3.015708693864979e-18,1.9999956335614665e-05,8.590058751393395e-19,3.6880479987011296e-14,4.142825031338048e-19,1.7162414375403066e-13,2.2452385682614456e-18,1.2054319970851288e-11,1.5759060942320448e-17,4.739122348600898e-24,3.122441914464106e-07,4.329322502545032e-15,2.5617767965561224e-10,1.3059634354722679e-12,1.6918103321179743e-16,6.347251211385639e-24,1.6390090633104175e-14,3.4374143673027585e-19,2.3999542062671535e-11,9.570192309956407e-19,1.0904014090038992e-11,1.1289831181786854e-17,1.8127776198980227e-14,8.592270850527302e-24,3.792381404671347e-18,5.985994181890707e-12,2.4875296380629867e-19,2.1614212913919358e-16,1.3768886909472714e-12,3.0858795644466306e-18,8.175523814675811e-11,3.3190015305951527e-13,1.7991789487788155e-12,7.671269180224241e-12,9.589413831416176e-12,5.344758619573979e-14,2.809220223355234e-22,1.4627757132092608e-13,9.81194530033253e-19,1.2030795007026707e-24,9.999884690166206e-31,9.51673742497696e-32,1.1317177200988126e-16,2.1763235028400747e-18,7.751787262848524e-21,1.8607212791787648e-16,1.7976193299913226e-26,3.121916288859734e-20,3.7409562075523277e-23,1.583188226650107e-36,7.234102318274313e-26,1.3549708033048863e-05,3.1986750272533698e-18,1.6666241936441525e-10,4.765945829685147e-07,1.719966224212358e-13,1.5572215530065192e-14,1.5300777295827934e-06,1.0647476263092821e-13,1.859818118182705e-06,1.0974049482477948e-16
680026129.7418988,21.56348711764012,1120039194612848.1,6939352.428694316,368.60968446236353,1.0,1.0,4.156335136561227,1.7718060319608826e-11,1.4353543965930155e-13,6.045793132829011e-19,1.1216114391995621e-25,8.695603035364112e-19,3.5733698070668196e-23,1.9965504121546294e-13,4.931123119341136e-19,1.313891272882691e-25,4.383198684838461e-18,1.4206433873531017e-24,2.2977138560280875e-17,1.0690580526188634e-18,3.1029970649378483e-21,1.2774617248828997e-17,9.995772329536328e-26,1.5038814942790566e-30,7.517059020983251e-24,1.677410779288013e-20,4.565941044777508e-26,1.0343893274766684e-30,1.7129744745767993e-28,1.9713309587972288e-15,6.517616760457404e-20,2.5974849105703963e-10,6.406764684426654e-20,6.123198846326002e-23,1.6812174243510737e-14,5.266958676084912e-13,4.494030692473073e-15,6.2828094343185356e-24,1.0568818452031749e-24,3.136194059859175e-12,3.55384740450471e-14,1.1979967802650907e-12,1.9352330081525145e-15,1.7388700502959516e-12,4.2725005198680796e-23,1.003637136915782e-18,8.005084797737885e-16,6.741832556393695e-21,5.737804876925235e-14,6.529076141373388e-20,0.0001499988855873359,1.3646483123609818e-18,1.499957235641317e-07,2.7880429497785487e-08,2.5612573800804055e-19,1.5159824201379582e-09,1.0662726361157444e-08,3.497738871609976e-14,0.499999871108562,8.226064445055243e-16,6.195521098767821e-17,8.910424509938417e-13,6.16492715900929e-14,1.6015957749649683e-20,1.6869826632326046e-18,2.339636697573426e-11,8.545274236011973e-15,6.662279457897398e-13,2.5003389897597745e-20,0.0001075009379261203,7.63774005691708e-17,8.744968667869666e-06,6.540153173436026e-14,9.999611528255437e-31,8.835990014444106e-14,9.47457110298008e-19,8.640177030415712e-13,1.8421334552268374e-11,2.778317323046679e-10,2.8923128833959198e-21,4.999997896452568e-09,6.945518215790529e-21,1.293717255703036e-07,1.8659939693306854e-19,1.4886458520941513e-11,8.83394046205005e-14,8.309050864094665e-13,7.957019439998345e-16,3.5633496278981336e-22,2.6433926382846815e-10,1.3381556721420104e-12,0.08499997890161766,1.9161807296244854e-13,1.2119729775777404e-17,1.1005237351641356e-10,1.6421914022512327e-17,1.2941904912192365e-15,9.17515360503257e-19,1.4763909812677958e-19,4.682561903639927e-10,1.3139271124315814e-14,4.079560632087946e-09,1.2216642893509621e-14,2.8858585317495365e-14,4.684097750213466e-13,6.903618035464061e-12,4.9997241853242045e-09,2.745736057338805e-13,2.7972135876430952e-11,9.268591526190192e-18,1.9999969374935302e-05,2.4519831233102623e-18,8.69846213603533e-14,2.4486279216922104e-18,6.160298370552094e-13,6.4117156496958135e-18,8.170779435310646e-11,3.903867645626835e-17,1.3569903422627422e-23,3.121090217927622e-07,1.7664372606934228e-14,3.291207302625895e-10,1.7521629022879054e-12,2.7950307719056925e-16,2.2803752884102558e-22,4.3293639272744814e-14,2.341025458962305e-18,2.8548377616527176e-10,3.312110492338422e-18,2.518463991712033e-11,2.629785977479872e-17,1.806167550998723e-14,4.8303040189625384e-23,3.454644122335349e-17,6.208382786861524e-12,7.419601966371416e-19,1.7914328181443982e-17,2.991736981337869e-11,1.144981328659376e-17,2.7615994048235104e-10,9.304494159594018e-13,4.389132779946704e-12,1.4753319044564482e-11,4.1934891003900774e-11,1.4692787557656538e-13,8.983068850783258e-22,3.017562862995162e-13,3.636490558795384e-18,5.5176891824415706e-24,9.999644065807396e-31,3.212401132304946e-32,2.3806576358474154e-16,1.9950655949427532e-17,5.841147698322203e-20,2.7357177502891313e-16,1.3526860537134544e-25,2.077634208887645e-19,1.7097080250737235e-22,1.8395053446759459e-35,4.802726070874654e-25,1.3549370094706497e-05,4.31280465314758e-16,3.7862701947931154e-10,4.76705032112186e-07,3.3995560757240016e-13,4.008953275806772e-14,1.5301324782339465e-06,2.7288679041705155e-13,1.859682666962817e-06,3.3936930276050204e-16
1271936921.6021068,40.33285520047269,2007905382403160.2,2159229.962178669,244.9682078298246,1.0,1.0,2.318464953424985,3.4932564943873227e-11,3.523321592242951e-13,2.729571621740582e-18,3.6925552718038517e-25,7.858215725411777e-18,9.142453175754425e-23,2.088323135799938e-13,1.0747550319878995e-18,1.4853032406363163e-24,4.450103937273888e-18,1.4151885234046135e-24,6.607937160672589e-17,3.0422181999888886e-18,6.543686467649118e-21,2.1541555522913897e-17,9.12362094875461e-25,3.79732105404592e-30,8.232958458156106e-24,5.795504138968358e-20,1.8189529288504749e-25,1.2022860761839561e-30,2.2910628892268774e-27,6.181064379203008e-14,9.042052550043198e-20,2.66417450552788e-10,5.595775083828967e-19,9.56495035722126e-22,1.6905330681605302e-14,5.479219361547409e-13,2.3156453687482482e-14,1.2887726420028298e-23,7.87166101955023e-24,3.1669928118641962e-12,6.6599298144683245e-15,1.1982525661161488e-12,9.527481191292471e-16,1.7422879751584973e-12,1.2179435353107476e-22,1.0883107407421816e-17,5.910505123854971e-13,2.4890777142059036e-20,7.42764058989233e-12,2.410131689127499e-19,0.00014999863001132827,4.346303121964774e-18,1.500835678469215e-07,2.7857223764998065e-08,9.955615424038539e-19,4.449212939369741e-09,5.315105063831993e-08,9.295306482375647e-14,0.500000071162284,2.6430900253681725e-15,1.9217013973959376e-16,1.4704713630260437e-12,9.765859855719649e-14,8.428713125574168e-19,5.943964618512716e-18,2.3765184314438975e-11,1.6828389395965603e-14,9.976177246258245e-14,1.5399936506346228e-18,0.00010748746028946493,3.388462401924248e-16,8.735187693782092e-06,4.9540425730945115e-12,9.9826591563653e-31,7.32324546604923e-13,9.473008435563653e-19,2.407914656683586e-12,5.7248201050586526e-11,4.980771171807371e-10,1.4098496515023818e-19,4.999409601404235e-09,2.7900934009636716e-20,1.2933400361864242e-07,5.904425293011154e-19,2.5128183126344413e-11,1.7520000231190012e-13,2.0515109500783505e-12,1.9763919866153463e-15,7.083347942639407e-20,3.8411644408354075e-10,1.7042224372555311e-12,0.08500001434979579,5.767683794933522e-13,3.8941491031455997e-17,1.3008363123308992e-10,4.5350991752781484e-17,5.361579848927698e-14,2.8091835786111074e-18,5.356050822218239e-19,5.547272276578856e-10,4.9165530797376504e-14,8.276059010344548e-09,3.632822010869543e-14,2.6325097101049344e-13,1.1039483854291493e-12,1.0254094007979821e-11,4.999490504097002e-09,5.103400425420956e-13,7.923861493654686e-11,3.134164528096808e-17,1.999994491403905e-05,7.379950503847177e-18,2.117521162166437e-13,7.200254676323989e-17,2.5162808137211074e-11,1.93079059865857e-17,3.565216861334957e-10,1.0125044085161061e-16,1.704697821153943e-23,3.1161153701880184e-07,1.2471543559680207e-13,5.40570755707899e-10,1.981206899033536e-12,3.857323182739009e-16,7.543897972335154e-20,9.602292798109457e-14,8.354985363286748e-17,6.9155719429134665e-09,1.2233331728178342e-17,2.4060692252301697e-10,7.469784805621928e-17,1.798740857341965e-14,1.1223436227532008e-21,1.5915417142386959e-15,2.720228653462701e-11,4.297407317560651e-17,9.164660329768984e-17,1.3621081137594278e-08,4.551998093209818e-17,5.037712576082167e-09,2.763602149587154e-12,9.989615193806256e-12,3.605212369202285e-11,2.833782434366896e-09,8.761531861225385e-13,6.847840322581266e-21,4.404021069169623e-13,6.37333257182059e-17,1.642283444832065e-22,9.996015721404603e-31,6.368568391203938e-33,5.121043662108752e-16,3.2613108398675767e-15,2.637810031038057e-18,4.1830149789212e-16,6.039619992902698e-24,1.2997771932980237e-17,2.7066818663352068e-21,8.12308928095282e-34,2.965773641592135e-23,1.3542222450384544e-05,5.35973137328114e-14,2.7024658988502918e-09,4.787417019684955e-07,4.850749474435239e-13,1.0787882812768234e-13,1.5292072945889809e-06,4.894631249198436e-12,1.8589895411100283e-06,2.4877420419370003e-15
2379060835.7191825,75.43952421737642,3668591253578773.5,646824.9046711929,160.64990284679044,1.0,1.0,1.2689498330875197,1.0308318911454208e-10,8.874055749309137e-13,4.7341788919609157e-17,8.56436448688885e-24,4.281402872787252e-16,3.1931240855268667e-22,2.1002021425307284e-13,1.2349620608861709e-17,1.9204700417061313e-22,5.869810298232045e-18,1.2883342728139192e-24,1.69394201903358e-16,8.119992848467259e-18,2.9912330967161895e-19,9.641364459914082e-18,2.5682974256247937e-23,3.6265560081837367e-28,1.0351494229396666e-23,3.587450753964426e-19,1.2133422033244725e-24,2.0783400862817003e-29,2.6033714050990174e-25,8.724350087944989e-12,5.0061805580535e-19,2.7236608816056013e-10,1.7370613313987083e-17,1.3586929369916344e-18,1.721033472418043e-14,6.958927866929275e-13,3.5516268372337914e-13,3.696585899175921e-23,4.262496813793795e-22,3.2585273731809955e-12,1.724642855995911e-14,1.1846229610654198e-12,2.3543109418559487e-15,1.8117666697900136e-12,4.381582184920402e-21,3.5304057787043006e-16,5.745831853352562e-11,1.150911383244783e-19,9.494857646677336e-10,9.156108004528874e-19,0.00014999547140216791,1.5352509167030338e-17,1.5365021947020512e-07,2.6428013335187647e-08,3.225152737458308e-17,2.67118713765102e-08,1.2375997322226107e-06,2.568341121606249e-13,0.5000001479599441,8.820746553854288e-15,2.636964303763274e-15,2.2779757068790948e-12,2.1447872873844373e-12,7.181826666366636e-16,3.228255412489189e-16,2.6635688077707867e-11,5.860381599171145e-14,2.375439607214236e-13,2.8750390374678753e-15,0.00010668204091956675,2.4994388977496103e-14,8.366406646512837e-06,4.6495488202749357e-10,9.693422414150308e-31,2.4671473599661888e-11,9.277597074947036e-19,6.8976828973452254e-12,9.631361518943808e-10,1.7140144401457605e-09,1.6383630752424884e-17,4.942539654291034e-09,1.4641490236137012e-18,1.2831698320653047e-07,2.0121282116468273e-18,6.307654773390466e-11,1.4507792036225577e-12,4.582688964546241e-12,1.4365686038672436e-14,5.621141485062095e-17,5.002265978405457e-10,2.5502092783525835e-12,0.08500001039147337,1.784422810227806e-12,1.2995851525680422e-16,1.5749568535560586e-10,1.3191250720915884e-16,2.149163991762296e-11,7.466173132515584e-17,3.53306355191673e-17,2.354016752642773e-10,3.0363705334540175e-12,1.6446298261335855e-07,1.6461398762760899e-12,2.6751555635309404e-11,1.6969908024289748e-11,5.345585421535028e-12,4.991848755248264e-09,8.151856119831835e-12,6.261599344847953e-09,1.163434956312039e-16,1.999681498979377e-05,2.2826810507225995e-17,5.183554040461314e-13,7.160122115556689e-15,1.079254301995223e-09,5.979632901118794e-17,4.9285504751562545e-09,3.125237714500913e-16,1.9926592343290547e-23,3.058021790586009e-07,8.240047268596258e-12,7.059128154037382e-10,4.848892193581906e-11,9.125488458285734e-15,7.261426082510873e-16,1.7898309297379105e-11,1.7465402713598448e-13,2.9252063427254423e-07,4.911082426303604e-17,9.493671101593945e-09,6.381883177113067e-14,1.7055302968898678e-14,1.0253380024489156e-19,7.516138569541802e-12,1.1520881001258627e-09,1.633059132183502e-13,1.3736244581035265e-15,8.033356809886862e-07,2.3247311527770905e-16,2.0582492212247934e-07,1.5282938461813854e-10,2.914179566435714e-10,6.250800551891424e-10,1.322190456154212e-07,4.910868911255702e-10,5.485776065025925e-18,2.298065224119412e-13,2.891885232909484e-15,3.1236509067795425e-20,9.893062770958105e-31,2.0709220843646566e-35,2.9065582018732875e-14,1.754694637399878e-12,2.4382016329197897e-15,3.1600360191631685e-14,5.505417351625681e-21,3.0582795005285342e-15,3.884181536375439e-19,4.507676851152766e-31,6.794429047426654e-21,1.3317870113046233e-05,1.436863867262287e-12,2.085852980684627e-08,5.550588859171693e-07,2.4048896701831357e-13,3.228789949540616e-13,1.480771014750083e-06,3.467589803235314e-10,1.8390397233518036e-06,3.919649024595353e-13
4449851532.671694,141.10386645965542,6774777299007541.0,189668.55632724598,104.56912623498215,1.0,1.0,0.6871455774017964,7.417931031285648e-10,2.4703546683476303e-12,3.720938275144775e-15,9.876649329722348e-22,1.498811479522007e-14,2.5264387103144473e-21,1.6975484827030956e-13,1.55095168534718e-16,1.0832799866284546e-20,3.0348764738821186e-17,6.109671491069331e-25,5.112379833995016e-16,2.8276003169704346e-17,1.7736241377218484e-17,5.161420918419033e-18,4.345472346428832e-22,7.992491461864692e-26,2.700191434923382e-23,1.3639374780508069e-17,4.091177246070927e-23,1.2434481039896636e-26,5.535910362283597e-24,1.7383776711798131e-10,5.734720562531052e-17,1.0044845375317979e-10,1.265260029859166e-16,3.126356658395716e-16,1.5049004727129538e-14,1.7796640189696884e-12,6.434380451912596e-13,4.320285984975312e-22,9.378556040035638e-21,2.968941887570406e-12,4.699749216778609e-15,9.940893313269874e-13,5.944071681945426e-16,2.063678097787321e-12,1.625343913706995e-19,1.333075780129509e-15,8.106203037090552e-10,1.2631819318601076e-17,1.5149568063734585e-08,3.30335991746249e-18,0.00014998491917134676,8.79547327232438e-17,1.6940670397510249e-07,1.581264495404927e-08,5.259092557344606e-16,1.6222100290864672e-07,1.565841854183494e-05,7.76723097465399e-13,0.5000006778749997,3.0074813224194215e-14,6.621854102181956e-14,3.4774366448209893e-12,1.3575279736445346e-11,1.401997086875366e-14,1.9751558839179367e-15,7.375486671223611e-11,6.312204059952887e-14,4.591204285612152e-14,4.668003548403243e-13,9.703522568304777e-05,9.086775290433829e-13,5.05784710520592e-06,4.599958458301556e-09,7.924641796817963e-31,3.901831364416575e-11,8.237393824232207e-19,2.0831818045446282e-11,6.293631637629876e-09,1.3037167999442852e-09,1.8222100563132572e-16,4.189308479428511e-09,5.706530022104987e-17,1.1230082053410151e-07,9.111044286021722e-18,5.523898372158114e-11,5.6817292651391386e-12,1.0557283213942661e-11,1.922459810658577e-13,4.417055384037084e-15,4.335655840649108e-10,1.9652203955820904e-12,0.08499991620767874,5.7080693034587426e-12,4.4308978662036305e-16,3.153597923903221e-10,9.974005272004388e-16,1.9874644427926093e-09,1.5182986959053313e-14,4.983998691245074e-15,6.387198749664427e-11,6.876961027312521e-11,1.2512033918416775e-06,1.6063613285670123e-10,6.375202287151027e-10,5.214205875529639e-10,2.0168594235618674e-12,4.806103392074181e-09,1.9389167930152533e-10,1.9601998019966516e-07,4.947073282261321e-16,1.9894192725105338e-05,7.263764111690881e-17,1.2976472532648014e-12,2.1809909583920582e-13,1.459317393498169e-08,1.9731434218833408e-16,4.12314580640467e-08,1.1366833481051722e-14,1.5390854529209257e-23,2.5259870891052103e-07,1.9989955252010258e-10,3.4221079011251063e-10,1.409334643639054e-08,1.1850371655347533e-11,6.412285055659328e-13,3.6122522396566736e-09,1.9802134403964854e-11,3.494468284882499e-06,3.0761721996119955e-16,2.415010773310741e-07,2.293229828085306e-11,1.041582390121464e-14,5.65565742665268e-18,1.032925897084232e-09,6.56255411135738e-09,8.870593068595258e-12,2.5520753161448584e-15,9.06586932931024e-06,1.1191147443792328e-14,2.267585391321043e-06,2.7482342929515074e-08,2.3747651307112524e-08,3.786547709296451e-09,1.1969521670135457e-06,5.221106195938185e-08,6.182986106822626e-16,3.3660823543459116e-13,2.8365093385034024e-14,9.148619621857787e-18,8.959385719554567e-31,1.375091380265242e-37,2.7920092997061057e-12,6.148819660013792e-11,2.4151426552279173e-13,5.439073213641654e-13,5.876965995287584e-19,3.2579652768259775e-14,7.372663334463668e-18,6.607526051455117e-29,6.747184416211404e-20,1.1658012667484863e-05,1.686076337389143e-11,5.8237201577247986e-08,1.0609856532866235e-06,3.647084439863417e-12,1.450744028168543e-12,1.3208656087647152e-06,6.4529082337646735e-09,1.5617723460805834e-06,1.2749704353300226e-11
8323107322.656927,263.92400185999895,1.258466098398539e+16,54967.03922034692,67.78614420888208,1.0,1.0,0.3699152694553447,8.071301651555617e-09,1.0577900575077606e-11,3.8978271464929605e-14,6.688231389693923e-20,4.619001650464438e-14,7.364562450771771e-20,3.656589894316167e-14,1.1441842990797457e-16,2.3002798174440443e-20,1.2336575696985726e-17,3.784922492989729e-26,3.143547539213462e-15,2.8701996302778773e-18,3.304179695302956e-17,8.321333392112511e-20,5.814741310596957e-22,2.818366767031485e-24,6.755449430011869e-25,1.0200768570181776e-16,1.5022827676709894e-22,6.402976443738223e-25,1.928512404538549e-24,7.362921614829613e-11,2.6333917655110866e-16,2.5875369533777896e-12,2.1955760133096467e-16,4.410155280457995e-16,5.033823995861114e-15,2.0904314483009375e-12,1.3331940279546376e-13,1.0727745689727472e-21,5.534800745949874e-21,6.928914768447972e-13,4.821483820275218e-17,3.1631241718505857e-13,7.24472024799843e-18,1.0811436254664881e-12,5.724764846965164e-19,4.117278916998493e-16,3.420311935720945e-09,7.017704346558661e-16,5.261975546862494e-08,9.142864868466421e-18,0.00015004195619879298,8.3871975571959615e-16,1.4432701744245656e-07,3.512205754738865e-09,1.4375217611164573e-15,1.3401279289961912e-06,9.24978694076761e-05,3.1740197746602203e-12,0.49999874947301265,1.0379285745661339e-13,3.2286680595192856e-13,3.83171544676923e-12,5.623203382817927e-12,5.282039675008882e-15,5.264250479979755e-17,4.2510108999925284e-11,8.163704379560957e-16,2.1852211531661461e-16,3.9306775659989753e-13,5.655636152223574e-05,7.294050152181367e-12,3.8318071961010204e-07,8.952757709743759e-10,3.618063379558203e-31,4.935331402212055e-14,5.737852986735221e-19,7.225920373721369e-11,2.931141804207212e-09,4.200710398110029e-12,5.504719220829309e-17,1.579364592678629e-09,7.780009629814105e-16,4.9253931419880796e-08,5.5417110587067037e-17,1.2862188974117633e-12,7.921618458391783e-13,1.6400210912209892e-11,2.220689788194865e-13,1.5155187897922213e-14,7.591597461140545e-11,1.5108960396676918e-13,0.08500001485485992,1.97463774871959e-11,1.5289742447324076e-15,3.56482421908878e-11,1.381165409889609e-15,2.694791176050363e-08,8.79369637054685e-14,1.803392749380886e-14,1.6229556285395546e-11,9.36829231163498e-11,6.276637741140347e-07,1.5080329121962799e-10,6.164463344630143e-10,9.282993585336981e-11,8.052997950642856e-13,3.3870648436161327e-09,1.6129360313607918e-09,1.8404785933436023e-06,2.649436734324675e-15,1.8923171166877115e-05,2.3896759344511537e-16,2.787560637070816e-12,5.834401621047327e-13,7.106178766757601e-08,1.0191768220441854e-15,8.710520419076917e-08,2.337354590791462e-13,2.2801631013709963e-24,7.900945342840389e-08,2.3336312883057594e-10,1.933316357415556e-11,3.5147947177939955e-07,3.437357568021227e-10,3.8244731720385824e-11,3.113990428505191e-08,8.989633857989393e-11,2.2878816682304127e-05,2.7528408405528576e-15,2.8465656185222115e-06,4.2856147189330816e-10,1.794107143431422e-15,1.3798937457862967e-16,5.795214091899186e-09,1.545879302560899e-09,2.6108549510438736e-12,3.9535283564122055e-16,2.8601103102756353e-05,3.2772058516927683e-13,7.709358437140026e-06,5.020747998174888e-07,8.712893027157528e-08,5.695960590598947e-10,2.8005919083214268e-06,7.244329803913075e-07,6.574675097946169e-15,2.2353866160018265e-13,4.796776313193816e-14,3.976093596473996e-17,5.720595283208905e-31,4.3837823335073895e-38,1.5020988360122116e-11,1.830767687957601e-11,2.2681588499389072e-13,7.592415635922398e-13,1.2337404319992325e-18,1.4553687714387981e-15,8.944621400653574e-19,3.64213288446002e-28,1.4383566675673597e-21,9.305673517884232e-06,2.41849498552457e-10,6.93369951313794e-08,1.1261874592397292e-06,1.481246812139577e-12,1.6685576925080111e-12,1.3521242487274349e-06,3.634680862810835e-08,6.929917859728453e-07,5.1463133787401175e-11
15567736360.604628,493.6496816528611,2.345160454090694e+16,15828.51825622949,43.8439023842157,1.0,1.0,0.19850489337626734,4.0193396881189374e-08,1.6235987207888896e-10,1.3124418276289195e-14,1.591733430402763e-19,2.1331497384216917e-15,1.5928280495182322e-19,1.2621654954507897e-16,1.1355083750914608e-17,2.167938106806914e-22,2.468602151755994e-20,3.940878675012471e-29,4.518442367730343e-15,8.102835987003023e-20,1.4986906042794603e-17,2.61670470563783e-21,4.0755684005959765e-23,4.371100663344857e-24,4.7590329000442655e-28,1.8170924573119897e-17,3.6133486522924905e-24,1.2145584981833827e-24,1.621965075331745e-27,1.2856836107824892e-11,3.125733483457934e-16,2.390756637275943e-12,4.396347477799668e-16,2.5083251210935237e-17,3.615084978491907e-16,1.339103363568162e-13,2.7502169092501537e-14,1.090298779517508e-21,5.61943583308545e-23,2.624887880195621e-15,4.4197519395699024e-20,2.1479772654064913e-15,1.4706024296423104e-20,5.513194790395101e-14,1.2269226098695762e-19,3.205050093209247e-17,4.942305236071232e-09,7.353700781334945e-15,3.0331131777391434e-08,2.0215181817456958e-17,0.00015019215233063061,6.782005371054892e-15,4.034756320392705e-08,6.280831492511487e-10,1.7423028821625091e-15,1.1075045486046615e-05,0.00025326660029000627,3.60056916935062e-11,0.49997552528895967,3.605965113142472e-13,2.922293994175813e-13,2.2969257443478757e-13,1.8967010584518112e-13,9.729278086836114e-17,3.5837119452578335e-19,2.865401129625624e-12,9.769472221973158e-18,5.2176717798797915e-18,1.050521393491891e-14,7.854269300654747e-06,7.75186295487437e-12,6.24068084310346e-11,3.576763255809454e-12,4.0204226864976656e-32,6.169911666611005e-17,1.9047091066489922e-19,1.3779482801729929e-10,2.9947316256299314e-10,4.083241271407768e-17,2.313170520308792e-20,5.73901441326802e-11,5.6696715100189526e-15,2.2839067460400528e-09,8.240749797055333e-17,4.6526461775727194e-15,1.3585259091737233e-13,4.587344935227911e-12,3.83697782523843e-15,6.2650002202112615e-15,1.2193243929449504e-13,1.2619085294324882e-14,0.0850000106705431,9.003728083803848e-11,5.3089129236820524e-15,5.033887383090091e-13,4.207891485567772e-16,3.127072481074333e-08,1.5687078493006943e-14,1.5143817844078035e-15,2.7742428978941478e-12,4.172315663649749e-13,2.1949202157002443e-09,8.600480897250563e-13,2.3086729667831242e-10,1.963412463467037e-14,1.8363286286147936e-14,5.727316772014835e-10,4.427268955774136e-09,9.68269283662222e-06,1.9686333303180182e-14,1.4952025485358917e-05,8.586993686062597e-16,1.0728286554522986e-12,5.304189793225778e-13,2.7365747396965095e-08,3.497503147535297e-15,9.250419082219015e-09,1.458030050531655e-13,5.073624436724561e-27,7.979403063330225e-10,5.1878948209101395e-12,1.7950563678304162e-14,7.397559307113601e-07,4.952690398297106e-10,1.0750306380783743e-10,1.2333181063618989e-08,3.366176036053075e-11,9.036060617010185e-05,8.880373393906071e-15,4.647011674318032e-06,4.589928130125591e-10,7.533861646201e-17,1.9473015180692395e-16,1.2265404606135624e-09,1.5563394263282994e-11,1.6202841119646968e-14,1.02859186677432e-18,1.3563416402152194e-05,1.004455066845493e-12,7.964489104976366e-06,4.180810562185958e-06,1.2870390195136645e-08,5.539216856858946e-12,2.546107663272174e-06,6.847471473591394e-06,4.0385166484169256e-15,7.696060818864221e-14,1.8657197184598367e-14,1.689855378217849e-18,1.481591721371929e-31,1.930139430448185e-38,3.470620137748889e-11,4.368313181800051e-13,4.751408380980195e-15,7.059394322669646e-13,8.096349237397648e-19,5.173869927156927e-18,2.768310345272129e-22,4.385198191494741e-28,8.048755502367465e-25,4.295729034216862e-06,1.0776502582471865e-09,2.3607528785787274e-08,3.124722765055937e-07,8.07565191806439e-14,1.1491219107356324e-13,1.1403570428071755e-07,1.5900283397480697e-08,1.515220369635295e-08,1.928926022919948e-12
29118261485.534508,923.3340146351633,4.377739222830176e+16,4542.402463268182,28.32403186984507,1.0,1.0,0.10633932315149482,6.868785324970127e-08,4.137591652287856e-09,5.2812754442940355e-15,5.393232340448904e-19,6.902226921978292e-16,5.433367629051274e-19,7.494396581100305e-19,1.2990135301780933e-17,2.5543663900587996e-26,2.931283615576196e-23,7.393457776111833e-34,2.8741453291744133e-15,3.7472091844665484e-20,1.5389490920764132e-17,2.1961481108872274e-21,1.133238063351789e-22,4.190053026198769e-24,3.329034510473349e-30,1.9131024834308713e-19,2.790794648152284e-28,9.373719672314464e-25,7.3145744452773155e-31,2.5600668773526135e-11,2.8803921091994973e-15,5.123316965038498e-12,7.150177675129452e-15,1.2770307200652127e-20,4.502569715562445e-18,3.005567934130572e-14,1.5479626300952503e-13,1.0897306475107723e-21,3.909363187578997e-28,1.2666013218410939e-20,2.4860597674798142e-23,5.401815158658485e-21,1.4751961561830676e-22,1.0769474357245125e-15,4.4113699006340096e-20,1.2627770173499232e-16,4.989468098147791e-09,3.8449834043936834e-14,1.7273176751006719e-09,3.9314470238875185e-18,0.000150231927999048,5.2581902828984015e-15,7.743649153709557e-10,7.376734382786517e-11,3.3569858522003095e-15,2.614454297626455e-05,0.00030495133309399344,1.1354113231255243e-09,0.4999642303416139,1.2562215729226074e-12,5.112645966185486e-13,6.718467794991718e-16,2.7994130435655232e-15,1.375788174127799e-17,1.2091038445873316e-20,5.552123137083153e-15,2.161795016829138e-18,9.82232168147081e-20,5.422265356976994e-16,4.3260716241356e-08,3.146071378879201e-13,1.513799576567793e-13,3.815200745575101e-12,2.3996121767596993e-34,1.3741606615113943e-18,1.1992597461045247e-20,2.015279869986382e-10,4.130784020880837e-12,1.5900679979465076e-18,9.767947896980626e-25,9.954143531018022e-12,2.8877491562836936e-14,5.931893102768113e-13,9.90667242333574e-18,1.301865949219716e-16,1.231148165119837e-13,2.118810015347016e-12,1.3582007170408443e-17,5.000734161435787e-16,2.3067943263173068e-15,8.45589262286592e-15,0.0850000137524235,4.1877564038367123e-10,1.847635119469316e-14,1.4259912050469002e-14,1.522921629981862e-17,5.312205468763071e-09,3.6881628500739126e-16,5.779919967710887e-17,6.982173926269085e-13,8.566120434162567e-19,3.105525189721511e-10,1.1115959740472755e-13,2.5906952372449715e-11,6.438858340423538e-16,6.1979811856835864e-18,4.0224144054454417e-11,4.9597766895465755e-09,2.612672066556847e-05,1.2180637820754226e-13,7.13517911828697e-06,1.8955106967641697e-15,4.5120700779836774e-13,3.781212180383144e-13,1.8927707766354984e-10,5.5144435542599024e-15,2.2402890776874162e-11,1.2550177807862429e-14,1.1463026788526008e-33,4.0983331394804776e-14,1.1647105911815596e-13,8.496389729576848e-17,3.68192899171464e-08,3.8437725072378314e-11,7.133123190570238e-12,7.981150560611729e-10,3.1049240596674345e-13,0.00012573433292115512,4.047822318776463e-15,1.344649888018829e-07,2.1368344249216953e-11,4.837622865099375e-19,3.0643834853593795e-18,1.0778917718514125e-11,6.724331167483529e-15,1.1371181089993717e-17,6.824286003935834e-22,2.322086576962165e-07,1.323670224941975e-13,3.7749704704892136e-07,1.223154835504372e-05,8.601655948375766e-11,5.87364745213712e-14,4.635172355591404e-08,1.390139609728741e-05,7.23791751928293e-16,1.0328593619040209e-13,2.4856303998582587e-15,3.794511437051156e-19,8.826830859685465e-33,1.3156078401199535e-38,2.0720091150443317e-11,1.1750819037787893e-14,1.0533699610137361e-17,4.892218833694032e-13,3.063937735472646e-19,7.323231944488131e-20,3.42347197483925e-25,2.349437182593186e-28,9.274630073156925e-27,4.4878236350522743e-08,4.3741038045002994e-11,2.9257887959102537e-10,3.35185506624552e-08,7.562043801896995e-14,7.536052620499045e-15,4.3024090390924723e-11,3.3418612035888673e-10,4.6519757293879395e-14,1.1573044890935531e-17
54463483469.92641,1727.0257315425674,8.179522520488962e+16,1301.156335921685,18.2860721471048,1.0,1.0,0.056913569798654126,1.6539942279052177e-07,4.141822158475784e-08,1.881607522087763e-14,1.392195238191323e-17,3.927880121889751e-15,1.3692305931286235e-17,1.915575676917177e-18,2.572735618687801e-16,2.572028292634301e-31,8.600287639014078e-23,1.1168967253532189e-39,1.1383566510108095e-15,2.7092366202849775e-19,2.268208980914184e-17,4.5458565754815047e-20,5.074325943556426e-21,4.18401930898553e-24,5.095459633552098e-29,1.1044020614073934e-22,1.0011829384181193e-28,7.325445691492432e-25,9.432484678375974e-32,8.408601771851418e-11,3.9724771456369406e-14,1.7276634262091007e-11,8.522940035433605e-14,5.486356665240207e-23,3.124993448514596e-21,1.3558342773308189e-13,1.4575835344368205e-12,1.0889995807529298e-21,1.4422308280194307e-34,1.3335293951969078e-21,1.591224597759206e-23,6.102766491275578e-24,1.0438043950921228e-24,4.6991353828491e-15,3.219913802504005e-19,1.6741389391110571e-15,4.987434569872852e-09,1.659449175690617e-13,4.423577187439085e-12,3.3294422026530333e-18,0.0001501004272752133,6.5873242807440946e-15,1.3873578521291002e-13,3.90609184999427e-12,1.0984622425209466e-14,2.6688487132367558e-05,0.0003141246511592231,5.368976297470763e-09,0.49995976314668855,4.383620039091711e-12,1.7259268292113745e-12,1.4118516142588007e-15,3.1718211348697576e-15,8.10654894749412e-17,6.006514627637927e-21,2.8472717392018483e-17,7.907404135478582e-18,3.4715514965197563e-19,8.67991136310988e-17,4.3003878019090795e-11,1.6728058919290028e-13,4.650540562286211e-14,3.384027403530936e-12,4.9518175959234356e-39,4.078308230417761e-20,3.610125310672616e-23,5.568501515832889e-10,1.7237286608360343e-12,1.414816190119109e-18,8.984051906353348e-27,1.0550208198248142e-11,1.2378669533843318e-13,4.480175678132576e-14,6.2914035771303875e-18,6.079990656194346e-17,1.4376262148080253e-13,4.6891563326839575e-12,6.474342016447456e-20,2.4268731318805072e-18,5.496793620440582e-16,2.121773679988021e-14,0.08500000595674273,1.4639175606546495e-09,6.444300070011463e-14,1.2443569687748387e-14,2.961133102676571e-20,3.169327836179867e-10,3.014090181743559e-17,5.1048271526061204e-18,9.571038052959556e-13,2.5012200637405626e-22,1.0452068089997402e-10,1.0374055441826256e-13,2.8876160046057626e-13,3.5442598437062007e-17,4.2382811100621147e-19,3.6326253612204754e-11,4.963674182901009e-09,3.81609335368309e-05,4.821968576508361e-13,1.1402817107148768e-06,1.0575902141713938e-15,2.1226083987661152e-13,1.8342753669304914e-13,1.100765896152057e-11,4.640621288164282e-15,3.0286815836334574e-12,8.739622015198129e-15,3.4875494441962017e-48,1.1997408882527407e-14,7.531869401999736e-14,6.868588622977982e-17,1.4295347445949587e-10,4.550496093123135e-13,9.240742049971821e-14,2.6059274164443715e-11,2.155911293208037e-14,0.0001264982539729338,1.0000992714261341e-14,2.3402785922834066e-11,1.1929168164535025e-14,5.694499030508863e-23,6.982792305724286e-22,1.614790972479487e-13,2.0094764128486543e-18,2.6362201436557586e-19,2.1968970613629455e-22,6.411461118163454e-10,1.4099268076587934e-13,2.5990532993482106e-08,1.2615954403863514e-05,5.746862888644976e-15,7.769722853911422e-17,5.351933870911606e-09,1.401873777552401e-05,3.533098509994522e-16,1.7848937814801856e-13,6.980532360765787e-17,1.6956550233584466e-18,4.302331659684577e-35,5.3362021202160714e-40,5.6111060646234175e-12,5.0141580899350615e-15,1.5058787226340238e-18,3.8848166028468337e-13,3.9143219557381695e-20,3.807369710767036e-20,4.1906215075998457e-26,8.187029055983014e-29,3.642013502859536e-27,1.3926051937712918e-10,2.0056958559903054e-13,1.0098135691120744e-12,2.264815334484655e-09,4.402367099785097e-14,1.3772283233850278e-15,1.693215544339937e-12,9.49151457711039e-13,5.108745522953684e-18,4.314788736502202e-21
101869784813.6484,3230.2696858716517,1.529046772204726e+17,372.34355866043956,11.801452329578403,1.0,1.0,0.030445492862083753,7.479408969965181e-07,9.692645789593622e-07,7.75173899583541e-13,2.3032486706688246e-15,1.5837858683254652e-13,2.111444906634556e-15,1.5510859938691922e-17,3.0713858569866254e-14,4.14140497511993e-32,4.734175675527473e-22,6.154043223914322e-39,4.1902406900987776e-16,1.0559776967875968e-17,1.5207120075776172e-17,4.432379812866909e-18,3.689655165595641e-18,4.178103748170384e-24,2.8695470110975544e-26,4.459108943121184e-23,1.9060617138846357e-28,6.267615946316966e-25,5.95018437062076e-29,4.963686148472581e-10,9.316337570604675e-13,1.0450611869149805e-10,1.8131154736232502e-12,1.7583376488670554e-23,5.772476373562457e-23,8.929397841208568e-13,2.362932075219066e-11,1.0832054778773636e-21,8.174906553195733e-34,1.179217837963957e-20,3.729895410599723e-22,2.127865875135808e-23,9.258224771559433e-24,2.972959942918894e-14,2.2894734509138646e-18,3.001681971896875e-14,4.982902402722721e-09,6.491939724243063e-13,1.36182197174464e-12,3.5771614818907074e-17,0.0001485894796654316,2.4644961529662987e-14,1.044925562725314e-14,6.12099844770543e-12,7.849650407133461e-14,2.7654449383285737e-05,0.0003468057412881882,1.3478806750142978e-08,0.4999433278162542,1.5302454669411123e-11,5.188560269454875e-12,3.1438871137714474e-15,5.835795644701066e-15,9.138358909543543e-16,7.258672425063581e-20,4.8762077448689816e-17,4.043497170592556e-17,1.7055777146630259e-18,1.6539688379640875e-18,3.1572886872337274e-11,4.718902492956596e-13,1.4842885049877177e-14,2.871177780852818e-12,2.3135671099978165e-48,1.565386513978913e-23,3.7276197391522494e-28,1.5101763466053262e-09,3.769602719418551e-12,1.140875065139104e-18,1.5955490250678417e-25,1.0779598360846832e-11,4.797884222033117e-13,7.295320425097444e-14,8.098535679594323e-17,5.677102130277526e-16,2.730975457349841e-13,1.0632621849187377e-11,7.663561691834485e-20,5.987858215797244e-23,9.11789610540063e-16,1.1246230966917273e-13,0.08499998742484499,4.8186401980023384e-09,2.2480252353744992e-13,2.1993502201152718e-14,4.0304429977884527e-22,2.300389781548091e-12,5.487783327436741e-17,3.364655599199689e-19,1.3697594496117493e-12,2.0903059709869392e-23,3.167075380174053e-11,8.901278723598161e-14,4.147298229426795e-17,4.2870883003058595e-18,1.2614230231357905e-19,2.7917093499013004e-11,4.972082450248629e-09,4.0399597898465124e-05,4.753031808189064e-12,2.119185071609553e-08,6.484260833301595e-17,1.1284484858033527e-14,4.296683264895191e-14,3.0530320629965595e-12,5.096925757320803e-15,8.679072728472223e-13,8.311870620117669e-15,-2.0089542951969237e-70,8.21823666672738e-15,6.53109908889248e-14,1.2709139939052991e-16,1.376578190805154e-12,1.667036549838288e-14,1.7277849644503202e-16,6.553082036920423e-13,7.896464013094407e-15,0.00012801006219680922,3.5353076501034405e-14,1.2287305658394227e-12,2.5054613060849347e-15,9.071320852534482e-26,9.970069344700011e-23,2.1948329799185023e-14,8.131464505981422e-19,1.0106296069435536e-18,2.5031425779808146e-22,3.728754759224946e-10,4.4780733397581777e-13,8.493066723534835e-09,1.263577958686185e-05,9.247246739441664e-17,2.0643451451294382e-17,1.907268317202206e-09,1.4024550326345023e-05,2.24170255839212e-15,8.020892616370976e-13,7.382811743830867e-20,5.2943435416935484e-17,1.301927511538085e-39,3.1461045398034172e-43,1.5286969836192709e-12,3.3265419630683607e-15,4.1574477118682824e-19,3.014287362799007e-13,6.295737873350306e-22,3.03116306925185e-20,7.330991984866576e-27,3.510770222452784e-30,1.8693891504230704e-27,4.089645649326476e-12,9.643235591399403e-14,3.8185425708849186e-13,3.3905771561297445e-11,1.3818316566755437e-14,5.41786356761347e-17,1.232819204863822e-13,5.274124762506045e-13,1.8110405445144999e-19,4.647527601781538e-22
190539649629.81564,6041.972654420841,2.8590947444472346e+17,106.49477280712333,7.615001840106937,1.0,1.0,0.0162822804943288,1.8088471766964366e-06,1.123643264658995e-05,5.942405631801973e-12,5.851359202668401e-14,1.0136504779425467e-12,4.6791607346121383e-14,1.3297444484675322e-17,3.996905052480091e-13,3.1821577438695282e-34,7.142139079033933e-23,5.081296851889519e-39,5.974433002918872e-16,5.993053038597831e-17,1.8803741244683464e-18,3.3922863179814506e-17,1.6036708181776113e-16,4.169084175607042e-24,2.2287745229286884e-25,6.194145327859314e-23,8.438231539599384e-29,5.755065579025939e-25,8.739440325968193e-28,8.886034494790278e-10,6.408862839097215e-12,1.8538389861427303e-10,1.1547304591527127e-11,8.303824552586243e-26,3.849809965628902e-23,1.1313951767546436e-12,8.488947350663295e-11,1.0714148088865212e-21,2.6909800649706e-34,8.568980701259918e-21,5.201082755298831e-22,1.3191195162925245e-23,1.1134405644794255e-23,2.992659013464554e-14,1.267828544034287e-18,6.357453983123942e-14,4.97433051924736e-09,2.408255198866785e-12,6.633576456810851e-13,2.1425970708865031e-16,0.00013726084023333793,9.25383423562125e-14,1.8690379073221447e-15,3.738164876333489e-12,1.622498255576328e-13,3.795545134333121e-05,0.00046629360580608873,2.9239961041582416e-08,0.4998835656574864,5.3321243765580366e-11,1.0957341566399631e-11,1.1604931737807779e-15,2.2368613505596558e-15,1.8862410478941684e-15,8.767635226598835e-20,1.4071187905673038e-17,3.003821489542098e-17,1.0068981415318092e-18,5.207571376496663e-21,1.8770000440575578e-11,1.044769426847235e-12,4.852199521594972e-15,1.8381988471093795e-12,5.441524421140106e-66,2.7635097207267104e-26,3.3917423342196225e-34,3.1272789479819958e-09,4.887261657324322e-12,4.924641887277018e-19,1.8507641532297705e-25,1.0574136657028239e-11,1.7292152874056532e-12,4.220398400200528e-14,4.770645759858416e-16,1.834400122404329e-15,1.604092646948499e-13,1.3831122363869529e-11,4.5035166485361945e-20,5.821982492529035e-26,3.276415245927919e-16,1.3059000328558846e-13,0.0849999754134044,1.5541083949109814e-08,7.816919945366201e-13,1.3160803158105546e-14,7.86911949393944e-24,4.824381552802094e-15,6.879583062197291e-17,3.0415120044447834e-20,1.0704576612856649e-12,1.1192297347915184e-24,9.579670698349905e-12,5.412920531980849e-14,2.347550435355701e-24,1.0199765645392998e-18,4.5014957145395276e-20,1.705976559636795e-11,4.982939702360681e-09,4.0441939977751805e-05,4.006679318522823e-11,6.567752328578882e-12,4.56055796029966e-19,3.4512568541278866e-17,2.514265178519966e-15,1.2192869074414476e-12,7.496429441786458e-15,3.534849191766789e-13,1.0539268327004447e-14,-2.3973143679474164e-91,1.3105143190725437e-14,5.6123586589314636e-14,4.0810094205347114e-16,5.86948419379684e-14,1.4607484517882813e-14,9.450305654467254e-20,3.902237998075407e-14,2.6019396609184095e-15,0.0001393388417313844,1.3457637932120972e-13,1.4677352673462277e-13,1.7119459231183008e-15,6.532463276795367e-27,3.7984789348740706e-23,8.107635339981673e-15,8.732269762970109e-20,7.045625453490425e-19,4.916414048011134e-23,2.458881335073354e-10,1.2297070544848195e-12,3.998295141006628e-09,1.2640334544665956e-05,9.185346837421048e-18,4.908239219486967e-18,9.42081769407102e-10,1.4025553938817664e-05,6.248570666402534e-15,1.0334081633575574e-12,9.104578072125936e-25,1.9900087858193286e-16,1.2767515010408903e-48,2.5702728570920248e-51,4.2437455347919455e-13,2.2472514947184265e-15,1.1998013713400558e-19,1.7654717246040885e-13,2.377977222246461e-25,1.8587407801008326e-20,1.5133349324477653e-27,2.721307910574548e-33,8.173608261798349e-28,6.088118183379e-13,6.984322638845247e-14,1.6212269987172348e-13,3.0133245886367673e-15,5.688198053355793e-17,1.822209008776807e-20,9.232044978939886e-15,2.525389738109346e-13,7.566318845987428e-21,4.247390259618569e-23
356389857379.8572,11301.048242638799,5.346847860697858e+17,30.45017073583091,4.913166894596497,1.0,1.0,0.00870654707255412,3.795613915696798e-06,7.132624985295708e-05,3.2577103828059072e-12,1.235089395078297e-13,3.7889106419788607e-13,6.122016398120055e-14,1.2724845894239597e-18,1.6292922154480176e-13,8.066330908856673e-29,5.143384362462786e-26,5.93712456194037e-41,6.785532246395821e-17,3.0160540950420895e-17,8.791988465603828e-21,4.308639492054874e-18,1.1878630856905013e-16,4.158557013735953e-24,1.63396346890919e-27,1.9165780371975423e-24,4.5689415278995474e-29,5.48947486582678e-25,6.814160783118209e-29,3.373564249663376e-10,8.005545154857478e-12,6.096291102147901e-11,1.3216981440663825e-11,1.2943265959728169e-30,1.4886485976456287e-24,1.8410547159228664e-13,3.032207344713525e-11,7.463173311824822e-22,1.1036183502114838e-36,2.9153165612580513e-22,1.8083178154479732e-23,4.894533350323038e-25,4.457835362819808e-25,1.717186052613659e-15,1.3026704372006034e-20,4.11161391498248e-15,4.966036567832778e-09,8.689038606362662e-12,1.2498301636191563e-13,7.995528642566166e-16,7.518504967908445e-05,1.787029468047588e-13,1.0050377415113295e-16,3.613334871871132e-13,5.5283535879671663e-14,9.811767667794615e-05,0.0008940557066732499,6.279084183326709e-08,0.4996698074398338,1.839906083981306e-10,1.0673197730809445e-11,5.4965358041274303e-17,1.4346318224236124e-16,2.7585405947334043e-16,2.6767094440783473e-21,2.3703831372730815e-19,1.5192828114429407e-18,1.796784538326984e-20,6.540520183587149e-22,7.039945468322853e-12,1.4810454221517128e-12,1.6063024580893464e-15,6.241502785069039e-13,1.5719233488271358e-33,9.661644964239007e-28,4.265814147128557e-37,3.428050955072225e-09,2.1524116503647437e-12,6.029493170182247e-20,5.750734576867455e-27,9.18618499659097e-12,5.415874607358961e-12,1.1537839378947787e-14,1.2007087418607312e-15,1.3434290372820531e-15,2.1643507668799153e-14,3.3707169149743115e-12,1.6957893306727568e-21,4.288343611767722e-28,1.568457746275273e-17,1.3378903327577442e-14,0.08499996115580336,5.352568478500755e-08,2.668216337111201e-12,3.5825287688568795e-15,4.649343299919222e-26,1.4333987157122471e-15,3.135847249504291e-17,1.0966334669786566e-21,1.9685929465534567e-13,2.6422032593752395e-26,2.9261079644077297e-12,1.759690089301777e-14,1.8904601035439583e-26,1.3056535247787672e-19,1.5557074271525304e-20,1.592355791233035e-11,4.984077305861559e-09,4.044186467601555e-05,1.4060883939629143e-10,1.1992629967942915e-15,1.1762789328784386e-18,3.114021762937934e-17,1.0626257507118112e-17,1.0324775017023773e-12,2.3260540164448362e-14,3.296491416471091e-13,2.7991229147780622e-14,-8.133252080251174e-110,7.512632633836246e-14,4.664885669428669e-14,2.4802402348575903e-15,3.79923970876239e-15,8.659314479372328e-15,1.1077117444546359e-20,2.751047078261671e-15,5.61104963715356e-16,0.0002014148753485544,6.80282510437615e-13,1.0998545737925752e-14,1.3487356081350544e-15,1.986157907787448e-29,6.994517666483307e-24,7.356539407045707e-16,1.672875754573515e-21,3.07121123151185e-20,6.026026888667592e-25,1.0439047537614448e-10,3.0590633086050577e-12,3.67669623811038e-09,1.2640671443105772e-05,1.02870934305124e-18,6.277250518237464e-19,8.914438230630605e-10,1.4025610548048078e-05,6.026159918166432e-16,1.5225688537953784e-13,2.954790574194136e-27,2.316453015061065e-17,1.7034901250895076e-66,7.473992233728209e-69,1.1922478946350984e-13,1.3274588592436369e-15,3.058586327634397e-20,5.485556218743671e-14,3.782236461250426e-27,5.286380573195555e-21,1.502269914858989e-28,5.495452873396993e-35,8.988775939928337e-29,6.033049611971037e-14,2.4668018880053722e-14,1.7980564787461717e-14,5.485248160864966e-20,4.093475041509969e-18,9.662447260635403e-22,8.185866433771692e-16,4.141458920282071e-14,5.098872532724247e-22,3.2300997610187263e-24
666600000000.0,21137.747336377473,1e+18,8.705332944133872,3.169786384922228,1.0,1.0,0.004655258258895119,2.8658973278557024e-06,0.00014744145709057557,7.638190725720014e-14,1.1217774614118649e-14,5.479054138918094e-15,3.1250465069297605e-15,8.752836563258854e-21,3.754440475766849e-15,7.053915806072688e-31,9.745132048994554e-32,1.012881528676217e-43,4.0644544922285792e-19,5.594809163256194e-20,4.397259525249565e-25,4.4838923501261655e-20,1.6107460972426586e-18,4.1510317010979265e-24,1.0894023246736443e-31,2.863984226149679e-27,9.728573416452154e-30,5.337679797522553e-25,1.6741933617232557e-31,1.7956858444189172e-11,1.3777824581211288e-12,2.5696916430298133e-12,1.975896564629277e-12,4.443633361093282e-34,1.3586582502626082e-26,5.949343557774199e-15,1.944001777361272e-12,2.686891921799976e-22,1.6065683726489746e-40,2.9519296937027025e-24,2.706374784182798e-25,4.628758736720801e-27,6.425740978477905e-27,7.715260152236446e-18,3.934516409241026e-24,2.963452632302029e-17,4.932472561682138e-09,3.075472793777531e-11,4.3673918587537506e-14,1.332120109344674e-15,8.159398366146363e-12,6.412521660841567e-14,8.773268901582835e-20,4.7892732152314944e-15,2.6456549036770753e-15,0.00017446930015085495,0.0024078343548619902,1.5241511914989493e-07,0.49891291315191155,6.21003135449022e-10,1.3813667386988416e-11,9.95447183951638e-18,1.8461135429499955e-18,1.0026810075461477e-17,2.8437848311802474e-23,4.583324529971942e-22,2.2174271205680487e-20,3.649075000555876e-23,3.3507215139266786e-22,3.6464765849939405e-12,2.663925158207992e-12,5.418370215266106e-16,3.071123134509396e-13,3.847576444086076e-36,7.336790590742424e-29,1.6023136842888423e-38,5.203949387291801e-09,1.74482630251464e-12,1.5590359457019865e-20,4.2420120785955506e-32,7.413822338605176e-12,1.5546510934338186e-11,5.20660915270161e-15,1.859287376477581e-15,8.78357017610148e-16,3.77999413939691e-16,3.118318646761058e-14,4.9098481028419286e-24,8.933042413403096e-31,1.4510455540054285e-19,2.7872899067116634e-16,0.0849998257160548,1.9620987284558094e-07,8.82976065574898e-12,9.823140208921655e-19,9.034898451387003e-29,8.61862577939461e-16,2.686482909946159e-17,2.3454287560475936e-22,1.877896279654129e-14,9.900891374647031e-28,9.015098800378074e-13,8.323322505730818e-15,8.534744378549511e-28,2.4748759221961456e-20,8.097801995055974e-21,1.2272596815857516e-11,4.987728693463984e-09,4.044156752830041e-05,4.408618491744458e-10,4.984353298213549e-16,3.495458330363462e-18,5.0362196920846425e-17,3.330794043004722e-22,9.50208842108457e-13,7.343266564143575e-14,4.5247028030355165e-13,8.062143251729137e-14,2.9686714487417236e-137,4.073654792283058e-13,4.7474411564066765e-15,2.0247400558764372e-14,6.282814650635828e-16,9.757381431885228e-16,2.583762755932716e-21,2.4309255599791847e-16,2.4727237756608203e-16,0.00027659997978992984,3.2624202278230316e-12,6.811021936640739e-16,2.4496998634217626e-15,1.2225006373200429e-32,9.704494530726987e-25,6.8941403258314e-18,5.8949365257562714e-24,3.7605099185803875e-22,1.499165245919389e-27,6.1808885376289e-11,1.0127149239899347e-11,2.394403262490799e-09,1.2641957620190459e-05,1.1918872643981452e-19,1.188672587231311e-19,5.893597909891131e-10,1.4025914157106162e-05,3.491560991083538e-18,4.575589632822134e-15,2.066546976852393e-31,1.5138336516533597e-19,3.116635762518366e-100,1.9751453564370765e-102,3.37323381331242e-14,1.4531546343854506e-15,1.4592932644395925e-20,2.473330920318069e-14,9.070664681405767e-28,4.040410425888952e-21,4.015768540089856e-29,1.8468368971132403e-35,3.8496062614797934e-29,1.2942043670773654e-14,1.9073663409468733e-14,6.210588914731047e-15,3.376653972850244e-22,5.212147265024502e-19,1.2803333508018578e-22,5.650425514736869e-17,1.374789667053066e-14,2.650913045146614e-23,2.6845275543920702e-25
