time_seconds,time_years,number_density,temperature,cr_rate,fuv_field,visual_extinction,C,C+,C2,C2+,C2H,C2H+,C2H2,C2H2+,C2H3,C2H4,C2H5,C2N,C2N+,C2N2+,C2NH+,C3+,C3H2,C3H5+,C3N,C4H,C4N,C4N+,CH,CH+,CH2,CH2+,CH2CO,CH2OH,CH3,CH3+,CH3CCH,CH3CHO,CH3CN,CH3CNH+,CH3OH,CH3OH2+,CH4,CH4+,CH5+,CL,CL+,CN,CN+,CO,CO+,CO2,CS,CS+,E-,H,H+,H2,H2+,H2CL+,H2CN,H2CO,H2CO+,H2COH+,H2CS,H2CS+,H2CSH+,H2NO+,H2O,H2O+,H2S,H2S+,H2S2,H2S2+,H2SIO,H3+,H3O+,H3S+,HC3N,HCL,HCL+,HCN,HCN+,HCNH+,HCO,HCO+,HCO2+,HCOOH,HCS,HCS+,HE,HE+,HEH+,HNC,HNCO,HNO,HNO+,HNS+,HOC+,HOSO+,HS,HS+,HS2,HS2+,HSO+,MG,MG+,N,N+,N2,N2+,N2H+,NCCN,NH,NH+,NH2,NH2+,NH2CHO,NH3,NH3+,NH4+,NO,NO+,NO2,NS,NS+,O,O+,O2,O2+,O2H,O2H+,OCN,OCS,OCS+,OCSH+,OH,OH+,S,S+,S2,S2+,SI,SI+,SIC,SIC+,SIC2,SIC2+,SIC3,SIC3+,SIH,SIH+,SIH2,SIH2+,SIH3,SIH3+,SIH4,SIH4+,SIH5+,SIO,SIO+,SIOH+,SIS,SIS+,SISH+,SO,SO+,SO2,SO2+
0.0,0.0,10000.0,250.0,1.0,1.0,21.2875,1e-30,1e-30,1e-30,1e-30,1e-30,1e-30,1e-30,1e-30,1e-30,1e-30,1e-30,1e-30,1e-30,1e-30,1e-30,1e-30,1e-30,1e-30,1e-30,1e-30,1e-30,1e-30,1e-30,1e-30,1e-30,1e-30,1e-30,1e-30,1e-30,1e-30,1e-30,1e-30,1e-30,1e-30,1e-30,1e-30,1e-30,1e-30,1e-30,1e-30,1e-30,1e-30,1e-30,0.00015,1e-30,1.5e-07,2.7849999999999998e-08,1e-30,1e-30,0.0,1e-30,0.5,1e-30,1e-30,1e-30,1e-30,1e-30,1e-30,1e-30,1e-30,1e-30,1e-30,0.0001075,1e-30,8.75e-06,1e-30,1e-30,1e-30,1e-30,1e-30,1e-30,1e-30,1e-30,1e-30,1e-30,1.295e-07,1e-30,1e-30,1e-30,1e-30,1e-30,1e-30,1e-30,1e-30,1e-30,1e-30,1e-30,1e-30,1e-30,1e-30,1e-30,1e-30,1e-30,1e-30,1e-30,1e-30,1e-30,1e-30,1e-30,1e-30,1e-30,1e-30,1e-30,2e-05,1e-30,1e-30,1e-30,1e-30,1e-30,1e-30,1e-30,1e-30,3.125e-07,1e-30,1e-30,1e-30,1e-30,1e-30,1e-30,1e-30,1e-30,1e-30,1e-30,1e-30,1e-30,1e-30,1e-30,1e-30,1e-30,1e-30,1e-30,1e-30,1e-30,1e-30,1e-30,1e-30,1e-30,1e-30,1e-30,1e-30,1e-30,1e-30,1e-30,1e-30,1e-30,1e-30,1e-30,1e-30,1e-30,1e-30,1e-30,1e-30,1e-30,1e-30,1e-30,1e-30,1e-30,1e-30,1e-30,1.53e-06,1e-30,1.8599999999999998e-06,1e-30
0.031536,1e-09,10000.0,250.0,1.0,1.0,21.2875,1.0535338045978302e-20,1.0000005725203562e-30,1.0000000000001199e-30,9.999998265356752e-31,9.999999999549753e-31,1.0000000000161402e-30,1.0000000000603347e-30,1.0000001734327585e-30,1.0000000000000003e-30,9.999999999999987e-31,9.999999999999987e-31,9.999999999999994e-31,9.999999999844961e-31,9.9999999999999e-31,1.0000000000031674e-30,9.999999999999535e-31,1e-30,1e-30,1.0000000000000043e-30,9.999999999999987e-31,1e-30,9.999999999721938e-31,9.9999999994107e-31,9.999998106266477e-31,1.00000830611983e-30,9.999999368762988e-31,9.999999999999996e-31,9.999999999999994e-31,1.0000000001664715e-30,1.0000002522829707e-30,1e-30,9.999999999999992e-31,9.99999999999999e-31,1.0000000000004037e-30,1.000000000000098e-30,9.999999999999686e-31,1.0000000001926044e-30,9.99999990691827e-31,1.0000000089491857e-30,9.999999999994368e-31,9.999998423200121e-31,1.0699849539992246e-22,9.999998422248214e-31,0.00015,1.8448558205507132e-22,1.5e-07,2.7849999999999978e-08,2.3010972314243112e-25,1.975703525566912e-19,9.627574135957625e-20,4.509648000362695e-21,0.5,1.8921596893129246e-19,1.0000002048728238e-30,1.000019085447651e-30,1.0000000000104042e-30,9.999999999248124e-31,1.0000000000342054e-30,1.0000000000004963e-30,1e-30,1.0000000000094914e-30,1e-30,0.00010749999999999997,1.0214430931157039e-21,8.749999999999986e-06,2.241184681772035e-21,9.999999999999994e-31,1e-30,9.999999999999999e-31,3.102999863556048e-26,9.113400450697015e-29,1.0055540682618206e-30,1.0000000000278505e-30,1.0000000001117342e-30,9.999999526959926e-31,1.294999999999999e-07,1.012431822722778e-30,1.000048127386074e-30,1.0000000000967736e-30,2.159088513876628e-29,1.0105170412600814e-30,1e-30,1.0036339014758538e-30,1.0081638687953237e-30,1.000000236649897e-30,9.99999999870075e-31,9.999997634800283e-31,9.999999999690925e-31,9.999999999999978e-31,9.999999999999996e-31,9.999999999226402e-31,1e-30,1.1908633301187945e-29,1.0341728710793921e-30,6.145183801037769e-21,1.252689049715106e-30,9.999999999999994e-31,1.0000000000006548e-30,1.0000000103910913e-30,1e-30,1e-30,6.444696969999999e-22,9.999998878924643e-31,2e-05,9.999996845318306e-31,2.193423457201952e-30,1.0000000000316367e-30,3.42116335e-23,9.999999307956848e-31,1.0650791350000463e-22,1.0000001426450624e-30,9.999999999999987e-31,3.1249999999999987e-07,2.840211105850701e-23,1.0010303892841196e-30,1.000000122343838e-30,1.0000000000069477e-30,9.999999999999996e-31,9.999999999999999e-31,1e-30,1.6101773599721603e-20,9.999998046182801e-31,1.0000001010371985e-30,9.99999999995597e-31,1e-30,9.999998990092604e-31,9.999999999999994e-31,1.0000331542197999e-30,9.999999999955201e-31,9.999999998742365e-31,4.4410572001050535e-20,1.0000000189243871e-30,9.643462394464082e-21,1.2224541128312938e-30,1.0000000000008764e-30,1.0005588567378367e-30,1.0000000000290714e-30,1.0000000000288306e-30,1.0000000000000004e-30,1e-30,1e-30,1e-30,9.999999999999994e-31,1e-30,1.0000000000000008e-30,9.999999999701759e-31,1e-30,1.0000000000000004e-30,1.0000000001215773e-30,1.0000000000000055e-30,1.000000000074273e-30,9.999998421984344e-31,1.000000157605714e-30,1.000000000000396e-30,9.999999495050314e-31,1.0000000505067209e-30,1.0000000000016279e-30,1e-30,9.999999999581408e-31,1.5299999999999985e-06,2.8443422260393527e-22,1.8599999999999979e-06,8.452468033445491e-23
0.04560371032913122,1.4460841682246074e-09,10000.0,250.0,1.0,1.0,21.2875,1.5234985554733098e-20,1.0000011972594299e-30,1.0000000000001733e-30,9.999997491559957e-31,9.999999999348907e-31,1.0000000000233307e-30,1.000000000087249e-30,1.0000002507983663e-30,1.0000000000000004e-30,9.99999999999998e-31,9.999999999999978e-31,9.99999999999999e-31,9.999999999775802e-31,9.999999999999855e-31,1.0000000000045804e-30,9.999999999999328e-31,1e-30,1e-30,1.0000000000000062e-30,9.999999999999982e-31,1e-30,9.999999999597898e-31,9.999999999147822e-31,9.999997261502058e-31,1.0000173693824765e-30,9.999999087178086e-31,9.999999999999994e-31,9.999999999999992e-31,1.0000000002407318e-30,1.0000003648224049e-30,1e-30,9.999999999999987e-31,9.999999999999987e-31,1.0000000000005837e-30,1.0000000000001416e-30,9.999999999999542e-31,1.000000000278522e-30,9.999999865395984e-31,1.0000000129412759e-30,9.999999999991854e-31,9.99999771981474e-31,1.5472882977554719e-22,9.999997718438199e-31,0.00015,2.667816668085528e-22,1.4999999999999997e-07,2.784999999999997e-08,3.327575763089566e-25,2.8570335894233914e-19,1.3922284545998762e-19,6.521330576733057e-21,0.5,2.736221970040789e-19,1.0000002962633441e-30,1.0000399107136683e-30,1.0000000000150453e-30,9.999999998912725e-31,1.0000000000494638e-30,1.0000000000007175e-30,1e-30,1.0000000000137253e-30,1e-30,0.00010749999999999996,1.4770926440407314e-21,8.74999999999998e-06,3.240941686429981e-21,9.999999999999992e-31,1e-30,9.999999999999997e-31,6.488757966689406e-26,1.8948457048527604e-28,1.0116145501986243e-30,1.0000000000402743e-30,1.0000000001615772e-30,9.999999315944188e-31,1.2949999999999986e-07,1.0259969113774374e-30,1.0001005545410984e-30,1.0000000001399429e-30,4.4058822340516305e-29,1.0219928098354086e-30,9.999999999999999e-31,1.0075990673079153e-30,1.0170719056111038e-30,1.0000003422156516e-30,9.999999998121175e-31,9.999996579722314e-31,9.999999999553053e-31,9.999999999999966e-31,9.999999999999994e-31,9.999999998881311e-31,1e-30,2.3811690906101956e-29,1.071460928880549e-30,8.886453005089314e-21,1.5284130619381283e-30,9.999999999999992e-31,1.0000000000011262e-30,1.0000000314203691e-30,1e-30,1e-30,9.319574252861254e-22,9.999998380600634e-31,2e-05,9.99999543806507e-31,3.495638490715976e-30,1.000000000066142e-30,4.947290112736844e-23,9.999998999575574e-31,1.5401940705691142e-22,1.000000208263625e-30,9.999999999999982e-31,3.124999999999998e-07,4.107184273752125e-23,1.0021547127953159e-30,1.0000002557821619e-30,1.0000000000100469e-30,9.999999999999994e-31,9.999999999999997e-31,1e-30,2.328451988244857e-20,9.999997288230152e-31,1.0000001461348287e-30,9.999999999936331e-31,9.999999999999999e-31,9.999998539588936e-31,9.999999999999992e-31,1.0000693306747258e-30,9.999999999935217e-31,9.999999998181355e-31,6.422142507210473e-20,1.0000000273662445e-30,1.394525829505784e-20,1.4651869914223841e-30,1.0000000000012674e-30,1.0011686585290888e-30,1.0000000000420397e-30,1.0000000000416915e-30,1.0000000000000006e-30,1e-30,1e-30,1e-30,9.999999999999992e-31,1e-30,1.0000000000000011e-30,9.999999999568721e-31,1e-30,1.0000000000000008e-30,1.000000000175811e-30,1.000000000000008e-30,1.0000000001074049e-30,9.999997718056625e-31,1.0000002279111198e-30,1.0000000000005725e-30,9.99999926980026e-31,1.0000000730369687e-30,1.0000000000023541e-30,1e-30,9.999999999394682e-31,1.5299999999999976e-06,4.1131582576527893e-22,1.8599999999999968e-06,1.2222980159333838e-22
0.0659468035192574,2.0911594215898465e-09,10000.0,250.0,1.0,1.0,21.2875,2.2031071413374728e-20,1.0000025037009621e-30,1.0000000000002502e-30,9.999996372584769e-31,9.999999999058467e-31,1.000000000033718e-30,1.0000000001261691e-30,1.000000362675547e-30,1.0000000000000006e-30,9.999999999999971e-31,9.99999999999997e-31,9.999999999999985e-31,9.999999999675793e-31,9.99999999999979e-31,1.0000000000066235e-30,9.999999999999029e-31,1e-30,1e-30,1.000000000000009e-30,9.999999999999973e-31,1e-30,9.999999999418529e-31,9.999999998767681e-31,9.999996039901747e-31,1.0000363220924816e-30,9.999998679982545e-31,9.999999999999992e-31,9.999999999999987e-31,1.0000000003481184e-30,1.0000005275638934e-30,1e-30,9.999999999999983e-31,9.999999999999978e-31,1.0000000000008442e-30,1.0000000000002048e-30,9.999999999999337e-31,1.0000000004027664e-30,9.999999805351264e-31,1.0000000187141741e-30,9.99999999998822e-31,9.999996702660363e-31,2.237509106601494e-22,9.99999670066977e-31,0.00014999999999999996,3.8578871874247926e-22,1.4999999999999997e-07,2.7849999999999955e-08,4.811950060038006e-25,4.1315110417466136e-19,2.013279946984213e-19,9.430392901466908e-21,0.5,3.956806852503538e-19,1.0000004284217253e-30,1.0000834596649067e-30,1.0000000000217566e-30,9.999999998427707e-31,1.0000000000715285e-30,1.0000000000010374e-30,1e-30,1.0000000000198479e-30,1e-30,0.0001074999999999999,2.1360002009251874e-21,8.74999999999997e-06,4.686674463480894e-21,9.999999999999987e-31,1e-30,9.999999999999994e-31,1.3568917281266821e-25,3.951512787631105e-28,1.0242882027898043e-30,1.0000000000582398e-30,1.0000000002336542e-30,9.999999010797619e-31,1.2949999999999978e-07,1.0543636663327628e-30,1.0002101554382407e-30,1.0000000002023693e-30,9.104285876539088e-29,1.0459904711198441e-30,9.999999999999999e-31,1.0158908611955952e-30,1.0357000107970925e-30,1.0000004948725981e-30,9.99999999728306e-31,9.999995053990961e-31,9.999999999353678e-31,9.99999999999995e-31,9.99999999999999e-31,9.999999998382279e-31,1e-30,4.870288127657447e-29,1.1494362182901161e-30,1.285055900193646e-20,2.104995877024257e-30,9.999999999999987e-31,1.0000000000021709e-30,1.0000000950117526e-30,1e-30,1e-30,1.347688877719544e-21,9.999997661913482e-31,2e-05,9.999993403058791e-31,6.218777611200974e-30,1.0000000001382916e-30,7.154197863034441e-23,9.999998553988441e-31,2.227250256982622e-22,1.0000003053215695e-30,9.999999999999975e-31,3.124999999999997e-07,5.939334117537917e-23,1.0045058617487666e-30,1.00000053479696e-30,1.0000000000145284e-30,9.999999999999994e-31,9.999999999999996e-31,1e-30,3.367137556627438e-20,9.99999631613809e-31,1.0000002113787527e-30,9.99999999990793e-31,9.999999999999999e-31,9.99999788812275e-31,9.999999999999987e-31,1.0001449813716457e-30,9.999999999906317e-31,9.999999997370088e-31,9.286958605721526e-20,1.0000000395738719e-30,2.016601724183997e-20,1.972780091900853e-30,1.0000000000018328e-30,1.0024438512887834e-30,1.000000000060793e-30,1.0000000000602894e-30,1.0000000000000008e-30,1e-30,1e-30,1e-30,9.999999999999987e-31,1e-30,1.0000000000000017e-30,9.999999999376337e-31,1e-30,1.000000000000001e-30,1.0000000002542375e-30,1.0000000000000115e-30,1.0000000001553167e-30,9.999996700117982e-31,1.000000329578645e-30,1.0000000000008277e-30,9.999998944069732e-31,1.0000001056176026e-30,1.0000000000034042e-30,1e-30,9.999999999124657e-31,1.5299999999999964e-06,5.947973033386232e-22,1.8599999999999957e-06,1.767545804888175e-22
0.09536462851421697,3.023992532794805e-09,10000.0,250.0,1.0,1.0,21.2875,3.185878357944155e-20,1.0000052356966016e-30,1.0000000000003618e-30,9.999994754452687e-31,9.999999998638464e-31,1.0000000000487164e-30,1.000000000182451e-30,1.0000005244593668e-30,1.000000000000001e-30,9.999999999999957e-31,9.999999999999955e-31,9.999999999999976e-31,9.99999999953117e-31,9.9999999999997e-31,1.0000000000095781e-30,9.999999999998596e-31,1e-30,1e-30,1.0000000000000132e-30,9.999999999999962e-31,1e-30,9.999999999159143e-31,9.999999998217964e-31,9.999994273365192e-31,1.0000759552058906e-30,9.999998091143373e-31,9.999999999999989e-31,9.999999999999982e-31,1.0000000005034081e-30,1.0000007629017717e-30,1e-30,9.999999999999975e-31,9.999999999999968e-31,1.0000000000012208e-30,1.0000000000002963e-30,9.999999999999041e-31,1.000000000582434e-30,9.999999718521546e-31,1.000000027062271e-30,9.999999999982965e-31,9.999995231769707e-31,3.2356264908517776e-22,9.999995228891139e-31,0.00014999999999999996,5.5788290456570835e-22,1.4999999999999997e-07,2.784999999999994e-08,6.958480111974372e-25,5.974512708310473e-19,2.91137313631728e-19,1.363714187270517e-20,0.5,5.721874869684663e-19,1.0000006195338606e-30,1.000174527464588e-30,1.000000000031462e-30,9.999999997726336e-31,1.000000000103436e-30,1.0000000000015002e-30,1e-30,1.000000000028702e-30,1e-30,0.00010749999999999986,3.0888358932264737e-21,8.749999999999959e-06,6.777325744994012e-21,9.999999999999982e-31,1e-30,9.999999999999992e-31,2.8374657196887773e-25,8.252331402915972e-28,1.0507914921492496e-30,1.0000000000842195e-30,1.0000000003378838e-30,9.999998569529883e-31,1.2949999999999967e-07,1.1136830561802488e-30,1.0004393141139078e-30,1.000000000292643e-30,1.8929396278755071e-28,1.0961734056730055e-30,1e-30,1.0332303241054026e-30,1.0746543204212035e-30,1.0000007156273507e-30,9.999999996071075e-31,9.99999284765542e-31,9.999999999065366e-31,9.999999999999927e-31,9.999999999999987e-31,9.99999999766064e-31,1e-30,1.0075432651435636e-28,1.3124950281754027e-30,1.858298992519699e-20,3.310722309393096e-30,9.999999999999982e-31,1.0000000000047789e-30,1.0000002873101722e-30,1e-30,1e-30,1.948871549316537e-21,9.99999662667004e-31,2.0000000000000005e-05,9.999990460269165e-31,1.1913295432326431e-29,1.0000000002891577e-30,1.0345572221472007e-22,9.999997910380867e-31,3.220791330836048e-22,1.0000004502091175e-30,9.999999999999962e-31,3.124999999999996e-07,8.588777009063544e-23,1.0094225170375281e-30,1.0000011182237707e-30,1.0000000000210092e-30,9.99999999999999e-31,9.999999999999992e-31,1e-30,4.869164312828949e-20,9.999995169654791e-31,1.000000305787507e-30,9.999999999866858e-31,9.999999999999997e-31,9.999996946047887e-31,9.999999999999982e-31,1.000303178984832e-30,9.999999999864527e-31,9.999999996196926e-31,1.3429723810660822e-19,1.0000000572271168e-30,2.916175826912339e-20,3.0342380486644095e-30,1.0000000000026508e-30,1.0051104826409694e-30,1.0000000000879118e-30,1.0000000000871833e-30,1.000000000000001e-30,1e-30,1e-30,1e-30,9.999999999999982e-31,1e-30,1.0000000000000025e-30,9.999999999098132e-31,1e-30,1.0000000000000013e-30,1.0000000003676488e-30,1.0000000000000167e-30,1.0000000002246013e-30,9.99999522809321e-31,1.0000004765984257e-30,1.000000000001197e-30,9.999998473035991e-31,1.0000001527319392e-30,1.0000000000049228e-30,1e-30,9.999999998734178e-31,1.5299999999999949e-06,8.601269632256893e-22,1.8599999999999936e-06,2.5560199998791723e-22
0.13790527950303014,4.372947726504e-09,10000.0,250.0,1.0,1.0,21.2875,4.607048255263812e-20,1.000010948761226e-30,1.0000000000005233e-30,9.999992414497962e-31,9.999999998031106e-31,1.0000000000703596e-30,1.0000000002638395e-30,1.0000007584123868e-30,1.0000000000000013e-30,9.99999999999994e-31,9.999999999999933e-31,9.999999999999966e-31,9.999999999322032e-31,9.99999999999956e-31,1.0000000000138505e-30,9.999999999997967e-31,1e-30,1e-30,1.000000000000019e-30,9.999999999999947e-31,1e-30,9.99999999878405e-31,9.999999997423027e-31,9.999991718805345e-31,1.0001588343287104e-30,9.999997239632063e-31,9.999999999999983e-31,9.999999999999973e-31,1.0000000007279706e-30,1.000001103220127e-30,1e-30,9.999999999999962e-31,9.999999999999955e-31,1.0000000000017652e-30,1.0000000000004282e-30,9.999999999998614e-31,1.0000000008422484e-30,9.999999592958467e-31,1.0000000391343208e-30,9.999999999975363e-31,9.999993104738399e-31,4.678988238243483e-22,9.999993100575743e-31,0.00014999999999999996,8.067455238151525e-22,1.4999999999999986e-07,2.7849999999999912e-08,1.0062542988685725e-24,8.639648240340036e-19,4.2100924378900605e-19,1.9720454957746328e-20,0.5,8.274310828835795e-19,1.000000895898079e-30,1.0003649647518934e-30,1.0000000000454966e-30,9.999999996712089e-31,1.000000000149577e-30,1.0000000000021693e-30,1e-30,1.0000000000415055e-30,1e-30,0.0001074999999999998,4.46671630614495e-21,8.749999999999935e-06,9.80058346684496e-21,9.999999999999973e-31,1e-30,9.999999999999987e-31,5.933581384424888e-25,1.724602837284704e-27,1.1062160953134544e-30,1.0000000001217882e-30,1.0000000004886082e-30,9.99999793141936e-31,1.2949999999999956e-07,1.2377293159227025e-30,1.0009185109767618e-30,1.0000000004231868e-30,3.9475266533321893e-28,1.2011139191505601e-30,9.999999999999996e-31,1.0694899053341125e-30,1.1561139538029519e-30,1.0000010348572173e-30,9.999999994318441e-31,9.999989657109388e-31,9.999999998648448e-31,9.999999999999892e-31,9.999999999999978e-31,9.99999999661709e-31,1e-30,2.096021905999077e-28,1.6534771427342606e-30,2.6872567528881472e-20,5.832088033423876e-30,9.999999999999973e-31,1.0000000000118701e-30,1.0000008688176185e-30,9.999999999999999e-31,1.0000000000000003e-30,2.818232292923922e-21,9.999995138066392e-31,2e-05,9.999986204749202e-31,2.3821439606498169e-29,1.0000000006046287e-30,1.4960568156086543e-22,9.999996981236284e-31,4.657535348216502e-22,1.0000006692091678e-30,9.999999999999947e-31,3.1249999999999934e-07,1.2420094447122584e-22,1.0197041117938298e-30,1.0000023382078511e-30,1.0000000000303808e-30,9.999999999999983e-31,9.999999999999992e-31,1e-30,7.041221425221856e-20,9.999994053863107e-31,1.0000004424371298e-30,9.999999999807466e-31,9.999999999999999e-31,9.9999955837285e-31,9.999999999999973e-31,1.000633995335412e-30,9.999999999804096e-31,9.999999994500433e-31,1.942051098621086e-19,1.0000000827551927e-30,4.2170356950126794e-20,5.253915439370255e-30,1.0000000000038328e-30,1.0106868339159338e-30,1.0000000001271276e-30,1.0000000001260742e-30,1.0000000000000018e-30,1e-30,1e-30,1e-30,9.999999999999973e-31,1e-30,1.0000000000000036e-30,9.999999998695823e-31,1e-30,1.0000000000000022e-30,1.0000000005316506e-30,1.000000000000024e-30,1.0000000003247927e-30,9.999993099421872e-31,1.0000006892013647e-30,1.000000000001731e-30,9.999997791881598e-31,1.0000002208632317e-30,1.0000000000071187e-30,1e-30,9.99999999816952e-31,1.5299999999999928e-06,1.243815983760908e-21,1.8599999999999909e-06,3.696220049523012e-22
0.19942264140392055,6.3236504757711994e-09,10000.0,250.0,1.0,1.0,21.2875,6.662179544130729e-20,1.0000228957280265e-30,1.0000000000007566e-30,9.99998903072745e-31,9.999999997152815e-31,1.0000000001015604e-30,1.0000000003815342e-30,1.0000010967281454e-30,1.0000000000000018e-30,9.999999999999912e-31,9.999999999999903e-31,9.99999999999995e-31,9.9999999990196e-31,9.999999999999365e-31,1.0000000000200292e-30,9.999999999997058e-31,1e-30,1e-30,1.0000000000000274e-30,9.99999999999992e-31,1e-30,9.999999998241634e-31,9.99999999627348e-31,9.999988024698396e-31,1.0003321477356335e-30,9.999996008274397e-31,9.999999999999976e-31,9.999999999999962e-31,1.0000000010527066e-30,1.0000015953490615e-30,1e-30,9.999999999999943e-31,9.999999999999933e-31,1.0000000000025525e-30,1.0000000000006191e-30,9.999999999997993e-31,1.0000000012179621e-30,9.999999411383688e-31,1.0000000565915216e-30,9.999999999964371e-31,9.999990028872899e-31,6.766210810162613e-22,9.99999002285335e-31,0.00014999999999999993,1.1666216956328663e-21,1.4999999999999978e-07,2.784999999999987e-08,1.4551278653238751e-24,1.2493658539380802e-18,6.088151864048672e-19,2.851743769627571e-20,0.5,1.1965346059925278e-18,1.0000012955439685e-30,1.0007631994794607e-30,1.000000000065792e-30,9.999999995245406e-31,1.0000000002163007e-30,1.0000000000031369e-30,1e-30,1.0000000000600207e-30,1e-30,0.00010749999999999971,6.459246945772289e-21,8.749999999999908e-06,1.4172468599845663e-20,9.999999999999962e-31,1e-30,9.999999999999982e-31,1.2408051051744962e-24,3.60532813244522e-27,1.2221238242079022e-30,1.0000000001761156e-30,1.000000000706569e-30,9.99999700865735e-31,1.2949999999999935e-07,1.4971297109421162e-30,1.0019206911252081e-30,1.0000000006119636e-30,8.243995086230793e-28,1.4205612536808769e-30,9.999999999999994e-31,1.1453144702427488e-30,1.3264589854964093e-30,1.0000014964902935e-30,9.999999991783987e-31,9.999985043313082e-31,9.999999998045557e-31,9.999999999999845e-31,9.99999999999997e-31,9.999999995108026e-31,1e-30,4.372204089776122e-28,2.366525552397586e-30,3.8859994463081826e-20,1.1104664316697825e-29,9.999999999999962e-31,1.0000000000321615e-30,1.0000026272917256e-30,9.999999999999997e-31,1.0000000000000003e-30,4.075401100730515e-21,9.999993003081117e-31,2e-05,9.999980050912365e-31,4.8723266522611477e-29,1.0000000012643081e-30,2.163424071355346e-22,9.99999564089006e-31,6.735188125542068e-22,1.0000010057268291e-30,9.999999999999924e-31,3.1249999999999897e-07,1.7960501975401397e-22,1.0412048218153578e-30,1.0000048893104009e-30,1.000000000043933e-30,9.999999999999975e-31,9.999999999999987e-31,1e-30,1.018219882793315e-19,9.99999357399273e-31,1.0000006403087632e-30,9.99999999972158e-31,9.999999999999996e-31,9.99999361370033e-31,9.999999999999962e-31,1.0013257849499275e-30,9.999999999716704e-31,9.999999992047164e-31,2.80836934760092e-19,1.0000001196710035e-30,6.098188555351359e-20,9.895613469253567e-30,1.0000000000055427e-30,1.0223478734248727e-30,1.0000000001838373e-30,1.0000000001823137e-30,1.0000000000000025e-30,1e-30,1e-30,1e-30,9.999999999999962e-31,1e-30,1.0000000000000053e-30,9.999999998114053e-31,1e-30,1.000000000000003e-30,1.0000000007688115e-30,1.0000000000000348e-30,1.0000000004696777e-30,9.999990021184752e-31,1.0000009966430287e-30,1.0000000000025032e-30,9.999996806875093e-31,1.000000319386807e-30,1.0000000000102944e-30,1e-30,9.99999999735297e-31,1.5299999999999896e-06,1.7986626019038172e-21,1.8599999999999866e-06,5.345045288277608e-22
0.2883819245197426,9.144530838398738e-09,10000.0,250.0,1.0,1.0,21.2875,9.634072364575033e-20,1.0000478787949776e-30,1.000000000001094e-30,9.999984137512506e-31,9.99999999588273e-31,1.000000000146477e-30,1.0000000005517305e-30,1.0000015859612082e-30,1.0000000000000027e-30,9.99999999999987e-31,9.999999999999859e-31,9.999999999999927e-31,9.999999998582262e-31,9.999999999999081e-31,1.0000000000289639e-30,9.999999999995746e-31,1e-30,1e-30,1.0000000000000397e-30,9.999999999999885e-31,1e-30,9.999999997457255e-31,9.999999994611141e-31,9.999982682712578e-31,1.0006945736247684e-30,9.999994227626232e-31,9.999999999999964e-31,9.999999999999945e-31,1.0000000015223024e-30,1.0000023070088154e-30,1e-30,9.999999999999917e-31,9.999999999999903e-31,1.0000000000036913e-30,1.0000000000008953e-30,9.999999999997097e-31,1.0000000017612757e-30,9.99999914881128e-31,1.000000081836102e-30,9.999999999948479e-31,9.999985580914167e-31,9.784510326965505e-22,9.999985572209408e-31,0.00014999999999999988,1.6870326752200745e-21,1.4999999999999968e-07,2.7849999999999803e-08,2.1042367148550113e-24,1.806688181699829e-18,8.803988060363529e-19,4.123861515403014e-20,0.5,1.7302889489968847e-18,1.0000018734654968e-30,1.0015959717820121e-30,1.0000000000951405e-30,9.999999993124456e-31,1.0000000003127886e-30,1.0000000000045363e-30,1e-30,1.0000000000867951e-30,1e-30,0.00010749999999999958,9.340613098553517e-21,8.749999999999865e-06,2.0494582486366186e-20,9.999999999999945e-31,1e-30,9.999999999999973e-31,2.5947193927832176e-24,7.538224189574186e-27,1.4645236519769589e-30,1.000000000254678e-30,1.0000000010217586e-30,9.999995674264794e-31,1.2949999999999904e-07,2.0395769805980254e-30,1.0040169162508541e-30,1.000000000884951e-30,1.722859376832302e-27,1.879460587640841e-30,9.999999999999992e-31,1.30387572353828e-30,1.682677555336459e-30,1.0000021640502e-30,9.999999988118952e-31,9.999978371379054e-31,9.999999997173753e-31,9.999999999999775e-31,9.999999999999955e-31,9.999999992925793e-31,1e-30,9.132063362171607e-28,3.857624808667101e-30,5.619482277088675e-20,2.2130457636370156e-29,9.999999999999945e-31,1.0000000000918571e-30,1.0000079448961824e-30,9.999999999999996e-31,1.0000000000000004e-30,5.89337301048545e-21,9.999989952644448e-31,1.9999999999999998e-05,9.999971151953034e-31,1.0079695400066968e-28,1.0000000026437728e-30,3.1284932942821486e-22,9.999993709485283e-31,9.7396489139011e-22,1.0000015338172498e-30,9.999999999999889e-31,3.124999999999985e-07,2.597239766630848e-22,1.0861670092192405e-30,1.0000102239587925e-30,1.0000000000635308e-30,9.999999999999962e-31,9.999999999999982e-31,1.0000000000000003e-30,1.4724316522745865e-19,9.999995250719002e-31,1.000000927001492e-30,9.999999999597382e-31,9.999999999999994e-31,9.99999076487447e-31,9.999999999999945e-31,1.0027724271554943e-30,9.99999999959033e-31,9.999999988499532e-31,4.061138452101534e-19,1.0000001730547148e-30,8.818493924697697e-20,1.9602140230722685e-29,1.0000000000080153e-30,1.0467329660740256e-30,1.0000000002658441e-30,1.0000000002636409e-30,1.0000000000000038e-30,1e-30,1e-30,1e-30,9.999999999999945e-31,1e-30,1.0000000000000078e-30,9.999999997272762e-31,1e-30,1.0000000000000045e-30,1.0000000011117658e-30,1.0000000000000504e-30,1.0000000006791937e-30,9.999985569796466e-31,1.0000014412293841e-30,1.0000000000036198e-30,9.999995382472953e-31,1.0000004618601722e-30,1.0000000000148866e-30,1e-30,9.999999996172174e-31,1.529999999999985e-06,2.6010175122462182e-21,1.8599999999999805e-06,7.729385358771423e-22
0.4170245354501427,1.3223761271250085e-08,10000.0,250.0,1.0,1.0,21.2875,1.3931679521860647e-19,1.0001001224499543e-30,1.000000000001582e-30,9.999977061516082e-31,9.999999994046083e-31,1.0000000002110064e-30,1.0000000007978488e-30,1.0000022934333946e-30,1.0000000000000043e-30,9.999999999999812e-31,9.999999999999796e-31,9.999999999999892e-31,9.999999997949831e-31,9.99999999999867e-31,1.0000000000418845e-30,9.99999999999385e-31,1e-30,1e-30,1.0000000000000574e-30,9.999999999999834e-31,1e-30,9.99999999632298e-31,9.99999999220726e-31,9.999974957760579e-31,1.0014524638295244e-30,9.999991652656312e-31,9.999999999999948e-31,9.999999999999919e-31,1.0000000022013773e-30,1.0000033361284947e-30,1e-30,9.99999999999988e-31,9.999999999999859e-31,1.000000000005338e-30,1.0000000000012947e-30,9.9999999999958e-31,1.000000002546953e-30,9.999998769109493e-31,1.0000001183418892e-30,9.999999999925494e-31,9.999979148794965e-31,1.4149225473152296e-21,9.999979136207188e-31,0.00014999999999999985,2.4395902205267204e-21,1.4999999999999952e-07,2.7849999999999713e-08,3.0429025188210797e-24,2.6126231764741743e-18,1.2731324555907232e-18,5.963450845892613e-20,0.5,2.5021417796157897e-18,1.0000027091885325e-30,1.0033374314285222e-30,1.000000000137581e-30,9.999999990057385e-31,1.0000000004523184e-30,1.0000000000065599e-30,1e-30,1.0000000001255132e-30,1e-30,0.0001074999999999994,1.3507309276789685e-20,8.749999999999808e-06,2.9636891309106915e-20,9.999999999999919e-31,1e-30,9.99999999999996e-31,5.4259683879094076e-24,1.576253573535956e-26,1.9714756396761098e-30,1.0000000003682855e-30,1.0000000014775497e-30,9.999993744618711e-31,1.294999999999986e-07,3.173919791901513e-30,1.0084022710958747e-30,1.0000000012797137e-30,3.601681662892812e-27,2.839092170960704e-30,9.999999999999987e-31,1.6354525822643163e-30,2.427587369240692e-30,1.0000031293972248e-30,9.999999982819001e-31,9.999968723208756e-31,9.999999995913131e-31,9.999999999999675e-31,9.999999999999936e-31,9.9999999897701e-31,1e-30,1.908568627492798e-27,6.97575516993951e-30,8.126244354675815e-20,4.518713636187501e-29,9.999999999999919e-31,1.0000000002699676e-30,1.000024025261857e-30,9.999999999999994e-31,1.0000000000000006e-30,8.522313407459095e-21,9.999985618686393e-31,1.9999999999999998e-05,9.99995828332284e-31,2.096913292764397e-28,1.0000000055284103e-30,4.524064618797414e-22,9.999990930833166e-31,1.4084352093999992e-21,1.0000023841748039e-30,9.99999999999984e-31,3.124999999999978e-07,3.7558273347075996e-22,1.1801924549622871e-30,1.000021379394558e-30,1.0000000000918708e-30,9.999999999999947e-31,9.999999999999975e-31,1.0000000000000003e-30,2.129260101142864e-19,1.0000002632829589e-30,1.0000013427411681e-30,9.999999999417782e-31,9.999999999999992e-31,9.999986645233929e-31,9.99999999999992e-31,1.0057975863953366e-30,9.999999999407583e-31,9.999999983369354e-31,5.872748020575004e-19,1.000000250253395e-30,1.2752284452046034e-19,3.9900023609947575e-29,1.0000000000115914e-30,1.0977260823688459e-30,1.000000000384433e-30,1.0000000003812468e-30,1.0000000000000055e-30,1e-30,1e-30,1e-30,9.999999999999919e-31,1e-30,1.0000000000000113e-30,9.999999996056186e-31,1e-30,1.0000000000000064e-30,1.0000000016077063e-30,1.0000000000000728e-30,1.0000000009821716e-30,9.99997913271784e-31,1.000002084138324e-30,1.0000000000052345e-30,9.999993322667926e-31,1.0000006678886142e-30,1.0000000000215272e-30,1e-30,9.999999994464639e-31,1.529999999999978e-06,3.7612902455003986e-21,1.8599999999999718e-06,1.117734177918584e-21
0.6030525784756718,1.912267181873642e-08,10000.0,250.0,1.0,1.0,21.2875,2.0146381193219882e-19,1.0002093723755546e-30,1.0000000000022875e-30,9.999966829038533e-31,9.999999991390136e-31,1.0000000003034359e-30,1.0000000011537565e-30,1.0000033164977229e-30,1.000000000000006e-30,9.999999999999726e-31,9.999999999999703e-31,9.999999999999843e-31,9.999999997035284e-31,9.999999999998076e-31,1.0000000000605686e-30,9.999999999991104e-31,1e-30,1e-30,1.0000000000000828e-30,9.999999999999759e-31,1e-30,9.99999999468272e-31,9.999999988731044e-31,9.999963786852658e-31,1.0030373329156434e-30,9.999987929027218e-31,9.999999999999927e-31,9.999999999999883e-31,1.0000000031833766e-30,1.0000048243217012e-30,1e-30,9.999999999999827e-31,9.999999999999796e-31,1.0000000000077191e-30,1.000000000001872e-30,9.999999999993926e-31,1.0000000036831085e-30,9.999998220028772e-31,1.0000001711323275e-30,9.999999999892257e-31,9.999969847416536e-31,2.046097094481752e-21,9.999969829213665e-31,0.0001499999999999998,3.527850657373904e-21,1.499999999999993e-07,2.784999999999958e-08,4.4002918029250575e-24,3.778073013035535e-18,1.8410602021837982e-18,8.623651848997336e-20,0.5,3.618304109413252e-18,1.0000039177140975e-30,1.0069791011756205e-30,1.0000000001989536e-30,9.999999985622143e-31,1.0000000006540901e-30,1.0000000000094862e-30,1e-30,1.0000000001815027e-30,1e-30,0.00010749999999999913,1.9532698893703194e-20,8.749999999999721e-06,4.2857439404134304e-20,9.999999999999883e-31,1e-30,9.999999999999943e-31,1.1346556489698083e-23,3.296087898987416e-26,3.0317603040097194e-30,1.0000000005325718e-30,1.0000000021366627e-30,9.999990954183598e-31,1.2949999999999798e-07,5.546008750291103e-30,1.0175786399510228e-30,1.0000000018505738e-30,7.530596978657538e-27,4.8458345479917555e-30,9.999999999999982e-31,2.328832654366343e-30,3.985312734796872e-30,1.0000045253686278e-30,9.999999975154828e-31,9.9999547711589e-31,9.999999994090415e-31,9.999999999999528e-31,9.999999999999906e-31,9.999999985206703e-31,1e-30,3.990029362123317e-27,1.3496275262120996e-29,1.1751233308802712e-19,9.34022884345704e-29,9.999999999999883e-31,1.0000000008050886e-30,1.0000726520842451e-30,9.999999999999992e-31,1.000000000000001e-30,1.2323982494728788e-20,9.999979512918682e-31,1.9999999999999995e-05,9.99993967422974e-31,4.374068080992847e-28,1.0000000115605844e-30,6.542178216807186e-22,9.999986942617642e-31,2.036715857837881e-21,1.0000037951551026e-30,9.99999999999977e-31,3.124999999999968e-07,5.43124250884238e-22,1.3768217399331453e-30,1.0000447069513109e-30,1.0000000001328526e-30,9.999999999999922e-31,9.999999999999964e-31,1.000000000000001e-30,3.079089322291076e-19,1.0000023674735814e-30,1.0000019463570028e-30,9.999999999158067e-31,9.999999999999987e-31,9.999980687889967e-31,9.999999999999883e-31,1.0121236762973956e-30,9.999999999143315e-31,9.999999975950687e-31,8.492487936578446e-19,1.0000003618938824e-30,1.8440876654756877e-19,8.234609887390922e-29,1.0000000000167631e-30,1.2043608181283225e-30,1.0000000005559223e-30,1.0000000005513149e-30,1.000000000000008e-30,1e-30,1e-30,1e-30,9.999999999999883e-31,1e-30,1.0000000000000164e-30,9.999999994296916e-31,1e-30,1.0000000000000092e-30,1.0000000023248774e-30,1.0000000000001054e-30,1.0000000014203037e-30,9.99996982416768e-31,1.0000030138380304e-30,1.0000000000075697e-30,9.999990344017237e-31,1.0000009658230074e-30,1.0000000000311301e-30,1e-30,9.999999991995404e-31,1.529999999999968e-06,5.4391422761135925e-21,1.859999999999959e-06,1.616337695643963e-21
0.8720647863406966,2.76529929712296e-08,10000.0,250.0,1.0,1.0,21.2875,2.9133362890327345e-19,1.0004378315515253e-30,1.0000000000033078e-30,9.999952032033265e-31,9.999999987549413e-31,1.0000000004352448e-30,1.000000001668429e-30,1.0000047959348511e-30,1.000000000000009e-30,9.999999999999603e-31,9.999999999999572e-31,9.999999999999773e-31,9.999999995712768e-31,9.99999999999722e-31,1.0000000000875874e-30,9.999999999987135e-31,1e-30,1e-30,1.0000000000001199e-30,9.999999999999652e-31,1e-30,9.999999992310764e-31,9.99999998370415e-31,9.999947632838877e-31,1.006351546611343e-30,9.999982544333887e-31,9.999999999999894e-31,9.99999999999983e-31,1.0000000046034304e-30,1.000006976373356e-30,1e-30,9.999999999999749e-31,9.999999999999705e-31,1.0000000000111625e-30,1.000000000002707e-30,9.999999999991216e-31,1.0000000053260852e-30,9.99999742601189e-31,1.0000002474717393e-30,9.999999999844194e-31,9.999956396855746e-31,2.9588286145160556e-21,9.999956370533206e-31,0.00014999999999999972,5.101564514157291e-21,1.4999999999999901e-07,2.7849999999999392e-08,6.363189965021906e-24,5.463411570546881e-18,2.6623353596605034e-18,1.247052639603797e-19,0.5,5.232364959481346e-18,1.0000056653431858e-30,1.0145944131775365e-30,1.0000000002877035e-30,9.999999979208403e-31,1.0000000009458688e-30,1.000000000013718e-30,1e-30,1.0000000002624685e-30,1e-30,0.00010749999999999872,2.82459115628583e-20,8.749999999999598e-06,6.197546479463152e-20,9.99999999999983e-31,1e-30,9.999999999999919e-31,2.3727435234626502e-23,6.892534648162923e-26,5.249490298590427e-30,1.0000000007701434e-30,1.0000000030897966e-30,9.999986918970222e-31,1.2949999999999708e-07,1.0506416828529212e-29,1.0367862990069186e-30,1.0000000026760853e-30,1.5746580392063845e-26,9.042252020877125e-30,9.999999999999973e-31,3.7788009248756446e-30,7.242765678384298e-30,1.0000065440573301e-30,9.999999964071787e-31,9.999934595354916e-31,9.999999991455361e-31,9.999999999999318e-31,9.999999999999868e-31,9.999999978607645e-31,1e-30,8.342694080545194e-27,2.713175981559698e-29,1.6993272445819608e-19,1.9422774039794505e-28,9.99999999999983e-31,1.0000000024182527e-30,1.0002196990294739e-30,9.999999999999987e-31,1.0000000000000013e-30,1.782151597465839e-20,9.999971021187538e-31,1.999999999999999e-05,9.99991276397607e-31,9.13596117931274e-28,1.0000000241747318e-30,9.460540340567934e-22,9.999981237951828e-31,2.945262556746363e-21,1.000006214661166e-30,9.999999999999668e-31,3.124999999999953e-07,7.854033939375379e-22,1.788026356800564e-30,1.000093488247446e-30,1.000000000192116e-30,9.999999999999887e-31,9.999999999999952e-31,1.0000000000000027e-30,4.452622321511188e-19,1.0000075781607987e-30,1.0000028242995753e-30,9.999999998782502e-31,9.999999999999982e-31,9.999972073075455e-31,9.999999999999838e-31,1.0253525383003031e-30,9.99999999876116e-31,9.99999996522267e-31,1.2280852354039298e-18,1.0000005233509752e-30,2.6667059778584017e-19,1.7110750382827837e-28,1.000000000024244e-30,1.427351051058627e-30,1.0000000008039106e-30,1.0000000007972471e-30,1.0000000000000113e-30,1e-30,1e-30,1e-30,9.99999999999983e-31,1e-30,1.0000000000000239e-30,9.99999999175286e-31,1e-30,1.0000000000000132e-30,1.0000000033619658e-30,1.0000000000001523e-30,1.00000000205388e-30,9.999956363235991e-31,1.0000043582605252e-30,1.0000000000109465e-30,9.999986036639206e-31,1.0000013966610596e-30,1.0000000000450168e-30,1e-30,9.999999988424678e-31,1.5299999999999538e-06,7.865457534691226e-21,1.859999999999941e-06,2.3373603457034914e-21
1.2610790811934538,3.998855533972139e-08,10000.0,250.0,1.0,1.0,21.2875,4.21292948424627e-19,1.0009155763464969e-30,1.0000000000047834e-30,9.999930634356932e-31,9.999999981995412e-31,1.0000000006219787e-30,1.0000000024126892e-30,1.00000693532546e-30,1.0000000000000125e-30,9.999999999999425e-31,9.999999999999379e-31,9.999999999999673e-31,9.999999993800306e-31,9.999999999995976e-31,1.0000000001266585e-30,9.999999999981395e-31,1e-30,1e-30,1.0000000000001733e-30,9.999999999999496e-31,1e-30,9.99999998888072e-31,9.999999976434841e-31,9.999924272934037e-31,1.0132820954798265e-30,9.999974757588499e-31,9.999999999999847e-31,9.999999999999752e-31,1.0000000066569473e-30,1.0000100884191335e-30,1e-30,9.999999999999636e-31,9.99999999999957e-31,1.000000000016142e-30,1.0000000000039146e-30,9.999999999987296e-31,1.0000000077019675e-30,9.999996277796758e-31,1.000000357864943e-30,9.999999999774691e-31,9.999936946244736e-31,4.278715215457275e-21,9.999936908181128e-31,0.00014999999999999958,7.377282331512705e-21,1.4999999999999854e-07,2.784999999999912e-08,9.20170384713272e-24,7.900552976662523e-18,3.849976381030932e-18,1.803343075925584e-19,0.5,7.566424804284209e-18,1.0000081925606917e-30,1.0305192446185636e-30,1.0000000004160435e-30,9.999999969933594e-31,1.0000000013678049e-30,1.000000000019837e-30,1e-30,1.0000000003795518e-30,1e-30,0.00010749999999999818,4.0845934014803474e-20,8.74999999999942e-06,8.962173883825953e-20,9.999999999999752e-31,1e-30,9.999999999999878e-31,4.961778157643757e-23,1.4413275115754957e-25,9.88864661303378e-30,1.0000000011136918e-30,1.000000004468112e-30,9.999981083692528e-31,1.2949999999999575e-07,2.0879396528020477e-29,1.0770090973699214e-30,1.0000000038698445e-30,3.292749680111733e-26,1.7817627670695728e-29,9.99999999999996e-31,6.810915734732881e-30,1.4054622146262607e-29,1.0000094632439037e-30,9.99999994804478e-31,9.99990541951619e-31,9.999999987647112e-31,9.999999999999011e-31,9.999999999999815e-31,9.999999969064855e-31,1e-30,1.744480535762331e-26,5.564584530086739e-29,2.4573702252045646e-19,4.050694787114451e-28,9.999999999999752e-31,1.0000000072891809e-30,1.0006643692871891e-30,9.999999999999982e-31,1.0000000000000018e-30,2.5771412104269235e-20,9.999959447661245e-31,1.9999999999999988e-05,9.999873849612354e-31,1.9093837026676262e-27,1.0000000505527938e-30,1.3680737604884674e-21,9.999973119495433e-31,4.259097554131825e-21,1.0000105062494114e-30,9.99999999999952e-31,3.1249999999999325e-07,1.135759442057046e-21,2.64798558622884e-30,1.0001954972170756e-30,1.0000000002778157e-30,9.999999999999836e-31,9.999999999999948e-31,1.0000000000000078e-30,6.438866646218628e-19,1.0000196465654267e-30,1.0000041044665553e-30,9.999999998239418e-31,9.999999999999971e-31,9.999959615341704e-31,9.999999999999773e-31,1.0530161969951853e-30,9.999999998208535e-31,9.999999949709054e-31,1.7759146161724915e-18,1.0000007568813638e-30,3.856281295886896e-19,3.5672143381287103e-28,1.0000000000350683e-30,1.893659179355932e-30,1.000000001162522e-30,1.000000001152886e-30,1.0000000000000165e-30,1e-30,1e-30,1e-30,9.999999999999752e-31,1e-30,1.0000000000000342e-30,9.999999988073945e-31,1e-30,1.000000000000019e-30,1.000000004861681e-30,1.00000000000022e-30,1.0000000029700865e-30,9.999936897627828e-31,1.000006302405407e-30,1.0000000000158295e-30,9.999979807811305e-31,1.0000020196888185e-30,1.0000000000650983e-30,1e-30,9.99999998326111e-31,1.529999999999933e-06,1.1374113618255029e-20,1.8599999999999138e-06,3.3800197783108088e-21
1.8236264941930882,5.78268167869447e-08,10000.0,250.0,1.0,1.0,21.2875,6.092250628940203e-19,1.0019146172132291e-30,1.000000000006917e-30,9.999899691596935e-31,9.999999973963858e-31,1.0000000008839129e-30,1.0000000034889521e-30,1.0000100290643488e-30,1.0000000000000183e-30,9.999999999999167e-31,9.999999999999102e-31,9.999999999999526e-31,9.999999991034723e-31,9.99999999999418e-31,1.000000000183159e-30,9.999999999973096e-31,1e-30,1e-30,1.000000000000251e-30,9.999999999999272e-31,1e-30,9.999999983920586e-31,9.999999965922825e-31,9.999890492982486e-31,1.0277749775708088e-30,9.999963497245704e-31,9.99999999999978e-31,9.999999999999642e-31,1.000000009626505e-30,1.000014588694977e-30,1e-30,9.999999999999475e-31,9.999999999999379e-31,1.0000000000233426e-30,1.0000000000056606e-30,9.999999999981628e-31,1.0000000111376944e-30,9.99999461738127e-31,1.0000005175027834e-30,9.999999999674185e-31,9.999908819091002e-31,6.1873823328884375e-21,9.999908764050794e-31,0.0001499999999999994,1.066815164153562e-20,1.4999999999999788e-07,2.7849999999998724e-08,1.3306429496415057e-23,1.1424864579771026e-17,5.5674220272238396e-18,2.607785865394996e-19,0.5,1.0941655070545011e-17,1.0000118471273005e-30,1.0638206059233437e-30,1.000000000601634e-30,9.999999956521428e-31,1.0000000019779595e-30,1.000000000028686e-30,1e-30,1.000000000548864e-30,1e-30,0.00010749999999999738,5.90665926163235e-20,8.74999999999916e-06,1.2960057845869004e-19,9.999999999999642e-31,1e-30,9.999999999999822e-31,1.0375848749242124e-22,3.0140333220637453e-25,1.9594487046016087e-29,1.000000001610492e-30,1.000000006461278e-30,9.999972645349023e-31,1.2949999999999382e-07,4.2570877137970283e-29,1.1612935438640782e-30,1.000000005596121e-30,6.885548752701826e-26,3.616833022590575e-29,9.999999999999941e-31,1.3151551186639548e-29,2.829930983159431e-29,1.0000136846183367e-30,9.999999924868375e-31,9.999863228948263e-31,9.999999982146668e-31,9.99999999999857e-31,9.99999999999975e-31,9.99999995526518e-31,1e-30,3.647875732904892e-26,1.1527368704140315e-28,3.5535641785200065e-19,8.459720911684747e-28,9.999999999999642e-31,1.0000000220085992e-30,1.0020090768341544e-30,9.999999999999975e-31,1.0000000000000025e-30,3.7267631036329557e-20,9.999944188208989e-31,1.999999999999998e-05,9.999817576434904e-31,3.99173375991343e-27,1.0000001057133379e-30,1.9783498055597963e-21,9.999961653411107e-31,6.1590135435128505e-21,1.0000183700736052e-30,9.999999999999305e-31,3.124999999999903e-07,1.6424038079752713e-21,4.4464934606718075e-30,1.0004088135157519e-30,1.0000000004017446e-30,9.999999999999763e-31,9.999999999999971e-31,1.0000000000000234e-30,9.311143118406531e-19,1.000046578347092e-30,1.0000059778372717e-30,9.999999997454122e-31,9.999999999999957e-31,9.999941600437605e-31,9.999999999999708e-31,1.1108653164708312e-30,9.999999997409392e-31,9.999999927275063e-31,2.568122010617403e-18,1.0000010947425784e-30,5.576507330199107e-19,7.4486878980675475e-28,1.0000000000507399e-30,2.8687838206492246e-30,1.0000000016811047e-30,1.000000001667169e-30,1.0000000000000239e-30,1e-30,1e-30,1e-30,9.999999999999642e-31,1e-30,1.0000000000000495e-30,9.999999982753926e-31,1e-30,1.0000000000000272e-30,1.0000000070303898e-30,1.0000000000003184e-30,1.0000000042950012e-30,9.999908748787056e-31,1.0000091137958414e-30,1.0000000000228906e-30,9.999970800408754e-31,1.0000029206387109e-30,1.0000000000941377e-30,1e-30,9.999999975794155e-31,1.5299999999999028e-06,1.6447925634559785e-20,1.8599999999998753e-06,4.8877930629047025e-21
2.6371174020075636,8.362244425442554e-08,10000.0,250.0,1.0,1.0,21.2875,8.80990718321487e-19,1.0040037714083616e-30,1.0000000000100027e-30,9.999854945930917e-31,9.999999962349563e-31,1.0000000012457567e-30,1.0000000050453195e-30,1.0000145028711767e-30,1.0000000000000264e-30,9.999999999998794e-31,9.999999999998701e-31,9.999999999999312e-31,9.999999987035454e-31,9.999999999991584e-31,1.0000000002648634e-30,9.999999999961094e-31,1e-30,1e-30,1.0000000000003628e-30,9.999999999998946e-31,1e-30,9.999999976747816e-31,9.999999950721596e-31,9.999841645560794e-31,1.0580819038183821e-30,9.999947213730254e-31,9.999999999999684e-31,9.999999999999482e-31,1.000000013920735e-30,1.0000210964636636e-30,1e-30,9.99999999999924e-31,9.999999999999102e-31,1.0000000000337556e-30,1.000000000008186e-30,9.99999999997343e-31,1.000000016106045e-30,9.999992216281203e-31,1.0000007483524887e-30,9.999999999528844e-31,9.99986814499921e-31,8.947475633729242e-21,9.999868065415295e-31,0.00014999999999999912,1.5427004326974612e-20,1.4999999999999692e-07,2.7849999999998155e-08,1.9242199203560403e-23,1.6521315792916484e-17,8.05102804959501e-18,3.7710778403158673e-19,0.5,1.5822487152457898e-17,1.0000171319327455e-30,1.1334590613665688e-30,1.000000000870013e-30,9.999999937126282e-31,1.0000000028602927e-30,1.0000000000414827e-30,1e-30,1.0000000007937045e-30,1e-30,0.0001074999999999962,8.541512664912916e-20,8.749999999998785e-06,1.8741334636674204e-19,9.999999999999482e-31,1e-30,9.999999999999743e-31,2.169749242311552e-22,6.302809118660585e-25,3.9904931884536487e-29,1.0000000023289065e-30,1.0000000093435762e-30,9.99996044270872e-31,1.2949999999999107e-07,8.793099877248065e-29,1.338068128031607e-30,1.0000000080924621e-30,1.4398650928828974e-25,7.454255386210794e-29,9.999999999999915e-31,2.6410830750562366e-29,5.80872533791318e-29,1.00001978904959e-30,9.999999891353344e-31,9.99980221815076e-31,9.99999997421297e-31,9.99999999999793e-31,9.99999999999969e-31,9.9999999353097e-31,1e-30,7.62817436491705e-26,2.3996604796137205e-28,5.138752900138124e-19,1.767966492355387e-27,9.999999999999482e-31,1.0000000665046522e-30,1.006075450373827e-30,9.999999999999962e-31,1.0000000000000038e-30,5.3892131228425753e-20,9.999925210059912e-31,1.9999999999999975e-05,9.999736201243974e-31,8.346258095009689e-27,1.0000002210625559e-30,2.8608603325841703e-21,9.999945645249582e-31,8.906451976718714e-21,1.0000332086028642e-30,9.999999999998997e-31,3.124999999999859e-07,2.3750542703018203e-21,8.20805290679627e-30,1.0008548908634212e-30,1.0000000005809565e-30,9.999999999999656e-31,1.0000000000000095e-30,1.0000000000000708e-30,1.3464696651606644e-18,1.0001053477750292e-30,1.0000087331906165e-30,9.999999996318657e-31,9.999999999999938e-31,9.99991554942739e-31,9.999999999999686e-31,1.2318370461909415e-30,9.999999996253773e-31,9.99999989483362e-31,3.713720581731528e-18,1.000001583804225e-30,8.06409896418671e-19,1.5565438799151602e-27,1.0000000000734597e-30,4.9079249180368224e-30,1.0000000024310189e-30,1.0000000024108646e-30,1.0000000000000344e-30,1e-30,1e-30,1e-30,9.999999999999482e-31,1e-30,1.0000000000000717e-30,9.999999975060728e-31,1e-30,1.0000000000000397e-30,1.0000000101665147e-30,1.0000000000004602e-30,1.0000000062109462e-30,9.999868043334203e-31,1.0000131792890297e-30,1.0000000000331017e-30,9.99995777496088e-31,1.0000042234866528e-30,1.0000000001361311e-30,1e-30,9.999999964996311e-31,1.5299999999998594e-06,2.3785084868315228e-20,1.8599999999998198e-06,7.068160110275313e-21
3.8134937247927456,1.2092509274456956e-07,10000.0,250.0,1.0,1.0,21.2875,1.273986730086239e-18,1.0083725265296265e-30,1.0000000000144646e-30,9.999790240285802e-31,9.999999945554336e-31,1.0000000017335993e-30,1.0000000072959595e-30,1.000020972372402e-30,1.0000000000000381e-30,9.999999999998256e-31,9.999999999998121e-31,9.999999999999004e-31,9.999999981252176e-31,9.999999999987829e-31,1.0000000003830147e-30,9.999999999943739e-31,1e-30,1e-30,1.0000000000005249e-30,9.999999999998479e-31,1e-30,9.999999966375385e-31,9.999999928739404e-31,9.999771011613192e-31,1.1214585171921003e-30,9.999923666162192e-31,9.999999999999542e-31,9.999999999999251e-31,1.0000000201305508e-30,1.0000305072261878e-30,1e-30,9.9999999999989e-31,9.999999999998701e-31,1.0000000000488136e-30,1.0000000000118374e-30,9.999999999961577e-31,1.0000000232907005e-30,9.999988744089431e-31,1.0000010821804906e-30,9.999999999318667e-31,9.999809327131615e-31,1.2938802858715437e-20,9.999809212073062e-31,0.0001499999999999987,2.2308661263726762e-20,1.4999999999999555e-07,2.784999999999733e-08,2.7825802838210417e-23,2.3891213206375263e-17,1.164260472163533e-17,5.453295933271214e-19,0.5,2.2880508026177295e-17,1.000024774194793e-30,1.2790841735685665e-30,1.0000000012581121e-30,9.99999990907922e-31,1.0000000041362173e-30,1.0000000000599874e-30,1e-30,1.0000000011477651e-30,1e-30,0.00010749999999999451,1.235171742044146e-19,8.749999999998244e-06,2.710154765769318e-19,9.999999999999251e-31,1e-30,9.999999999999628e-31,4.537273012083446e-22,1.3180155215421602e-24,8.241959936216323e-29,1.0000000033677946e-30,1.0000000135116494e-30,9.999942796485289e-31,1.2949999999998707e-07,1.827855722372963e-28,1.7093141190208572e-30,1.0000000117023814e-30,3.010970464515286e-25,1.5478910994908217e-28,9.999999999999875e-31,5.413809813356618e-29,1.2037868625755758e-28,1.000028616505147e-30,9.999999842887787e-31,9.99971399206075e-31,9.999999962803143e-31,9.999999999997006e-31,9.999999999999708e-31,9.99999990645244e-31,1e-30,1.5951600747744596e-25,5.007207917152073e-28,7.431069215007299e-19,3.695993940871573e-27,9.999999999999251e-31,1.0000002010364952e-30,1.018371959277748e-30,9.999999999999947e-31,1.0000000000000055e-30,7.793255776086284e-20,9.999904224173842e-31,1.999999999999996e-05,9.999618527039885e-31,1.7452257833780703e-26,1.0000004622757644e-30,4.1370448340056875e-21,9.999923693897475e-31,1.2879479198160397e-20,1.000061915944722e-30,9.99999999999855e-31,3.124999999999796e-07,3.43452864242053e-21,1.6075865814086493e-29,1.0017877082077407e-30,1.0000000008401128e-30,9.999999999999502e-31,1.0000000000000554e-30,1.0000000000002138e-30,1.9471084657851596e-18,1.0002317878128159e-30,1.0000128144880432e-30,9.999999994677107e-31,9.999999999999906e-31,9.99987787759398e-31,9.999999999999868e-31,1.484808216373847e-30,9.999999994582665e-31,9.999999847920566e-31,5.37035253867935e-18,1.0000022925235371e-30,1.1661365843106132e-18,3.253877091354498e-27,1.0000000001064876e-30,9.172094085856417e-30,1.000000003515458e-30,1.0000000034863087e-30,1.00000000000005e-30,1e-30,1e-30,1e-30,9.999999999999251e-31,1e-30,1.0000000000001038e-30,9.999999963935716e-31,1e-30,1.0000000000000574e-30,1.0000000147015926e-30,1.0000000000006655e-30,1.0000000089815774e-30,9.999809180116319e-31,1.000019058305069e-30,1.000000000047868e-30,9.99993893909693e-31,1.0000061075114368e-30,1.000000000196857e-30,1e-30,9.999999949381718e-31,1.5299999999997965e-06,3.439523468525461e-20,1.8599999999997393e-06,1.0221154318270286e-20
5.514632901046656,1.7486786215901368e-07,10000.0,250.0,1.0,1.0,21.2875,1.842292040840997e-18,1.0175082907628876e-30,1.0000000000209171e-30,9.999696671217311e-31,9.999999921267055e-31,1.0000000023650055e-30,1.0000000105505768e-30,1.0000303278156988e-30,1.000000000000055e-30,9.999999999997475e-31,9.999999999997284e-31,9.999999999998557e-31,9.999999972889069e-31,9.999999999982399e-31,1.0000000005538717e-30,9.99999999991864e-31,1e-30,1e-30,1.0000000000007589e-30,9.999999999997797e-31,1e-30,9.999999951375976e-31,9.999999896951442e-31,9.999668879277505e-31,1.2539891179257363e-30,9.9998896139073e-31,9.999999999999339e-31,9.999999999998917e-31,1.0000000291104635e-30,1.0000441159416876e-30,1e-30,9.99999999999841e-31,9.999999999998121e-31,1.0000000000705893e-30,1.0000000000171178e-30,9.99999999994444e-31,1.0000000336803213e-30,9.999983723010014e-31,1.0000015649236655e-30,9.999999999014736e-31,9.999724272156345e-31,1.8710597968590093e-20,9.999724105851464e-31,0.00014999999999999812,3.226002316579632e-20,1.4999999999999353e-07,2.784999999999614e-08,4.0238376501696657e-23,3.454870517741733e-17,1.6836480214121528e-17,7.885924853626528e-19,0.5,3.3086847350946956e-17,1.0000358255250285e-30,1.5836094989606483e-30,1.0000000018193358e-30,9.99999986852071e-31,1.0000000059813049e-30,1.000000000086747e-30,1e-30,1.0000000016597682e-30,1e-30,0.00010749999999999204,1.7861562751387169e-19,8.74999999999746e-06,3.919111973035594e-19,9.999999999998917e-31,1e-30,9.999999999999461e-31,9.488105110309464e-22,2.7561756912404955e-24,1.7145242723251666e-28,1.0000000048701141e-30,1.0000000195390898e-30,9.999917278187728e-31,1.2949999999998127e-07,3.8113957477743455e-28,2.4904367239117077e-30,1.0000000169226284e-30,6.296389961901659e-25,3.2259726059594246e-28,9.99999999999982e-31,1.1212023455471694e-28,2.506402893553141e-28,1.0000413816112042e-30,9.999999772802515e-31,9.99958641108545e-31,9.999999946496627e-31,9.999999999995669e-31,1.000000000000005e-30,9.999999864722546e-31,1e-30,3.3357174139363407e-25,1.0460100212255333e-27,1.0745951548361588e-18,7.727776979090316e-27,9.999999999998917e-31,1.000000607821726e-30,1.0555559301982268e-30,9.999999999999922e-31,1.000000000000008e-30,1.126970379667859e-19,9.99988738170475e-31,1.9999999999999944e-05,9.999448362685487e-31,3.649434031934195e-26,1.0000009666904658e-30,5.9825150372449536e-21,9.999894455364017e-31,1.862481096303523e-20,1.0001185891888784e-30,9.999999999997904e-31,3.1249999999997043e-07,4.9666180465422786e-21,3.253413710236627e-29,1.003738375811106e-30,1.0000000012148786e-30,9.99999999999928e-31,1.0000000000002062e-30,1.0000000000006466e-30,2.815682726191917e-18,1.0005013179955974e-30,1.0000189188648592e-30,9.999999992304586e-31,9.999999999999866e-31,9.999823401203101e-31,1.0000000000000787e-30,2.0138112591727607e-30,9.999999992166147e-31,9.999999780080344e-31,7.765981784445241e-18,1.000003321965888e-30,1.6863316525594258e-18,6.80324481585505e-27,1.0000000001547723e-30,1.8089151767942996e-29,1.000000005083648e-30,1.000000005041487e-30,1.0000000000000723e-30,1e-30,1e-30,1e-30,9.999999999998917e-31,1e-30,1.0000000000001502e-30,9.999999947848013e-31,1e-30,1.0000000000000828e-30,1.0000000212596498e-30,1.0000000000009624e-30,1.0000000129881722e-30,9.99972405956166e-31,1.0000275597958251e-30,1.0000000000692212e-30,9.999911700915027e-31,1.0000088319635793e-30,1.000000000284672e-30,1e-30,9.999999926801704e-31,1.5299999999997054e-06,4.973840437739124e-20,1.8599999999996226e-06,1.4780649199221945e-20
7.974623331774108,2.5287364699943266e-07,10000.0,250.0,1.0,1.0,21.2875,2.664109353371053e-18,1.0366126309807473e-30,1.000000000030248e-30,9.999561364017218e-31,9.99999988614568e-31,1.0000000031232136e-30,1.0000000152570339e-30,1.0000438565741329e-30,1.0000000000000796e-30,9.999999999996349e-31,9.999999999996074e-31,9.999999999997913e-31,9.999999960795311e-31,9.999999999974548e-31,1.000000000800945e-30,9.999999999882346e-31,1e-30,1e-30,1.0000000000010977e-30,9.999999999996815e-31,1e-30,9.99999992968557e-31,9.999999850983678e-31,9.999521217640343e-31,1.5311317302228452e-30,9.99984037045743e-31,9.999999999999044e-31,9.999999999998433e-31,1.0000000420961648e-30,1.0000637952077526e-30,1e-30,9.999999999997701e-31,9.999999999997284e-31,1.0000000001020789e-30,1.0000000000247537e-30,9.999999999919654e-31,1.0000000487045957e-30,9.999976462111021e-31,1.0000022630104817e-30,9.999999998575224e-31,9.999601276782685e-31,2.705709949841802e-20,9.999601036530825e-31,0.00014999999999999728,4.665033507587544e-20,1.4999999999999062e-07,2.7849999999994416e-08,5.818791983064355e-23,4.99603355897223e-17,2.4347581963073456e-17,1.1403710956921435e-18,0.5,4.7845753290447364e-17,1.000051806628698e-30,2.2204205022393126e-30,1.0000000026309127e-30,9.99999980986948e-31,1.0000000086494423e-30,1.0000000001254434e-30,1e-30,1.0000000024001709e-30,1e-30,0.00010749999999998852,2.5829197100313054e-19,8.749999999996328e-06,5.66736592998326e-19,9.999999999998433e-31,1e-30,9.999999999999221e-31,1.9840970781283325e-21,5.763590202310216e-24,3.580209700228791e-28,1.0000000070425948e-30,1.0000000282553931e-30,9.999880375801172e-31,1.2949999999997294e-07,7.959232705678686e-28,4.138372907274361e-30,1.000000024471545e-30,1.3166688694403663e-24,6.735102777610405e-28,9.99999999999974e-31,2.3337012541042587e-28,5.230389365462898e-28,1.0000598407410943e-30,9.999999671453313e-31,9.999401921135749e-31,9.999999923505335e-31,9.999999999993734e-31,1.0000000000001495e-30,9.999999804378042e-31,1e-30,6.975488768539157e-25,2.1863254296294813e-27,1.5539550414040271e-18,1.615878817538768e-26,9.999999999998433e-31,1.0000018378748461e-30,1.1679984554768714e-30,9.999999999999887e-31,1.0000000000000113e-30,1.6296940240912827e-19,9.999891266772623e-31,1.9999999999999917e-05,9.999202295828049e-31,7.631432619282738e-26,1.0000020215011943e-30,8.65122028107957e-21,9.999857412833768e-31,2.693304426946619e-20,1.0002322454253071e-30,9.99999999999697e-31,3.1249999999995725e-07,7.182148880309086e-21,6.69673966692567e-29,1.0078175296036037e-30,1.0000000017568339e-30,9.999999999998955e-31,1.0000000000006794e-30,1.0000000000019552e-30,4.0717142130982856e-18,1.0010723560021237e-30,1.0000281697245013e-30,9.999999988877641e-31,9.999999999999805e-31,9.999744624281581e-31,1.0000000000004089e-30,3.120040951703847e-30,9.999999988671806e-31,9.999999681977683e-31,1.1230263310203321e-17,1.0000048245719072e-30,2.4385775051434117e-18,1.4225458099327028e-26,1.000000000226179e-30,3.6736141411191076e-29,1.000000007351383e-30,1.000000007290396e-30,1.0000000000001047e-30,1e-30,1e-30,1e-30,9.999999999998433e-31,1e-30,1.0000000000002173e-30,9.99999992458384e-31,1e-30,1.0000000000001197e-30,1.0000000307430536e-30,1.0000000000013916e-30,1.000000018782106e-30,9.999600969356662e-31,1.0000398535389045e-30,1.0000000001000997e-30,9.999872312342624e-31,1.0000127717375774e-30,1.0000000004116595e-30,1e-30,9.999999894149105e-31,1.5299999999995737e-06,7.192591920007872e-20,1.859999999999454e-06,2.1374062298738142e-20
11.531976547633086,3.6567657748709683e-07,10000.0,250.0,1.0,1.0,21.2875,3.852526358046487e-18,1.0765628519519192e-30,1.0000000000437411e-30,9.999365701655408e-31,9.999999835357373e-31,1.0000000038958218e-30,1.0000000220629797e-30,1.000063420297507e-30,1.000000000000115e-30,9.999999999994718e-31,9.999999999994319e-31,9.999999999996981e-31,9.999999943306721e-31,9.999999999963192e-31,1.0000000011582339e-30,9.999999999829866e-31,1e-30,1e-30,1.0000000000015872e-30,9.999999999995394e-31,1e-30,9.999999898319418e-31,9.999999784511098e-31,9.999307776439956e-31,2.1106811120309577e-30,9.999769158145611e-31,9.999999999998619e-31,9.999999999997732e-31,1.0000000608745655e-30,1.0000922529114368e-30,1e-30,9.999999999996676e-31,9.999999999996074e-31,1.0000000001476167e-30,1.0000000000357957e-30,9.999999999883814e-31,1.0000000704309792e-30,9.999965962249263e-31,1.0000032725018413e-30,9.999999997939656e-31,9.999423417795683e-31,3.9126843219095613e-20,9.999423071091232e-31,0.00014999999999999606,6.745952955844564e-20,1.4999999999998644e-07,2.784999999999192e-08,8.414429684091332e-23,7.224685033548523e-17,3.5209937753521993e-17,1.6490725610924448e-18,0.5,6.918770483026228e-17,1.0000749165450978e-30,3.5520938314339416e-30,1.0000000038045209e-30,9.999999725054424e-31,1.0000000125077632e-30,1.0000000001814018e-30,1e-30,1.0000000034708624e-30,1e-30,0.00010749999999998338,3.735092949032881e-19,8.749999999994687e-06,8.195488465317954e-19,9.999999999997732e-31,1e-30,9.99999999999887e-31,4.14901200948109e-21,1.2052550174927736e-23,7.4933494365609215e-28,1.0000000101841847e-30,1.0000000408601465e-30,9.999827010212209e-31,1.2949999999996087e-07,1.663283520858178e-27,7.628278814461738e-30,1.0000000353879138e-30,2.7533466114680736e-24,1.4073235916317851e-27,9.999999999999622e-31,4.869229770241231e-28,1.0926705646310853e-27,1.0000865335945867e-30,9.999999524893836e-31,9.9991351391603e-31,9.999999892039534e-31,9.999999999990938e-31,1.0000000000006463e-30,9.999999717116154e-31,1e-30,1.4586796080693031e-24,4.570993524825674e-27,2.2471497850647102e-18,3.378910484301477e-26,9.999999999997732e-31,1.0000055574567736e-30,1.5080216708052231e-30,9.999999999999836e-31,1.0000000000000165e-30,2.356674727284142e-19,9.999955940163337e-31,1.9999999999999883e-05,9.998846473150678e-31,1.5958413080365105e-25,1.0000042272773911e-30,1.2510392683846855e-20,9.999814803181298e-31,3.894744891991151e-20,1.000462895613527e-30,9.99999999999562e-31,3.124999999999382e-07,1.038599420241511e-20,1.3902239707459194e-28,1.0163476859424027e-30,1.00000000254059e-30,9.999999999998491e-31,1.000000000002134e-30,1.0000000000059125e-30,5.888041461115112e-18,1.0022771926938674e-30,1.0000424326931488e-30,9.999999983933842e-31,9.999999999999717e-31,9.999630707320141e-31,1.0000000000014832e-30,5.433343589354433e-30,9.99999998361913e-31,9.999999540112988e-31,1.6239905979962695e-17,1.0000070398737841e-30,3.52638832317951e-18,2.9746245979985504e-26,1.0000000003342268e-30,7.572997087476189e-29,1.0000000106307184e-30,1.0000000105424869e-30,1.000000000000151e-30,1e-30,1e-30,1e-30,9.999999999997732e-31,1e-30,1.0000000000003141e-30,9.999999890941886e-31,1e-30,1.0000000000001731e-30,1.0000000444566474e-30,1.0000000000020125e-30,1.0000000271607476e-30,9.999422973239687e-31,1.0000576310582462e-30,1.0000000001447528e-30,9.999815353426059e-31,1.0000184689549626e-30,1.0000000005952944e-30,1e-30,9.999999846930694e-31,1.5299999999993835e-06,1.0401093320211772e-19,1.8599999999992105e-06,3.090869204668634e-20
16.676208713869638,5.287991093946486e-07,10000.0,250.0,1.0,1.0,21.2875,5.571077373448794e-18,1.1601051292623753e-30,1.0000000000632533e-30,9.999082764182903e-31,9.999999761913536e-31,1.0000000043359377e-30,1.000000031904977e-30,1.0000917110881081e-30,1.0000000000001663e-30,9.99999999999236e-31,9.999999999991784e-31,9.999999999995634e-31,9.999999918016747e-31,9.99999999994677e-31,1.0000000016749038e-30,9.99999999975397e-31,1e-30,1e-30,1.0000000000022952e-30,9.999999999993338e-31,1e-30,9.999999852961319e-31,9.999999688387385e-31,9.998999391012037e-31,3.322611257649671e-30,9.999666174618448e-31,9.999999999998002e-31,9.999999999996724e-31,1.0000000880296786e-30,1.0001334047877269e-30,1e-30,9.999999999995193e-31,9.99999999999432e-31,1.0000000002134706e-30,1.0000000000517637e-30,9.999999999831992e-31,1.0000001018491957e-30,9.999950778584905e-31,1.0000047323093622e-30,9.99999999702057e-31,9.99916622432544e-31,5.658070852460574e-20,9.999165725134163e-31,0.00014999999999999432,9.755052360924172e-20,1.4999999999998035e-07,2.7849999999988318e-08,1.216790400445219e-22,1.0447502647423721e-16,5.091922048738114e-17,2.384697667875574e-18,0.5,1.0004856480958497e-16,1.0001083352105737e-30,6.336835060006559e-30,1.0000000055016576e-30,9.999999602403795e-31,1.0000000180871565e-30,1.0000000002623225e-30,1e-30,1.0000000050191869e-30,1e-30,0.00010749999999997597,5.401203675807908e-19,8.749999999992317e-06,1.1851366786443887e-18,9.999999999996724e-31,1e-30,9.999999999998365e-31,8.676090386495338e-21,2.5203697869164487e-23,1.5711735992805825e-27,1.0000000147271878e-30,1.0000000590881935e-30,9.99974983566631e-31,1.294999999999434e-07,3.4770158425931714e-27,1.5058813770938157e-29,1.0000000511739017e-30,5.757634769704909e-24,2.9418389266043683e-27,9.999999999999454e-31,1.0171424114988759e-27,2.2838690797926638e-27,1.0001251324485817e-30,9.999999312956503e-31,9.998749362557683e-31,9.999999850151081e-31,9.999999999986897e-31,1.0000000000022362e-30,9.999999590932286e-31,1e-30,3.0503147690932372e-24,9.557977302182543e-27,3.2495677310689445e-18,7.06560850643735e-26,9.999999999996724e-31,1.0000168076770645e-30,2.53646685247797e-30,9.99999999999976e-31,1.000000000000024e-30,3.4079500127760745e-19,1.0000172955645611e-30,1.9999999999999832e-05,9.998331946004675e-31,3.3371416173128264e-25,1.0000088399053371e-30,1.8091080797938114e-20,9.999776103929226e-31,5.632128927577199e-20,1.0009350654842639e-30,9.999999999993665e-31,3.124999999999106e-07,1.5019026833202456e-20,2.8985087979920887e-28,1.0341855961662096e-30,1.0000000036741041e-30,9.999999999997817e-31,1.0000000000065683e-30,1.0000000000178789e-30,8.514603538807968e-18,1.0048121589870176e-30,1.0000649098011945e-30,9.999999976820548e-31,9.999999999999587e-31,9.999465976100919e-31,1.0000000000048426e-30,1.0270828186315151e-29,9.999999976313856e-31,9.999999334964736e-31,2.348427093543861e-17,1.0000103722000384e-30,5.099454325168695e-18,6.220195136544504e-26,1.0000000005049436e-30,1.5727228893831208e-28,1.0000000153729137e-30,1.0000000152452421e-30,1.0000000000002185e-30,1e-30,1e-30,1e-30,9.999999999996724e-31,1e-30,1.0000000000004543e-30,9.999999842292792e-31,1e-30,1.0000000000002502e-30,1.0000000642872266e-30,1.0000000000029104e-30,1.000000039277232e-30,9.999165581476593e-31,1.0000833382873181e-30,1.0000000002093253e-30,9.99973298661238e-31,1.0000267075534882e-30,1.000000000860846e-30,1e-30,9.9999997786489e-31,1.5299999999991087e-06,1.5040856416485641e-19,1.8599999999988584e-06,4.4696568025302105e-20
24.11520140713613,7.646880202668737e-07,10000.0,250.0,1.0,1.0,21.2875,8.056246788464861e-18,1.3348053334728484e-30,1.0000000000914697e-30,9.99867362694261e-31,9.999999655708257e-31,1.0000000035564567e-30,1.0000000461373894e-30,1.000132621952374e-30,1.0000000000002408e-30,9.999999999988948e-31,9.999999999988118e-31,9.999999999993684e-31,9.999999881445315e-31,9.999999999923022e-31,1.000000002422052e-30,9.999999999644218e-31,1e-30,1e-30,1.0000000000033192e-30,9.999999999990367e-31,1e-30,9.999999787369694e-31,9.999999549387353e-31,9.998554244084978e-31,5.856950393395644e-30,9.999517242313987e-31,9.999999999997114e-31,9.999999999995261e-31,1.0000001272981847e-30,1.0001929131148598e-30,1e-30,9.999999999993049e-31,9.999999999991787e-31,1.0000000003087053e-30,1.0000000000748546e-30,9.999999999757061e-31,1.00000014728266e-30,9.999928821769036e-31,1.0000068433098248e-30,9.999999995691495e-31,9.998794312619745e-31,8.182046680993055e-20,9.998793597304733e-31,0.0001499999999999918,1.4106285075458176e-19,1.499999999999716e-07,2.7849999999983107e-08,1.7595667958853602e-22,1.5107968175924072e-16,7.363909717546616e-17,3.448473428558496e-18,0.4999999999999999,1.4467304201976568e-16,1.0001566609561568e-30,1.2160172916062258e-29,1.0000000079558599e-30,9.99999942503873e-31,1.0000000261552967e-30,1.0000000003793403e-30,1e-30,1.0000000072582245e-30,1e-30,0.00010749999999996525,7.810479893634579e-19,8.74999999998889e-06,1.71380752741051e-18,9.999999999995261e-31,1e-30,9.999999999997634e-31,1.8142618981104465e-20,5.270463197172861e-23,3.30046623827669e-27,1.000000021296753e-30,1.0000000854485555e-30,9.99963822764163e-31,1.2949999999991817e-07,7.26964928895879e-27,3.09980365547116e-29,1.0000000740017683e-30,1.2039977355422322e-23,6.150739136107072e-27,9.999999999999213e-31,2.12591577726512e-27,4.7748791701058005e-27,1.000180947007916e-30,9.99999900647729e-31,9.998191523443557e-31,9.999999802386845e-31,9.99999999998105e-31,1.0000000000071697e-30,9.999999408472569e-31,1e-30,6.378645763921598e-24,1.9987349271603423e-26,4.6991484562848925e-18,1.477483315820997e-25,9.999999999995261e-31,1.00005082898114e-30,5.6465578462729185e-30,9.999999999999652e-31,1.0000000000000348e-30,4.928182559571661e-19,1.0000745015467033e-30,1.9999999999999754e-05,9.997587943272529e-31,6.978465907110137e-25,1.000018485643222e-30,2.6161225527525128e-20,9.999768082002074e-31,8.144532475607754e-20,1.0019077596204817e-30,9.999999999990838e-31,3.124999999998707e-07,2.1718787477270732e-20,6.057106736155288e-28,1.0714875006977491e-30,1.0000000053136915e-30,9.999999999996843e-31,1.0000000000200264e-30,1.0000000000540657e-30,1.2312833376262167e-17,1.0101354749639528e-30,1.0001012858302407e-30,9.99999996664254e-31,9.999999999999402e-31,9.999227765692352e-31,1.0000000000151613e-30,2.0386779666600219e-29,9.99999996575381e-31,9.999999038303162e-31,3.3960232411149643e-17,1.0000155814960054e-30,7.374240166225437e-18,1.3006977940083682e-25,1.0000000007955806e-30,3.2779028830262607e-28,1.0000000222305268e-30,1.0000000220457329e-30,1.0000000000003159e-30,1e-30,1e-30,1e-30,9.999999999995261e-31,1e-30,1.000000000000657e-30,9.999999771942105e-31,1e-30,1.0000000000003618e-30,1.0000000929630104e-30,1.0000000000042085e-30,1.0000000567992394e-30,9.998793383040794e-31,1.0001205119328554e-30,1.0000000003027031e-30,9.999613878467038e-31,1.0000386211404822e-30,1.0000000012448557e-30,1e-30,9.99999967990768e-31,1.5299999999987108e-06,2.1750344411359813e-19,1.8599999999983491e-06,6.463499478705927e-20
34.872610968407265,1.1058032397389417e-06,10000.0,250.0,1.0,1.0,21.2875,1.1650010933529828e-17,1.7001312555940714e-30,1.0000000001322727e-30,9.998082009664872e-31,9.99999950212792e-31,9.99999999468589e-31,1.000000066718773e-30,1.0001917825051009e-30,1.000000000000348e-30,9.999999999984016e-31,9.999999999982816e-31,9.999999999990868e-31,9.999999828559941e-31,9.999999999888678e-31,1.0000000035024904e-30,9.999999999485509e-31,1e-30,1e-30,1.0000000000047999e-30,9.999999999986068e-31,1e-30,9.99999969251868e-31,9.999999348389976e-31,9.997912940262943e-31,1.1156657544585386e-29,9.99930185417483e-31,9.999999999995827e-31,9.999999999993147e-31,1.0000001840835974e-30,1.0002789655968263e-30,1e-30,9.999999999989947e-31,9.999999999988123e-31,1.0000000004464331e-30,1.0000000001082462e-30,9.999999999648722e-31,1.0000002129834374e-30,9.99989707045049e-31,1.0000098959856366e-30,9.999999993769539e-31,9.998256521455347e-31,1.1831928166089256e-19,9.998255506847399e-31,0.00014999999999998817,2.0398160988503496e-19,1.499999999999589e-07,2.7849999999975566e-08,2.5444512899553237e-22,2.1847393593244906e-16,1.0650008117345827e-16,4.9867825891855806e-18,0.49999999999999983,2.0919767834234797e-16,1.000226543095014e-30,2.4337700736545096e-29,1.000000011504843e-30,9.999999168549913e-31,1.0000000378222294e-30,1.0000000005485583e-30,1e-30,1.0000000104961244e-30,1e-30,0.00010749999999994974,1.129437035722026e-18,8.749999999983931e-06,2.4783102239287828e-18,9.999999999993147e-31,1e-30,9.999999999996578e-31,3.7937690336190965e-20,1.1021282740179377e-22,6.949025266700601e-27,1.0000000307968971e-30,1.000000123570099e-30,9.99947681812398e-31,1.2949999999988167e-07,1.520013668619995e-26,6.554090445313324e-29,1.0000001070127844e-30,2.5177046173360952e-23,1.2861012708591928e-26,9.999999999998862e-31,4.444537647054643e-27,9.98405120281863e-27,1.0002616540542046e-30,9.999998563282565e-31,9.997384896175393e-31,9.999999782596789e-31,9.999999999972593e-31,1.00000000002227e-30,9.999999144659494e-31,1e-30,1.333862011666448e-23,4.1799228214760126e-26,6.795364201017254e-18,3.0895299353810965e-25,9.999999999993147e-31,1.0001536961543542e-30,1.5050254612975576e-29,9.999999999999498e-31,1.0000000000000502e-30,7.126566777512289e-19,1.0002112262234711e-30,1.9999999999999642e-05,9.996512150617258e-31,1.4593018453095559e-24,1.0000386564152575e-30,3.7831334056262865e-20,9.99985677951598e-31,1.1777679470696768e-19,1.0039205737295588e-30,9.999999999986752e-31,3.12499999999813e-07,3.1407216788167746e-20,1.2675942650092513e-27,1.1494917160989434e-30,1.0000000076860102e-30,9.999999999995433e-31,1.000000000060792e-30,1.0000000001634936e-30,1.780539341157374e-17,1.0212994393552576e-30,1.0001619865022544e-30,9.999999952252087e-31,9.999999999999136e-31,9.998883303428223e-31,1.0000000000465952e-30,4.1540846900049753e-29,9.999999950495165e-31,9.999998609305696e-31,4.910935445805156e-17,1.0000242970210676e-30,1.0663771957095356e-17,2.7198549897397076e-25,1.000000001348254e-30,6.8437064757447085e-28,1.0000000321472129e-30,1.0000000318796293e-30,1.0000000000004567e-30,1e-30,1e-30,1e-30,9.999999999993147e-31,1e-30,1.00000000000095e-30,9.999999670209095e-31,1e-30,1.0000000000005233e-30,1.0000001344287196e-30,1.000000000006086e-30,1.0000000821386885e-30,9.99825517727827e-31,1.000174265703586e-30,1.0000000004377368e-30,9.999441640572912e-31,1.0000558489392887e-30,1.0000000018001662e-30,1e-30,9.999999537119566e-31,1.5299999999981356e-06,3.1452828855096166e-19,1.8599999999976126e-06,9.346763303863532e-20
50.428730626069544,1.5990845581579638e-06,10000.0,250.0,1.0,1.0,21.2875,1.6846896365227353e-17,2.464085820211864e-30,1.0000000001912777e-30,9.997226543197258e-31,9.99999928004084e-31,9.99999987366716e-31,1.0000000964814312e-30,1.0002773336425715e-30,1.0000000000005033e-30,9.999999999976883e-31,9.99999999997515e-31,9.99999999998679e-31,9.999999752083235e-31,9.999999999839011e-31,1.0000000050648955e-30,9.999999999256002e-31,1e-30,1e-30,1.0000000000069412e-30,9.999999999979852e-31,1e-30,9.999999555356136e-31,9.999999057754994e-31,9.996992833207676e-31,2.223919006937628e-29,9.998990344892568e-31,9.999999999993965e-31,9.99999999999009e-31,1.0000002661997646e-30,1.0004034014498163e-30,1e-30,9.999999999985462e-31,9.999999999982826e-31,1.0000000006456196e-30,1.000000000156533e-30,9.999999999492086e-31,1.0000003079926348e-30,9.999851155549724e-31,1.0000143103939484e-30,9.99999999099023e-31,9.997478881324417e-31,1.7109963994391542e-19,9.997477473909717e-31,0.00014999999999998294,2.949596354454098e-19,1.4999999999994057e-07,2.784999999996467e-08,3.679427169400181e-22,3.159316999216313e-16,1.5403264722599856e-16,7.211306849893378e-18,0.4999999999999997,3.024929501933776e-16,1.0003275965487151e-30,4.9802852763039345e-29,1.0000000166369713e-30,9.999998797637213e-31,1.0000000546930167e-30,1.0000000007932615e-30,1e-30,1.0000000151785319e-30,1e-30,0.00010749999999992734,1.6332106282756801e-18,8.749999999976763e-06,3.583845787571618e-18,9.99999999999009e-31,1e-30,9.99999999999505e-31,7.932947085879896e-20,2.304696906004853e-22,1.4676494929179435e-26,1.0000000445349048e-30,1.0000001787017463e-30,9.99924337518073e-31,1.294999999998289e-07,3.1782496889862025e-26,1.4143802069081854e-28,1.0000001547494907e-30,5.264781088112707e-23,2.6893118383355733e-26,9.999999999998356e-31,9.293145613837599e-27,2.087748050317374e-26,1.0003783517266655e-30,9.999997922385728e-31,9.996218560347623e-31,9.999999925052824e-31,9.999999999960367e-31,1.000000000068196e-30,9.999998763282428e-31,1e-30,2.7892744654890205e-23,8.741859876498046e-26,9.826668618203677e-18,6.460349189329092e-25,9.99999999999009e-31,1.0004647175639709e-30,4.3482492529450783e-29,9.999999999999274e-31,1.0000000000000726e-30,1.0305615390750602e-18,1.0005218597199714e-30,1.9999999999999483e-05,9.994956668626786e-31,3.0516149738434015e-24,1.000080836709998e-30,5.470729324113516e-20,1.0000194923923516e-30,1.7031515821317518e-19,1.0080989561606023e-30,9.999999999980842e-31,3.1249999999972956e-07,4.541752510152494e-20,2.6558415447909538e-27,1.3126109463233408e-30,1.0000000111206977e-30,9.999999999993395e-31,1.0000000001841593e-30,1.0000000004944034e-30,2.5748097521850864e-17,1.0446908833600362e-30,1.0002666999447103e-30,9.999999932433453e-31,9.999999999998747e-31,9.998385202988476e-31,1.0000000001419845e-30,8.5777373892634e-29,9.999999928466394e-31,9.999997988939545e-31,7.101626003337521e-17,1.00004047958115e-30,1.542071180077798e-17,5.687335508309084e-25,1.000000002547884e-30,1.4300371413678777e-27,1.0000000464875751e-30,1.0000000460998828e-30,1.0000000000006606e-30,1e-30,1e-30,1e-30,9.99999999999009e-31,1e-30,1.0000000000013739e-30,9.9999995230946e-31,1e-30,1.0000000000007566e-30,1.0000001943876774e-30,1.000000000008801e-30,1.0000001187840732e-30,9.997476937682468e-31,1.0002519930582972e-30,1.0000000006330097e-30,9.999192575328014e-31,1.0000807612620852e-30,1.000000002603192e-30,1e-30,9.999999330635937e-31,1.5299999999973039e-06,4.548343816360106e-19,1.8599999999965475e-06,1.3516204422823526e-19
72.92418898202241,2.312410863204668e-06,10000.0,250.0,1.0,1.0,21.2875,2.4362030106197294e-17,4.061636048154189e-30,1.0000000002766036e-30,9.995989596136968e-31,9.99999895889053e-31,9.999999569234412e-31,1.0000001395212524e-30,1.0004010477843493e-30,1.000000000000728e-30,9.999999999966568e-31,9.999999999964065e-31,9.999999999980898e-31,9.999999641491469e-31,9.999999999767177e-31,1.0000000073242636e-30,9.999999998924115e-31,1e-30,1e-30,1.0000000000100376e-30,9.999999999970864e-31,1e-30,9.999999357007553e-31,9.999998637542927e-31,9.99568420103687e-31,4.5414532345617365e-29,9.99853979539282e-31,9.999999999991274e-31,9.99999999998567e-31,1.0000003849459872e-30,1.0005833393092138e-30,1e-30,9.999999999978974e-31,9.999999999975165e-31,1.000000000933704e-30,1.0000000002263597e-30,9.999999999265654e-31,1.0000004453846488e-30,9.9997847591115e-31,1.0000206939625925e-30,9.999999986971113e-31,9.996354455212757e-31,2.4742448038347845e-19,9.996352600625876e-31,0.00014999999999997532,4.2650521695946294e-19,1.4999999999991405e-07,2.7849999999948908e-08,5.320628476924746e-22,4.568638294969569e-16,2.2279553704090924e-16,1.0428155616602656e-17,0.49999999999999956,4.3737903861553407e-16,1.0004737241632796e-30,1.030545453243506e-28,1.0000000240584613e-30,9.99999826124919e-31,1.0000000790883838e-30,1.000000001147123e-30,9.999999999999999e-31,1.0000000219499627e-30,9.999999999999999e-31,0.00010749999999989495,2.361654666901749e-18,8.749999999966397e-06,5.182543927693684e-18,9.99999999998567e-31,1e-30,9.999999999992842e-31,1.6587760643418398e-19,4.819400919887364e-22,3.1131432679169093e-26,1.0000000644012202e-30,1.0000002584365498e-30,9.99890573181783e-31,1.2949999999975255e-07,6.645415925810337e-26,3.1122508238788253e-28,1.0000002237807833e-30,1.1009071540051317e-22,5.623604652760655e-26,9.999999999997622e-31,1.9432357841144495e-26,4.365804338795873e-26,1.0005470823181395e-30,9.99999699559503e-31,9.99453218122358e-31,1.0000000694490262e-30,9.999999999942684e-31,1.0000000002074562e-30,9.99999821214018e-31,9.999999999999999e-31,5.832685811008738e-23,1.8283791016733704e-25,1.4210189977474992e-17,1.3508582585109934e-24,9.99999999998567e-31,1.0014051129521889e-30,1.2944916726400314e-28,9.999999999998948e-31,1.0000000000001052e-30,1.4902787260369888e-18,1.0012071779726232e-30,1.9999999999999253e-05,9.992707738813624e-31,6.381361705935603e-24,1.0001690424231478e-30,7.911135064198683e-20,1.0001123230177196e-30,2.462900539078978e-19,1.0167921428097924e-30,9.999999999972295e-31,3.124999999996089e-07,6.567766047511431e-20,5.57141549740067e-27,1.6537192331535034e-30,1.0000000161001387e-30,9.999999999990447e-31,1.0000000005573441e-30,1.0000000014950731e-30,3.7233916189012005e-17,1.0936707114438202e-30,1.0004535422072195e-30,9.99999990677114e-31,9.999999999998184e-31,9.99766495171317e-31,1.000000000430924e-30,1.7828300411405164e-28,9.999999896721346e-31,9.999997091838491e-31,1.0269548940412713e-16,1.0000747115941147e-30,2.229964719799547e-17,1.189219527257406e-24,1.0000000054936786e-30,2.9893450058203545e-27,1.0000000672249459e-30,1.0000000666627542e-30,1.0000000000009552e-30,9.999999999999999e-31,1e-30,9.999999999999999e-31,9.99999999998567e-31,9.999999999999999e-31,1.0000000000019868e-30,9.999999310354661e-31,1.0000000000000003e-30,1.000000000001094e-30,1.0000002810851233e-30,1.0000000000127269e-30,1.0000001717814204e-30,9.99635164485914e-31,1.000364382645076e-30,1.0000000009153966e-30,9.998832416992462e-31,1.0001167854812852e-30,1.000000003764435e-30,9.999999999999999e-31,9.99999903204324e-31,1.529999999996101e-06,6.577288049388324e-19,1.859999999995007e-06,1.954556501662031e-19
105.45451516752199,3.34394073971087e-06,10000.0,250.0,1.0,1.0,21.2875,3.5229546018798276e-17,7.402366551006764e-30,1.0000000003999927e-30,9.99420113725211e-31,9.999998494493318e-31,9.999998858411412e-31,1.0000002017615284e-30,1.0005799488349379e-30,1.0000000000010528e-30,9.999999999951653e-31,9.999999999948034e-31,9.999999999972374e-31,9.999999481566444e-31,9.99999999966328e-31,1.0000000105914982e-30,9.99999999844418e-31,1e-30,1e-30,1.0000000000145153e-30,9.999999999957867e-31,1e-30,9.999999070178818e-31,9.999998030089286e-31,9.993857946126924e-31,9.387786764010408e-29,9.997888101631433e-31,9.999999999987382e-31,9.99999999997928e-31,1.0000005566616253e-30,1.0008435302555309e-30,1e-30,9.999999999969594e-31,9.999999999964087e-31,1.0000000013503897e-30,1.0000000003273352e-30,9.999999998938368e-31,1.0000006440665666e-30,9.999688745053063e-31,1.0000299250620876e-30,9.999999981159131e-31,9.994728664079877e-31,3.5779662364584114e-19,9.994726528137978e-31,0.00014999999999996434,6.1669711674268795e-19,1.4999999999987572e-07,2.7849999999926117e-08,7.693798704893314e-22,6.606635508700152e-16,3.222884897446852e-16,1.5079988542646622e-17,0.4999999999999993,6.323797985117042e-16,1.0006850282397018e-30,2.144123238757093e-28,1.0000000347905604e-30,9.999997485552186e-31,1.0000001143636041e-30,1.0000000016588364e-30,9.999999999999997e-31,1.0000000317425974e-30,9.999999999999997e-31,0.00010749999999984807,3.4149310980561825e-18,8.749999999951407e-06,7.494397386352994e-18,9.99999999997928e-31,1.0000000000000004e-30,9.999999999989647e-31,3.4683732002423374e-19,1.0077870368827358e-21,6.643507653428778e-26,1.0000000931295835e-30,1.000000373760281e-30,9.99841733476115e-31,1.2949999999964217e-07,1.389439316111673e-25,6.9976313562088875e-28,1.0000003236058385e-30,2.302043867178492e-22,1.1759545111378671e-25,9.999999999996562e-31,4.0635067005599703e-26,9.12978446450572e-26,1.0007910306399998e-30,9.999995655377826e-31,9.992094038222184e-31,1.0000003607399217e-30,9.999999999917116e-31,1.0000000006291274e-30,9.99999741623758e-31,9.999999999999997e-31,1.219667764788037e-22,3.824412296630238e-25,2.0549130884172702e-17,2.8245484742277798e-24,9.99999999997928e-31,1.004248543709422e-30,3.8938211381692008e-28,9.999999999998479e-31,1.0000000000001521e-30,2.1550684719631806e-18,1.0026919207963983e-30,1.9999999999998917e-05,9.9894564919615e-31,1.3344290542724587e-23,1.000353494620185e-30,1.1440167168981025e-19,1.0003385622827715e-30,3.5615614776284804e-19,1.034906558494509e-30,9.999999999959938e-31,3.124999999994344e-07,9.497562670668494e-20,1.1706226781373383e-26,2.3670310007576404e-30,1.000000023339229e-30,9.99999999998619e-31,1.0000000016860054e-30,1.0000000045210916e-30,5.384337672352257e-17,1.1961837155095314e-30,1.0007978072879726e-30,9.999999878724056e-31,9.999999999997375e-31,9.996623499510001e-31,1.000000001305372e-30,3.7172702443527036e-28,9.999999851149208e-31,9.999995794556142e-31,1.4850632154965228e-16,1.0001569810178966e-30,3.224716677030059e-17,2.4865686324911516e-24,1.0000000134160372e-30,6.250107397869458e-27,1.0000000972129285e-30,1.0000000963966987e-30,1.0000000000013814e-30,9.999999999999997e-31,1e-30,9.999999999999997e-31,9.99999999997928e-31,9.999999999999997e-31,1.0000000000028731e-30,9.999999002714812e-31,1.0000000000000003e-30,1.0000000000015818e-30,1.000000406439668e-30,1.0000000000184042e-30,1.0000002484305758e-30,9.99472460073322e-31,1.0005268850528675e-30,1.000000001323764e-30,9.998311620668601e-31,1.0001688772417039e-30,1.0000000054436901e-30,9.999999999999997e-31,9.999998600253086e-31,1.529999999994362e-06,9.511312253810134e-19,1.8599999999927797e-06,2.8264523318047776e-19
152.4961048515547,4.835619763177152e-06,10000.0,250.0,1.0,1.0,21.2875,5.094488870220497e-17,1.438836142053832e-29,1.0000000005784247e-30,9.991615441093798e-31,9.999997822963393e-31,9.999997264871577e-31,1.0000002917684474e-30,1.000838654777811e-30,1.000000000001522e-30,9.999999999930083e-31,9.99999999992485e-31,9.999999999960053e-31,9.999999250301344e-31,9.999999999512995e-31,1.0000000153161907e-30,9.999999997750153e-31,1e-30,1e-30,1.0000000000209905e-30,9.999999999939072e-31,1e-30,9.999998655400332e-31,9.9999971522019e-31,9.991416739483887e-31,1.952224277194488e-28,9.996945367430363e-31,9.999999999981758e-31,9.999999999970036e-31,1.000000804973976e-30,1.0012197582556355e-30,1e-30,9.999999999956033e-31,9.999999999948067e-31,1.0000000019531432e-30,1.000000000473354e-30,9.9999999984654e-31,1.0000009313804814e-30,9.999549902273705e-31,1.0000432738456928e-30,9.999999972754527e-31,9.992378100902469e-31,5.174040323387228e-19,9.992376662673749e-31,0.0001499999999999484,8.916593532234788e-19,1.499999999998202e-07,2.7849999999893166e-08,1.112529940575961e-21,9.553751014361767e-16,4.66280792134842e-16,2.1806928091524976e-17,0.4999999999999989,9.142505037218396e-16,1.0009905734079434e-30,4.472791914676641e-28,1.0000000503100798e-30,9.999996363756985e-31,1.0000001653692413e-30,1.0000000023988169e-30,9.999999999999994e-31,1.0000000459047751e-30,9.999999999999999e-31,0.00010749999999978031,4.937817090523663e-18,8.749999999929733e-06,1.0837534974632907e-17,9.999999999970036e-31,1.0000000000000017e-30,9.999999999985028e-31,7.251735764227691e-19,2.1073631420927733e-21,1.4296390164086025e-25,1.0000001346732129e-30,1.0000005405709579e-30,9.997710786553982e-31,1.2949999999948256e-07,2.9048864756253603e-25,1.6135438329801505e-27,1.0000004679612663e-30,4.813552127319384e-22,2.459037069972114e-25,9.999999999995026e-31,8.497331200125715e-26,1.9092635199300947e-25,1.0011436952559342e-30,9.999993717311261e-31,9.988569330129403e-31,1.0000012986399793e-30,9.999999999880143e-31,1.0000000019050534e-30,9.999996268615776e-31,9.999999999999999e-31,2.5503993314918694e-22,8.0004421008448755e-25,2.971577311481879e-17,5.905641275855423e-24,9.999999999970036e-31,1.0128469666422734e-30,1.1754090370238192e-27,9.999999999997803e-31,1.0000000000002199e-30,3.116410398744657e-18,1.0058712953446168e-30,1.999999999999844e-05,9.984756786199368e-31,2.7904575016581716e-23,1.0007392135536804e-30,1.654344462486454e-19,1.0008584980344426e-30,5.150317667285153e-19,1.072693207749047e-30,9.999999999942066e-31,3.1249999999918216e-07,1.3734317179304833e-19,2.4649673408505316e-26,3.858679568229457e-30,1.000000033924347e-30,9.999999999980024e-31,1.0000000050992394e-30,1.0000000136717498e-30,7.786205464696524e-17,1.4106673418244186e-30,1.0014505808593918e-30,9.999999865572802e-31,9.999999999996205e-31,9.9951176638376e-31,1.000000003950705e-30,7.762493105792114e-28,9.999999786257707e-31,9.999993918579357e-31,2.147526408385979e-16,1.000375090875121e-30,4.6632117337226897e-17,5.198969879348083e-24,1.0000000359467746e-30,1.3068884602103978e-26,1.000000140578074e-30,1.0000001393909338e-30,1.0000000000019978e-30,9.999999999999999e-31,1e-30,9.999999999999999e-31,9.999999999970036e-31,9.999999999999999e-31,1.0000000000041546e-30,9.999998557841712e-31,1.0000000000000003e-30,1.0000000000022874e-30,1.0000005876768058e-30,1.0000000000266139e-30,1.0000003592937233e-30,9.992372226343638e-31,1.0007618303899493e-30,1.0000000019143232e-30,9.997558553325143e-31,1.0002442015177272e-30,1.0000000078720338e-30,9.999999999999999e-31,9.999997975848212e-31,1.5299999999918464e-06,1.3754158353126241e-18,1.8599999999895588e-06,4.0872861266470006e-19
220.522202941753,6.992713183084506e-06,10000.0,250.0,1.0,1.0,21.2875,7.367059690108931e-17,2.899717465672704e-29,1.000000000836456e-30,9.987877489925474e-31,9.99999685193219e-31,9.999993778296529e-31,1.0000004219307151e-30,1.0012127652428076e-30,1.000000000002201e-30,9.999999999898894e-31,9.999999999891325e-31,9.999999999942236e-31,9.999998915872457e-31,9.999999999295579e-31,1.0000000221484871e-30,9.999999996746529e-31,1e-30,9.999999999999999e-31,1.0000000000303543e-30,9.99999999991189e-31,1e-30,9.999998055595766e-31,9.999995884908927e-31,9.988489643126832e-31,4.071500590454063e-28,9.995581586444317e-31,9.999999999973621e-31,9.99999999995667e-31,1.0000011640484373e-30,1.0017637528402111e-30,1.0000000000000003e-30,9.999999999936419e-31,9.999999999924902e-31,1.0000000028251749e-30,1.0000000006845099e-30,9.999999997782125e-31,1.00000134686715e-30,9.999349127338129e-31,1.0000625769689952e-30,9.999999960600757e-31,9.988979966375954e-31,7.48209778570589e-19,9.988982874111597e-31,0.00014999999999992542,1.2891289203042854e-18,1.4999999999974e-07,2.7849999999845517e-08,1.6086904285089206e-21,1.3815528089028316e-15,6.747505695213514e-16,3.15346438577007e-17,0.49999999999999845,1.321615132147482e-15,1.001432379127417e-30,9.34240935024977e-28,1.0000000727526127e-30,9.999994741416492e-31,1.000000239116597e-30,1.0000000034688911e-30,9.999999999999989e-31,1.0000000663869925e-30,9.999999999999996e-31,0.0001074999999996823,7.139535807453452e-18,8.749999999898384e-06,1.567199937962937e-17,9.99999999995667e-31,1.0000000000000081e-30,9.999999999978347e-31,1.5160952022785317e-18,4.40658971566698e-21,3.1116699755789514e-25,1.0000001947487952e-30,1.0000007818828472e-30,9.996688462920639e-31,1.2949999999925177e-07,6.072630125580897e-25,3.8304736009054934e-27,1.0000006767113631e-30,1.006473014513119e-21,5.14204513095961e-25,9.999999999992807e-31,1.7769165064933755e-25,3.992838345343271e-25,1.001653458085447e-30,9.99999091470455e-31,9.983474504440985e-31,1.0000046235627364e-30,9.999999999826674e-31,1.0000000057645929e-30,9.999994619112914e-31,9.999999999999996e-31,5.332927515916388e-22,1.673924869802093e-24,4.29715096176136e-17,1.2346798602366841e-23,9.999999999956671e-31,1.0388429928492374e-30,3.551831158570932e-27,9.999999999996822e-31,1.0000000000003178e-30,4.506591739312987e-18,1.0126272879369037e-30,1.9999999999997745e-05,9.977964526396833e-31,5.835151497792932e-23,1.0015458133115955e-30,2.3923213359878393e-19,1.0020146721673946e-30,7.447792840679281e-19,1.151574965892642e-30,9.999999999916222e-31,3.124999999988174e-07,1.9861066772096956e-19,5.206273138338235e-26,6.977954449710083e-30,1.0000000495857788e-30,9.999999999971113e-31,1.0000000154209733e-30,1.0000000413432966e-30,1.1259508453737185e-16,1.8593036780585004e-30,1.0027186469500799e-30,9.999999929414991e-31,9.999999999994511e-31,9.99294049988051e-31,1.00000001195163e-30,1.6221699021379882e-27,9.999999695472285e-31,9.999991205764635e-31,3.105503947629504e-16,1.0009901958650104e-30,6.743396661340456e-17,1.0869333290552244e-23,1.0000001020315828e-30,2.732804448670854e-26,1.0000002032877213e-30,1.0000002015567917e-30,1.0000000000028892e-30,9.999999999999997e-31,1.0000000000000003e-30,9.999999999999996e-31,9.99999999995667e-31,9.999999999999996e-31,1.0000000000060082e-30,9.9999979145178e-31,1.0000000000000004e-30,1.0000000000033073e-30,1.0000008496855212e-30,1.0000000000384857e-30,1.0000005196571966e-30,9.988971474159497e-31,1.0011014832338741e-30,1.0000000027683752e-30,9.996469654878364e-31,1.0003531167365127e-30,1.0000000113836237e-30,9.999999999999997e-31,9.999997072906276e-31,1.5299999999882093e-06,1.9889671235288056e-18,1.8599999999849012e-06,5.910555905549767e-19
318.8936664160823,1.0112051826993984e-05,10000.0,250.0,1.0,1.0,21.2875,1.0653388362665272e-16,5.954648440678988e-29,1.0000000012096e-30,9.982474571023376e-31,9.99999544785976e-31,9.999986266217904e-31,1.0000006101661108e-30,1.0017537601509262e-30,1.000000000003183e-30,9.999999999853791e-31,9.999999999842845e-31,9.999999999916473e-31,9.999998432260026e-31,9.999999998980992e-31,1.0000000320285533e-30,9.999999995295203e-31,1e-30,9.999999999999996e-31,1.000000000043895e-30,9.999999999872588e-31,1e-30,9.999997188227939e-31,9.999994061621033e-31,9.986078374120148e-31,8.503245211379677e-28,9.993609247183304e-31,9.999999999961856e-31,9.99999999993734e-31,1.0000016832875806e-30,1.0025502835358794e-30,1.0000000000000004e-30,9.999999999908055e-31,9.999999999891407e-31,1.0000000040870408e-30,1.0000000009898588e-30,9.999999996795454e-31,1.0000019477095716e-30,9.99905879701213e-31,1.00009049019623e-30,9.999999943025384e-31,9.98406802157411e-31,1.0819743128556236e-18,9.984087292333027e-31,0.00014999999999989216,1.863591979843782e-18,1.4999999999962402e-07,2.7849999999776606e-08,2.3260477056151806e-21,1.9978416445206122e-15,9.76726927856637e-16,4.5601729130778716e-17,0.4999999999999979,1.910188522867528e-15,1.0020711872118916e-30,1.9525555712534923e-27,1.0000001052064075e-30,9.99999239520081e-31,1.000000345738293e-30,1.0000000050163086e-30,9.99999999999999e-31,1.0000000960112634e-30,9.999999999999992e-31,0.00010749999999954058,1.0322355552104157e-17,8.749999999853056e-06,2.266305449392066e-17,9.999999999937338e-31,1.0000000000000484e-30,9.999999999968685e-31,3.1693138584750378e-18,9.214148031460318e-21,6.875892828579773e-25,1.0000002816231373e-30,1.0000011310275188e-30,9.995208853006393e-31,1.29499999998918e-07,1.2692965731911003e-24,9.391169165792578e-27,1.0000009785816012e-30,2.1043404646070686e-21,1.0752273729092788e-24,9.9999999999896e-31,3.715804777307119e-25,8.350480879491972e-25,1.0023901584664856e-30,9.999986861900746e-31,9.976111553434406e-31,1.000017137433946e-30,9.999999999749352e-31,1.0000000174374735e-30,9.999992264224976e-31,9.999999999999992e-31,1.1150900732294303e-21,3.503180414075723e-24,6.214042093411996e-17,2.5810547909142443e-23,9.999999999937344e-31,1.1174234304807586e-30,1.073518552409524e-26,9.999999999995405e-31,1.0000000000004597e-30,6.516910966868185e-18,1.0269093305275867e-30,1.9999999999996742e-05,9.968150518266757e-31,1.2201809191186176e-22,1.0032325419584753e-30,3.459498009274724e-19,1.004535623600594e-30,1.077013531657211e-18,1.3163294914164387e-30,9.99999999987885e-31,3.1249999999828987e-07,2.8720958427308884e-19,1.1043398427546176e-25,1.3500855419842718e-29,1.0000000733079673e-30,9.999999999958226e-31,1.000000046633798e-30,1.000000125021988e-30,1.628219691839513e-16,2.797503971781777e-30,1.0052304316214895e-30,1.0000000272221271e-30,9.999999999992064e-31,9.989792976267209e-31,1.0000000361484773e-30,3.391124722266466e-27,9.99999957342163e-31,9.999987282817941e-31,4.490820108953e-16,1.0027853441871646e-30,9.751519152284261e-17,2.2721830620094364e-23,1.0000002989736125e-30,5.714625030334148e-26,1.0000002939711425e-30,1.0000002914383292e-30,1.0000000000041786e-30,9.999999999999994e-31,1.0000000000000004e-30,9.999999999999992e-31,9.999999999937338e-31,9.999999999999992e-31,1.0000000000086885e-30,9.999996984217348e-31,1.000000000000001e-30,1.000000000004782e-30,1.0000012284144745e-30,1.0000000000556532e-30,1.0000007516524991e-30,9.984055747155407e-31,1.0015924452066996e-30,1.0000000040035187e-30,9.994895225826937e-31,1.0005105963501489e-30,1.000000016461678e-30,9.999999999999994e-31,9.99999576717638e-31,1.5299999999829492e-06,2.876213992580111e-18,1.8599999999781656e-06,8.547153262784456e-19
461.1470823513949,1.462287805528269e-05,10000.0,250.0,1.0,1.0,21.2875,1.5405696204098692e-16,1.2342981704283092e-28,1.000000001749226e-30,9.974666664265303e-31,9.999993417704664e-31,9.999970243391343e-31,1.0000008823908326e-30,1.002536083376983e-30,1.000000000004603e-30,9.999999999788568e-31,9.99999999977274e-31,9.999999999879228e-31,9.999997732915733e-31,9.999999998525693e-31,1.0000000463159562e-30,9.999999993196464e-31,1e-30,9.99999999999999e-31,1.0000000000634765e-30,9.99999999981575e-31,1e-30,9.999995933941187e-31,9.999991458813464e-31,9.988095246915833e-31,1.7770729705108874e-27,9.990759298939537e-31,9.999999999944842e-31,9.99999999990939e-31,1.0000024341244233e-30,1.0036873986206103e-30,1.000000000000001e-30,9.99999999986704e-31,9.999999999842975e-31,1.000000005913552e-30,1.0000000014314193e-30,9.999999995371573e-31,1.000002816606991e-30,9.99863896983306e-31,1.000130853579657e-30,9.999999917609927e-31,9.976969207545634e-31,1.5646259191315796e-18,9.977042590709583e-31,0.00014999999999984408,2.693663148528507e-18,1.499999999994563e-07,2.784999999967696e-08,3.3631295892463126e-21,2.8890471727610593e-15,1.414478671906739e-15,6.594389650230107e-17,0.4999999999999969,2.7602495245105034e-15,1.0029947896433594e-30,4.0820138116077284e-27,1.0000001521373326e-30,9.999989002306757e-31,1.0000004998737481e-30,1.0000000072540041e-30,1.0000000000000053e-30,1.0000001388614498e-30,9.99999999999998e-31,0.00010749999999933564,1.492278392521179e-17,8.749999999787507e-06,3.277273509377731e-17,9.999999999909386e-31,1.0000000000002334e-30,9.999999999954716e-31,6.624267475345248e-18,1.9266034093744943e-20,1.5493584853223001e-24,1.0000004072507341e-30,1.0000016363118583e-30,9.99306661529225e-31,1.2949999999843536e-07,2.6525290081290074e-24,2.3814689781425424e-26,1.0000014151115218e-30,4.399438068085792e-21,2.2483040756739534e-24,9.999999999984958e-31,7.770329242047074e-25,1.746468459362328e-24,1.0034545289184145e-30,9.999981001208233e-31,9.96547370960763e-31,1.0000622479535276e-30,9.999999999637543e-31,1.0000000527385805e-30,9.999988950939736e-31,9.99999999999998e-31,2.3314982183098066e-21,7.333982369179447e-24,8.98602814110119e-17,5.394805096193439e-23,9.999999999909398e-31,1.354955314317648e-30,3.244874296906223e-26,9.999999999993355e-31,1.0000000000006645e-30,9.424001774909279e-18,1.0569948635329789e-30,1.999999999999529e-05,9.953975706259995e-31,2.5514650440986628e-22,1.0067597604023663e-30,5.002725301214839e-19,1.009967357292073e-30,1.5574522173966995e-18,1.6605596951576696e-30,9.999999999824809e-31,3.1249999999752695e-07,4.1533308157886326e-19,2.3565992707984258e-25,2.71412811755999e-29,1.0000001108666829e-30,9.99999999993959e-31,1.00000014102065e-30,1.0000003780661495e-30,2.354542719064869e-16,4.759054210573178e-30,1.0102815361387414e-30,1.0000001525237403e-30,9.999999999988524e-31,9.985243145513359e-31,1.0000001093226138e-30,7.090291276673763e-27,9.999999424845757e-31,9.999981609931345e-31,6.494103895195075e-16,1.008118622609647e-30,1.4101517462803628e-16,4.749176554184852e-23,1.0000008904689005e-30,1.1950096083979755e-25,1.000000425106989e-30,1.000000421382137e-30,1.0000000000060432e-30,9.999999999999987e-31,1.000000000000001e-30,9.99999999999998e-31,9.999999999909386e-31,9.99999999999998e-31,1.0000000000125652e-30,9.999995638924743e-31,1.000000000000002e-30,1.000000000006914e-30,1.0000017757588075e-30,1.0000000000804786e-30,1.0000010873383476e-30,9.976951470328324e-31,1.0023019898544145e-30,1.0000000057898747e-30,9.992618907456954e-31,1.0007382813029153e-30,1.0000000238049711e-30,9.999999999999987e-31,9.99999387898135e-31,1.5299999999753433e-06,4.159247778659946e-18,1.8599999999684258e-06,1.235988616693259e-18
666.8574950113216,2.1145912449623337e-05,10000.0,250.0,1.0,1.0,21.2875,2.227793328691423e-16,2.5701961379487985e-28,1.0000000025296542e-30,9.963386573709456e-31,9.999990482456107e-31,9.999936300882567e-31,1.000001276093554e-30,1.003667385748996e-30,1.0000000000066564e-30,9.99999999969425e-31,9.999999999671361e-31,9.999999999825383e-31,9.99999672160609e-31,9.999999997866498e-31,1.0000000669768064e-30,9.9999999901615e-31,1e-30,9.999999999999978e-31,1.0000000000917932e-30,9.999999999733556e-31,1e-30,9.999994120137244e-31,9.999987832307169e-31,1.0007638360814369e-30,3.715051714670796e-27,9.986655614013375e-31,9.999999999920239e-31,9.999999999868969e-31,1.0000035198419428e-30,1.0053311901425587e-30,1.0000000000000024e-30,9.999999999807729e-31,9.999999999772954e-31,1.0000000085584902e-30,1.0000000020699528e-30,9.99999999331865e-31,1.0000040731658195e-30,9.998031895571566e-31,1.0001892193083601e-30,9.99999988085705e-31,9.966712650888365e-31,2.262580760155487e-18,9.96695621482889e-31,0.00014999999999977455,3.892656265057396e-18,1.4999999999921376e-07,2.784999999953287e-08,4.8622579788583474e-21,4.177805377783816e-15,2.049735517342297e-15,9.536033681623435e-17,0.49999999999999556,3.987284264561182e-15,1.0043300450218709e-30,8.535050457665009e-27,1.0000002200034139e-30,9.999984097218295e-31,1.000000722665439e-30,1.0000000104898999e-30,1.0000000000000549e-30,1.0000002008494448e-30,9.999999999999957e-31,0.0001074999999990393,2.1570798352074677e-17,8.749999999692714e-06,4.739223944286614e-17,9.999999999868964e-31,1.0000000000011241e-30,9.999999999934515e-31,1.3842510407529617e-17,4.028164001073356e-20,3.5768330816499255e-24,1.0000005889187857e-30,1.0000023678145855e-30,9.989963339890016e-31,1.294999999977374e-07,5.541508552580812e-24,6.241975988547463e-26,1.0000020463711166e-30,9.196682695893705e-21,4.701057550182562e-24,9.999999999978247e-31,1.624898624576359e-24,3.652900465365151e-24,1.0049916922648716e-30,9.999972526159649e-31,9.950110551191647e-31,1.0002312880050498e-30,9.999999999475856e-31,1.0000001594923399e-30,9.999984438162444e-31,9.999999999999957e-31,4.87452785778414e-21,1.5361525666898196e-23,1.2994553551054256e-16,1.127356664302285e-22,9.99999999986899e-31,2.072818383903715e-30,9.807006544631694e-26,9.999999999990391e-31,1.000000000000961e-30,1.3627899768000446e-17,1.1202154768673147e-30,1.9999999999993185e-05,9.933513377573063e-31,5.335134117248937e-22,1.014135736384302e-30,7.234361856064409e-19,1.0215898711771559e-30,2.252206994978874e-18,2.3799426181275464e-30,9.999999999746658e-31,3.1249999999642375e-07,6.006146325895828e-19,5.070799586548294e-25,5.566558610260487e-29,1.0000001750295418e-30,9.999999999912644e-31,1.0000004264440934e-30,1.0000011432717357e-30,3.404866950084373e-16,8.859156439791717e-30,1.02055572553553e-30,1.0000005626191308e-30,9.999999999983402e-31,9.978667372001582e-31,1.0000003306050669e-30,1.4825838317513216e-26,9.999999294421363e-31,9.999973406511103e-31,9.391020899231849e-16,1.02409920100257e-30,2.0391981152046087e-16,9.924274672398713e-23,1.0000026740836676e-30,2.498948686318456e-25,1.0000006147404313e-30,1.0000006092239557e-30,1.0000000000087405e-30,9.99999999999997e-31,1.0000000000000024e-30,9.999999999999957e-31,9.999999999868964e-31,9.999999999999957e-31,1.0000000000181718e-30,9.999993693518723e-31,1.0000000000000045e-30,1.0000000000099955e-30,1.0000025665760282e-30,1.0000000001163772e-30,1.000001573188587e-30,9.966687027757659e-31,1.003327157437062e-30,1.0000000083735868e-30,9.989328076370829e-31,1.0010674412887105e-30,1.0000000344239911e-30,9.99999999999997e-31,9.999991148493029e-31,1.5299999999643445e-06,6.014622907221998e-18,1.8599999999543413e-06,1.7873400471602614e-18
964.3320659977904,3.0578769216063876e-05,10000.0,250.0,1.0,1.0,21.2875,3.221576642975168e-16,5.3637585774539715e-28,1.0000000036584684e-30,9.947097170722964e-31,9.999986238940818e-31,9.99986474419709e-31,1.0000018455104547e-30,1.0053033355567405e-30,1.000000000009626e-30,9.999999999557856e-31,9.999999999524761e-31,9.999999999747567e-31,9.999995259174237e-31,9.999999996911604e-31,1.000000096854586e-30,9.999999985772675e-31,1e-30,9.999999999999952e-31,1.0000000001327423e-30,9.999999999614702e-31,1e-30,9.999991497224645e-31,9.999983157638191e-31,1.0086117954927876e-30,7.767674202891254e-27,9.980814390113768e-31,9.99999999988466e-31,9.999999999810519e-31,1.0000050897642799e-30,1.0077070649386724e-30,1.000000000000005e-30,9.999999999721957e-31,9.999999999671726e-31,1.0000000123909225e-30,1.0000000029933262e-30,9.999999990362763e-31,1.000005890381165e-30,9.997154080281992e-31,1.0002736145384133e-30,9.999999827709323e-31,9.951899452145804e-31,3.271882194228281e-18,9.952666462751827e-31,0.000149999999999674,5.623661585782894e-18,1.4999999999886304e-07,2.7849999999324492e-08,7.028912979554398e-21,6.0414582147367615e-15,2.973025296499141e-15,1.3789888951968494e-16,0.4999999999999936,5.757037323229562e-15,1.0062602001128154e-30,1.7847059945940297e-26,1.0000003181435077e-30,9.999977013205794e-31,1.000001044631449e-30,1.0000000151692772e-30,1.0000000000003907e-30,1.0000002905376544e-30,9.999999999999908e-31,0.0001074999999986107,3.1174789151841995e-17,8.74999999955564e-06,6.853338858592364e-17,9.99999999981051e-31,1.0000000000055177e-30,9.999999999905303e-31,2.8917031231497645e-17,8.421504238744574e-20,8.497108557513289e-24,1.0000008516260204e-30,1.0000034273412902e-30,9.985464445603807e-31,1.2949999999672809e-07,1.1572017813165667e-23,1.6864050805319593e-25,1.0000029592276962e-30,1.922192997003418e-20,9.829138768369215e-24,9.999999999968545e-31,3.39792096284022e-24,7.641082327112963e-24,1.0072103719222127e-30,9.999960270538768e-31,9.927936010239115e-31,1.0008854400911612e-30,9.99999999924204e-31,1.0000004823199376e-30,9.999978754462651e-31,9.999999999999908e-31,1.019037115310182e-20,3.219889942082206e-23,1.879121925279987e-16,2.355117592584688e-22,9.99999999981056e-31,4.2417309928960565e-30,2.9633097971664604e-25,9.999999999986103e-31,1.0000000000013898e-30,1.9707090100623277e-17,1.2528321631875016e-30,1.9999999999990146e-05,9.903997502035288e-31,1.1155450100409155e-21,1.0295600778620628e-30,1.0461496147269558e-18,1.046373905300298e-30,3.256880880332342e-18,3.88354501017539e-30,9.999999999633647e-31,3.1249999999482847e-07,8.685560925531699e-19,1.1035055788113559e-24,1.1531445579233672e-28,1.0000002976082372e-30,9.999999999873672e-31,1.0000012895579912e-30,1.0000034572562106e-30,4.923724192758492e-16,1.7426673586634203e-29,1.0416320626777253e-30,1.0000018473838753e-30,9.999999999975998e-31,9.969165908246146e-31,1.0000009997679335e-30,3.1002100540462624e-26,9.999999361128965e-31,9.999961543782115e-31,1.3580206791244737e-15,1.0721685814149448e-30,2.948852110509966e-16,2.0732068448015815e-22,1.0000080638776743e-30,5.225701247901066e-25,1.0000008889662894e-30,1.0000008807171695e-30,1.0000000000126424e-30,9.999999999999938e-31,1.000000000000005e-30,9.999999999999908e-31,9.99999999981051e-31,9.999999999999908e-31,1.0000000000262807e-30,9.999990880298532e-31,1.0000000000000094e-30,1.0000000000144494e-30,1.0000037087255456e-30,1.0000000001682881e-30,1.0000022766467863e-30,9.951862454034294e-31,1.0048077691916177e-30,1.0000000121108773e-30,9.984571174298995e-31,1.0015432428074809e-30,1.0000000497799865e-30,9.999999999999938e-31,9.999987199978404e-31,1.5299999999484394e-06,8.697652098977715e-18,1.8599999999339735e-06,2.584636777164802e-18
1394.505333550732,4.4219474047143965e-05,10000.0,250.0,1.0,1.0,21.2875,4.658670938886954e-16,1.1205503173513828e-27,1.0000000052915786e-30,9.92358841339108e-31,9.999980104763261e-31,9.999714433567629e-31,1.0000026691226455e-30,1.0076690305763184e-30,1.00000000001392e-30,9.99999999936062e-31,9.99999999931276e-31,9.999999999635166e-31,9.999993144410253e-31,9.99999999552743e-31,1.0000001400627072e-30,9.999999979426026e-31,1e-30,9.9999999999999e-31,1.0000000001919598e-30,9.999999999442825e-31,1e-30,9.999987704273448e-31,9.99997879844543e-31,1.0351232551153749e-30,1.6242353836747987e-26,9.9728075402124e-31,9.99999999983321e-31,9.999999999726001e-31,1.0000073597603549e-30,1.0111403811743452e-30,1.00000000000001e-30,9.999999999597925e-31,9.999999999525399e-31,1.0000000179488869e-30,1.0000000043286021e-30,9.999999986115074e-31,1.000008518489957e-30,9.995884821796987e-31,1.0003956434984115e-30,9.999999750853304e-31,9.930517249992772e-31,4.731416994611349e-18,9.932877132816406e-31,0.00014999999999952852,8.120913764602993e-18,1.4999999999835585e-07,2.7849999999023167e-08,1.0159548207892907e-20,8.736457077321266e-15,4.3178827708364136e-15,1.994130165397477e-16,0.49999999999999073,8.306572489410923e-15,1.0090498217784444e-30,3.731995617367359e-26,1.0000004600624042e-30,9.999966816235168e-31,1.000001509797664e-30,1.0000000219360506e-30,1.0000000000025815e-30,1.0000004203371711e-30,9.999999999999805e-31,0.00010749999999799093,4.504291450185766e-17,8.749999999357418e-06,9.910551010735209e-17,9.999999999725982e-31,1.0000000000279341e-30,9.99999999986306e-31,6.037998311488733e-17,1.7604571984789718e-19,2.083950756817788e-23,1.0000012315226715e-30,1.0000049630848574e-30,9.978935150520898e-31,1.2949999999526857e-07,2.4150171990585838e-23,4.676734783030657e-25,1.000004279302079e-30,4.016652577254348e-20,2.0549704455290562e-23,9.999999999954513e-31,7.105593302033035e-24,1.5985612921529455e-23,1.010410032244474e-30,9.999942547906006e-31,9.895957129649267e-31,1.003488255533375e-30,9.999999998903924e-31,1.0000014585554527e-30,9.999973081069684e-31,9.999999999999805e-31,2.1300487721077786e-20,6.756090973233513e-23,2.717368694139383e-16,4.917788477603873e-22,9.999999999726084e-31,1.0792192557572962e-29,8.950938933682233e-25,9.999999999979904e-31,1.0000000000020097e-30,2.8498110996216725e-17,1.530655570782929e-30,1.9999999999985748e-05,9.861470106451025e-31,2.3324305625297312e-21,1.0618148344475085e-30,1.5128203954528447e-18,1.0991891831809689e-30,4.709723881620676e-18,7.02650072045859e-30,9.999999999470224e-31,3.124999999925215e-07,1.2560402186360125e-18,2.4377563949244217e-24,2.4004975434005454e-28,1.0000005649387473e-30,9.999999999817319e-31,1.0000038995973562e-30,1.0000104547651362e-30,7.120119606634378e-16,3.5321829700806515e-29,1.0851409204261595e-30,1.0000057950635045e-30,9.99999999996529e-31,9.955441990533657e-31,1.0000030233206812e-30,6.482924414009643e-26,1.0000000229656617e-30,9.999944389501567e-31,1.963812234574636e-15,1.21696944125133e-30,4.264288351944598e-16,4.329015821403198e-22,1.000024372187385e-30,1.0927799920858674e-24,1.0000012855198351e-30,1.000001273022691e-30,1.0000000000182883e-30,9.999999999999868e-31,1.00000000000001e-30,9.999999999999805e-31,9.999999999725982e-31,9.999999999999805e-31,1.0000000000380107e-30,9.999986812146728e-31,1.0000000000000199e-30,1.0000000000208845e-30,1.0000053573659148e-30,1.0000000002433526e-30,1.0000032957394392e-30,9.930463862606464e-31,1.0069449605868235e-30,1.0000000175174579e-30,9.977696299573084e-31,1.0022308915400971e-30,1.0000000719860464e-30,9.999999999999868e-31,9.999981490096638e-31,1.5299999999254388e-06,1.2577539374427424e-17,1.8599999999045203e-06,3.737586915931757e-18
2016.5720853524851,6.394508134679367e-05,10000.0,250.0,1.0,1.0,21.2875,6.736830203449692e-16,2.34214021998085e-27,1.0000000076554498e-30,9.889691001850028e-31,9.999971239041516e-31,9.999399620174278e-31,1.0000038605271263e-30,1.0110899459496149e-30,1.0000000000201297e-30,9.999999999075401e-31,9.999999999006195e-31,9.99999999947303e-31,9.999990086448695e-31,9.999999993519309e-31,1.0000002025562265e-30,9.999999970248173e-31,1e-30,9.99999999999979e-31,1.0000000002775964e-30,9.999999999194277e-31,1e-30,9.999982219349253e-31,9.999982702308571e-31,1.1192172933167985e-30,3.396425980346695e-26,9.96321254640883e-31,9.99999999975881e-31,9.999999999603785e-31,1.000010641856063e-30,1.0161007615040133e-30,1.000000000000021e-30,9.999999999418565e-31,9.999999999313922e-31,1.0000000260194857e-30,1.0000000062595243e-30,9.99999998002849e-31,1.0000123195052236e-30,9.994049652200087e-31,1.0005720791132414e-30,9.999999639713167e-31,9.899678011972334e-31,6.842027111410668e-18,9.906857199734469e-31,0.0001499999999993182,1.1719788870759151e-17,1.4999999999762242e-07,2.7849999998587418e-08,1.4681424411039752e-20,1.2633652265887943e-14,6.28285521341932e-15,2.883672022949818e-16,0.49999999999998657,1.1973273939152903e-14,1.0130806042287541e-30,7.804088613957458e-26,1.000000665289203e-30,9.999952290481304e-31,1.0000021816750609e-30,1.0000000317213801e-30,1.0000000000165002e-30,1.000000608264668e-30,9.999999999999582e-31,0.0001074999999970947,6.505550532911295e-17,8.749999999070772e-06,1.4331587148933858e-16,9.999999999603745e-31,1.0000000001453557e-30,9.999999999801975e-31,1.2599233230560495e-16,3.6795408643601926e-19,5.283922666007971e-23,1.0000017808849493e-30,1.0000071913779655e-30,9.969444392247299e-31,1.2949999999315792e-07,5.0354852363413006e-23,1.3248071383050605e-24,1.0000061882632876e-30,8.39052891775419e-20,4.295886254760697e-23,9.99999999993422e-31,1.485892716115773e-23,3.344921803083518e-23,1.0150188010283776e-30,9.999916919542903e-31,9.849895070173334e-31,1.0140663559697593e-30,9.999999998414978e-31,1.000004410694888e-30,9.999972569532915e-31,9.999999999999584e-31,4.451489135580501e-20,1.419678502868307e-22,3.9295443242552507e-16,1.026235363286153e-21,9.999999999603957e-31,3.0564686105404576e-29,2.702380719088747e-24,9.99999999997094e-31,1.000000000002906e-30,4.121066713578962e-17,2.1120645134732365e-30,1.9999999999979388e-05,9.800294680677834e-31,4.876422877341497e-21,1.1292646715377394e-30,2.1876656232361528e-18,1.2119470428562951e-30,6.810657147731136e-18,1.3596282964273894e-29,9.999999999233902e-31,3.124999999891853e-07,1.8164128082243753e-18,5.4902416010195665e-24,5.008911581623388e-28,1.0000012236655982e-30,9.999999999735828e-31,1.000011792313119e-30,1.0000316153408586e-30,1.0296292244836833e-15,7.267837977275576e-29,1.1753856551122036e-30,1.0000178146705928e-30,9.999999999949812e-31,9.935629457861624e-31,1.0000091425424699e-30,1.3556719553202493e-25,1.0000003820335166e-30,9.999919583436766e-31,2.839837845191733e-15,1.6532050996673838e-30,6.166519875539207e-16,9.033390910923756e-22,1.0000737677934457e-30,2.285187073891831e-24,1.000001858969376e-30,1.0000018397098766e-30,1.000000000026459e-30,9.999999999999722e-31,1.000000000000021e-30,9.999999999999582e-31,9.999999999603745e-31,9.999999999999582e-31,1.0000000000549793e-30,9.999980929259697e-31,1.0000000000000418e-30,1.0000000000301791e-30,1.0000077351710042e-30,1.0000000003518956e-30,1.0000047732574244e-30,9.89960104916332e-31,1.0100273865870127e-30,1.0000000253403089e-30,9.967763023330107e-31,1.0032244529745327e-30,1.000000104097873e-30,9.999999999999722e-31,9.999973233132717e-31,1.5299999998921784e-06,1.8188185527368152e-17,1.8599999998619287e-06,5.4048330458756436e-18
2916.1329667119107,9.246996977143298e-05,10000.0,250.0,1.0,1.0,21.2875,9.742023320878558e-16,4.896643182383082e-27,1.0000000110806067e-30,9.840877173152884e-31,9.999958428531001e-31,9.998742046667737e-31,1.0000055842178452e-30,1.0160366402220666e-30,1.0000000000291093e-30,9.999999998662952e-31,9.999999998562875e-31,9.999999999240047e-31,9.999985665120716e-31,9.999999990603776e-31,1.0000002929764213e-30,9.999999956976085e-31,1e-30,9.999999999999565e-31,1.0000000004014416e-30,9.99999999883486e-31,1e-30,9.999974287692396e-31,1.0000032182785792e-30,1.3787855439188056e-30,7.10235898467279e-26,9.958115240086416e-31,9.99999999965122e-31,9.999999999427062e-31,1.0000153869770922e-30,1.0232679424206817e-30,1.0000000000000437e-30,9.999999999159194e-31,9.999999999008361e-31,1.0000000377598529e-30,1.0000000090518014e-30,9.99999997134364e-31,1.0000178172405176e-30,9.99139643837363e-31,1.000827160208448e-30,9.999999478995461e-31,9.855251183074474e-31,9.894146879969384e-18,9.876955470660353e-31,0.00014999999999901407,1.6898314380691517e-17,1.499999999965618e-07,2.78499999979573e-08,2.1209400637794705e-20,1.8269324528555183e-14,9.166317911857434e-15,4.1700156487968573e-16,0.49999999999998046,1.7233799111072556e-14,1.0189026255766665e-30,1.6319484114386583e-25,1.000000962064716e-30,9.999932275139905e-31,1.0000031522158019e-30,1.0000000458718357e-30,1.0000000001044355e-30,1.0000008805722274e-30,9.999999999999127e-31,0.00010749999999579865,9.390795734718217e-17,8.749999998656254e-06,2.072488146235607e-16,9.999999999426984e-31,1.000000000780826e-30,9.99999999971364e-31,2.6265125438804244e-16,7.688893436484407e-19,1.3838857869414928e-22,1.0000025753085087e-30,1.0000104293007794e-30,9.955618789155597e-31,1.2949999999010574e-07,1.0485742623631361e-22,3.814857432013298e-24,1.0000089488541454e-30,1.7518998996921789e-19,8.979212716803125e-23,9.999999999904877e-31,3.1072384051915974e-23,7.00100160767731e-23,1.0216455752435864e-30,9.999879858888925e-31,9.783664388675221e-31,1.0578494806371584e-30,9.999999997707925e-31,1.000013337957774e-30,9.999995064953541e-31,9.999999999999129e-31,9.300361844841444e-20,2.98947319430903e-22,5.682452831953618e-16,2.1395379258509747e-21,9.999999999427422e-31,9.019942642903922e-29,8.152924769343522e-24,9.999999999957976e-31,1.0000000000042026e-30,5.95940933067328e-17,3.3276437244250594e-30,1.999999999997019e-05,9.712500447775052e-31,1.0194180852547014e-20,1.2703130310557163e-30,3.1635486231409458e-18,1.4537308923720784e-30,9.848783488687318e-18,2.7328711282968486e-29,9.999999998892157e-31,3.1249999998436083e-07,2.6268375214906533e-18,1.2663226442331576e-23,1.0463521459566066e-27,1.0000029979273526e-30,9.999999999617986e-31,1.0000356597757808e-30,1.0000956054646492e-30,1.488930521883714e-15,1.50597737529948e-28,1.3632686522851477e-30,1.0000542424983111e-30,9.99999999992742e-31,9.907048582969461e-31,1.0000276470429804e-30,2.8349153311932643e-25,1.0000016072927237e-30,9.999883712762121e-31,4.106644680540384e-15,2.966364667834482e-30,8.917306767253436e-16,1.8832213819933405e-21,1.0002235407589582e-30,4.778722494020484e-24,1.0000026882251266e-30,1.0000026578928724e-30,1.0000000000382892e-30,9.999999999999416e-31,1.0000000000000437e-30,9.999999999999127e-31,9.999999999426984e-31,9.999999999999127e-31,1.000000000079532e-30,9.999972422115923e-31,1.0000000000000873e-30,1.0000000000435966e-30,1.0000111606132403e-30,1.0000000005088434e-30,1.0000069178438617e-30,9.85514038802433e-31,1.0144678826417898e-30,1.0000000366621681e-30,9.953416157223278e-31,1.0046594789781765e-30,1.0000001505342676e-30,9.999999999999416e-31,9.999961292879827e-31,1.5299999998440809e-06,2.6301657516906732e-17,1.8599999998003374e-06,7.815776121861483e-18
4216.973715599934,0.00013371935932267675,10000.0,250.0,1.0,1.0,21.2875,1.408778531366218e-15,1.023840680276838e-26,1.0000000160541868e-30,9.770714081293099e-31,9.999939924510157e-31,9.997372427497708e-31,1.0000080785334154e-30,1.0231892626280952e-30,1.0000000000420942e-30,9.999999998066514e-31,9.999999997921791e-31,9.999999998908953e-31,9.999979274789038e-31,9.999999986371783e-31,1.0000004239500372e-30,9.999999937783235e-31,1e-30,9.999999999999086e-31,1.0000000005805467e-30,9.999999998315111e-31,1e-30,9.999962817859838e-31,1.000029328224939e-30,2.169595348698984e-30,1.4852055524887429e-25,9.989219301500093e-31,9.999999999495638e-31,9.999999999171532e-31,1.0000222465937417e-30,1.0336417357436199e-30,1.0000000000000915e-30,9.99999999878412e-31,9.999999998567037e-31,1.0000000548829443e-30,1.0000000130896714e-30,9.999999959028966e-31,1.0000257698269693e-30,9.987560913585054e-31,1.0011959042302542e-30,9.999999246584733e-31,9.791358631764155e-31,1.430776873388294e-17,9.856690871944177e-31,0.00014999999999857423,2.4333348975792027e-17,1.4999999999502802e-07,2.7849999997046073e-08,3.062637162593813e-20,2.641898096490035e-14,1.3422912752136913e-14,6.030158458924378e-16,0.49999999999997163,2.4754332635480406e-14,1.027307348924343e-30,3.412653323549295e-25,1.000001391227765e-30,9.999907714814412e-31,1.0000045573677687e-30,1.0000000663348933e-30,1.0000000006596955e-30,1.0000012759812786e-30,9.99999999999817e-31,0.00010749999999392435,1.354486407943275e-16,8.749999998056826e-06,2.9970338399748327e-16,9.99999999917137e-31,1.000000004332644e-30,9.999999999585896e-31,5.467837206261179e-16,1.6061722973707448e-18,3.7326089667063543e-22,1.0000037241107267e-30,1.000015144233173e-30,9.935417190075942e-31,1.2949999998569201e-07,2.1794367830098176e-22,1.1117085262312213e-23,1.0000129411317564e-30,3.655389980007462e-19,1.8764425845436399e-22,9.999999999862448e-31,6.497730640694177e-23,1.465890086057818e-22,1.0311497643965438e-30,9.999826266306867e-31,9.688676089727706e-31,1.2416317002761354e-30,9.999999996685462e-31,1.0000403339564268e-30,1.0000097731476473e-30,9.999999999998176e-31,1.9423113813459589e-19,6.313700291298773e-22,8.217307160470154e-16,4.454619635571284e-21,9.999999999172284e-31,2.698497202910491e-28,2.4571369695007565e-23,9.999999999939228e-31,1.0000000000060773e-30,8.617807484992507e-17,5.866644156551037e-30,1.9999999999956884e-05,9.586931762703466e-31,2.1308044640806815e-20,1.5652676289794448e-30,4.5747575793541405e-18,1.975874216961272e-30,1.4242169904656908e-17,5.603000526115957e-29,9.999999998397968e-31,3.1249999997738414e-07,3.798943017916259e-18,3.003557777545157e-23,2.1869981181462476e-27,1.0000080423070076e-30,9.999999999447574e-31,1.0001078347017588e-30,1.0002891141699904e-30,2.153118857826276e-15,3.1293565932897625e-28,1.7556703793723477e-30,1.0001643514889382e-30,9.999999999895044e-31,9.865863578830957e-31,1.0000836045432271e-30,5.928249176217033e-25,1.0000055141145858e-30,9.999831842825247e-31,5.9385541327382556e-15,6.9127808500979e-30,1.2895176143924658e-15,3.920662929359642e-21,1.0006782801925314e-30,9.993169042404478e-24,1.0000038873975847e-30,1.0000038383516874e-30,1.0000000000554256e-30,9.99999999999878e-31,1.0000000000000915e-30,9.99999999999817e-31,9.99999999917137e-31,9.99999999999817e-31,1.0000000001150668e-30,9.999960120082597e-31,1.0000000000001824e-30,1.0000000000629501e-30,1.0000160869002693e-30,1.0000000007357737e-30,1.000010035686797e-30,9.791199451909864e-31,1.0208539320792262e-30,1.0000000530540708e-30,9.932705895195916e-31,1.006730998652332e-30,1.0000002176851828e-30,9.999999999998778e-31,9.999944026294078e-31,1.529999999774528e-06,3.803443223051956e-17,1.8599999997112704e-06,1.1302129217075367e-17
6098.0989279483565,0.00019336944850166022,10000.0,250.0,1.0,1.0,21.2875,2.0372122518784295e-15,2.1408557154755825e-26,1.0000000233083475e-30,9.67013615200948e-31,9.999913210164934e-31,9.994529380951823e-31,1.0000116891067725e-30,1.0335304141567594e-30,1.000000000060872e-30,9.999999997204016e-31,9.999999996994732e-31,9.999999998454281e-31,9.999970048207363e-31,9.999999980254823e-31,1.0000006143066457e-30,9.999999910028144e-31,1e-30,9.999999999998088e-31,1.0000000008395782e-30,9.999999997563507e-31,1e-30,9.999946231539253e-31,1.00014935230052e-30,4.56201239697986e-30,3.1057905922644062e-25,1.020163223464569e-30,9.999999999270653e-31,9.999999998802073e-31,1.000032161520076e-30,1.0488005612452233e-30,1.0000000000001915e-30,9.999999998241732e-31,9.99999999792996e-31,1.0000000799502418e-30,1.0000000189287774e-30,9.999999941734468e-31,1.0000372749498416e-30,9.98201702586637e-31,1.0017288784356514e-30,9.999998910500527e-31,9.699696519343994e-31,2.069023695541181e-17,9.895558946918206e-31,0.00014999999999793802,3.497395673926345e-17,1.4999999999280995e-07,2.7849999995728374e-08,4.41960877017102e-20,3.8204070113968063e-14,1.9757407338830926e-14,8.720043171466021e-16,0.4999999999999587,3.5451049153481324e-14,1.0394307723530877e-30,7.136391054147603e-25,1.0000020118354118e-30,9.999891416576775e-31,1.0000066171467792e-30,1.000000095928174e-30,1.0000000041511233e-30,1.0000018542339276e-30,9.999999999996174e-31,0.00010749999999121384,1.951399476057315e-16,8.749999997189991e-06,4.3340491085223474e-16,9.999999998801726e-31,1.0000000246909684e-30,9.999999999401168e-31,1.1360281750109306e-15,3.3536259224157276e-18,1.0320839609154216e-21,1.000005385373095e-30,1.0000220304976043e-30,9.905776541648553e-31,1.294999999793093e-07,4.517700641630658e-22,3.266008576320753e-23,1.0000187150419846e-30,7.619615744507077e-19,3.920179557878288e-22,9.999999999801087e-31,1.3587790187337432e-22,3.070988296725621e-22,1.0447307502189758e-30,9.9997487674304e-31,9.552943730379854e-31,2.0201631895401932e-30,9.9999999952069e-31,1.0001219696881997e-30,1.0000457720623176e-30,9.999999999996191e-31,4.053999271030673e-19,1.3389600312213468e-21,1.188292214728222e-15,9.256850035616332e-21,9.99999999880364e-31,8.101411005101359e-28,7.394321727877479e-23,9.99999999991212e-31,1.000000000008788e-30,1.246207496872119e-16,1.1163905719808032e-29,1.9999999999937646e-05,9.40821460385702e-31,4.452968491312482e-20,2.182064691928717e-30,6.615484509014648e-18,3.1149492239780934e-30,2.0595376473367348e-17,1.160066356314494e-28,9.999999997683329e-31,3.124999999672948e-07,5.494242613329506e-18,7.347051731014957e-23,4.5722709596977416e-27,1.0000228045244122e-30,9.999999999201147e-31,1.0003260909511006e-30,1.0008742962423672e-30,3.113591097927976e-15,6.505891319789932e-28,2.5776908079072957e-30,1.0004965319186993e-30,9.999999999848223e-31,9.80660921817534e-31,1.0002528196507395e-30,1.239690375999242e-24,1.0000176199318001e-30,9.999756839036355e-31,8.587649687162095e-15,1.8742590534951072e-29,1.864751007784007e-15,8.146385920587106e-21,1.002061448691612e-30,2.089760723994778e-23,1.0000056214994784e-30,1.0000055397550904e-30,1.0000000000802682e-30,9.999999999997447e-31,1.0000000000001912e-30,9.999999999996175e-31,9.999999998801726e-31,9.999999999996175e-31,1.000000000166514e-30,9.999942330333323e-31,1.0000000000003804e-30,1.0000000000908342e-30,1.0000231542513638e-30,1.0000000010638715e-30,1.0000145788078481e-30,9.699468487609491e-31,1.0300154179733949e-30,1.0000000767989165e-30,9.902833303437876e-31,1.0097189770227622e-30,1.0000003147910162e-30,9.999999999997442e-31,9.999919057409906e-31,1.5299999996739488e-06,5.500103565994714e-17,1.8599999995824727e-06,1.6343535500883854e-17
8818.36431597356,0.0002796284980965741,10000.0,250.0,1.0,1.0,21.2875,2.945980219835379e-15,4.47661344820292e-26,1.0000000339856285e-30,9.526520302478043e-31,9.999874671021218e-31,9.98865370821949e-31,1.000016917790218e-30,1.0484781816200894e-30,1.0000000000880261e-30,9.999999995956766e-31,9.999999995654126e-31,9.99999999789944e-31,9.999956768493625e-31,9.99999997156962e-31,1.0000008937569659e-30,9.999999869890656e-31,1e-30,9.999999999996002e-31,1.0000000012142245e-30,9.999999996476625e-31,1e-30,9.999922246371097e-31,1.0006814126750167e-30,1.176584710247092e-29,6.49469210438323e-25,1.1233906537845316e-30,9.999999998945301e-31,9.999999998267917e-31,1.000046489605839e-30,1.0719158541762108e-30,1.0000000000004002e-30,9.999999997457396e-31,9.999999997011043e-31,1.0000001168584512e-30,1.0000000273726273e-30,9.999999917831388e-31,1.000053922803585e-30,9.974005539729736e-31,1.0024990591796712e-30,9.999998424497167e-31,9.568660924858731e-31,2.9919822231058695e-17,1.015303887491419e-30,0.00014999999999701794,5.01315940598672e-17,1.4999999998960232e-07,2.784999999382286e-08,6.371907231538982e-20,5.524630095354836e-14,2.9284575032846116e-14,1.260976266184261e-15,0.4999999999999396,5.0553468865863e-14,1.0568973297665582e-30,1.4923319919756797e-24,1.00000290929152e-30,9.999951688451448e-31,1.0000098067308985e-30,1.0000001387350785e-30,1.0000000260627033e-30,1.000002723199537e-30,9.999999999992e-31,0.00010749999998729387,2.8066815162036765e-16,8.74999999593646e-06,6.267576639745206e-16,9.999999998267192e-31,1.0000001439900985e-30,9.999999999134039e-31,2.353551746548411e-15,6.997426518603132e-18,2.9098955400176937e-21,1.0000077876934315e-30,1.0000321305250266e-30,9.862046047728244e-31,1.2949999997007916e-07,9.328316747074478e-22,9.640768025253112e-23,1.000027067009837e-30,1.5860705112112547e-18,8.186480540709492e-22,9.999999999712353e-31,2.8414234295918675e-22,6.438477557524443e-22,1.0640343925053234e-30,9.99963669859436e-31,9.360019376352417e-31,5.3385138257757886e-30,9.999999993068767e-31,1.0003688355847185e-30,1.0001615428517551e-30,9.999999999992066e-31,8.454348598879083e-19,2.855749347754569e-21,1.718371470126709e-15,1.9182828579790567e-20,9.999999998271198e-31,2.4311197134918013e-27,2.220421984693249e-22,9.999999999872917e-31,1.0000000000127083e-30,1.8021209315215722e-16,2.2199949890738815e-29,1.99999999999098e-05,9.155650593833299e-31,9.303249570685469e-20,3.471885611471234e-30,9.56654741371636e-18,5.633292388635564e-30,2.978264796767909e-17,2.4130587063809e-28,9.999999996649899e-31,3.124999999527042e-07,7.946477778671467e-18,1.8549694082730643e-22,9.560257555972268e-27,1.000066610456213e-30,9.99999999884479e-31,1.0009860959636237e-30,1.0026439393856288e-30,4.5025148041626594e-15,1.3512098233270939e-27,4.305279267920347e-30,1.0014967715198773e-30,9.999999999780515e-31,9.721551282706031e-31,1.0007645249490807e-30,2.592389284878776e-24,1.0000546496157477e-30,9.999648387792155e-31,1.2418465445946845e-14,5.406935785287691e-29,2.69658691206253e-15,1.6878972416715294e-20,1.006279123062535e-30,4.37011203782547e-23,1.0000081291517265e-30,1.0000079883718157e-30,1.0000000001163215e-30,9.999999999994665e-31,1.0000000000003996e-30,9.999999999991998e-31,9.999999998267192e-31,9.999999999991998e-31,1.0000000002410406e-30,9.99991660491365e-31,1.0000000000007915e-30,1.0000000001309423e-30,1.0000332572947637e-30,1.0000000015381988e-30,1.0000212198937622e-30,9.568335628196447e-31,1.043111959693175e-30,1.0000001112209616e-30,9.859793846432218e-31,1.0140239743992042e-30,1.0000004552141364e-30,9.999999999994644e-31,9.999882950410789e-31,1.5299999995285022e-06,7.953622174181226e-17,1.8599999993962203e-06,2.363351184955851e-17
12752.097026966174,0.0004043663440818802,10000.0,250.0,1.0,1.0,21.2875,4.26013501093445e-15,9.360759544509082e-26,1.0000000499915885e-30,9.322603656073194e-31,9.999819132585335e-31,9.97658339874091e-31,1.0000244945601422e-30,1.0700748398522158e-30,1.0000000001272932e-30,9.999999994153129e-31,9.9999999937155e-31,9.999999997540069e-31,9.99993783716595e-31,9.9999999600017e-31,1.0000013160132512e-30,9.999999811845775e-31,1e-30,9.999999999991637e-31,1.000000001756129e-30,9.9999999949049e-31,1e-30,9.99988756189838e-31,1.0030172286834515e-30,3.3367139573661524e-29,1.3581424939545944e-24,1.584779362358665e-30,9.999999998474815e-31,9.999999997495725e-31,1.0000671888893359e-30,1.1132325217907552e-30,1.0000000000008368e-30,9.999999996323176e-31,9.999999995687112e-31,1.0000001717972727e-30,1.000000039583169e-30,9.999999885896767e-31,1.000078018892703e-30,9.962431627259929e-31,1.0036116670598599e-30,9.999997721701136e-31,9.38229692573052e-31,4.326657734322192e-17,1.111476437947345e-30,0.00014999999999568708,7.15788141863687e-17,1.4999999998496362e-07,2.7849999991067327e-08,9.174323773620641e-20,7.989080116188929e-14,4.380670336652755e-14,1.823445671465469e-15,0.4999999999999111,7.164991531170616e-14,1.0820163827822987e-30,3.120702845358681e-24,1.000004207106751e-30,1.000040294725338e-30,1.0000158128299958e-30,1.0000002007166258e-30,1.0000001629839372e-30,1.0000041690340987e-30,9.999999999983268e-31,0.00010749999998162453,4.0270906406127816e-16,8.749999994123717e-06,9.063804766651474e-16,9.99999999749421e-31,1.0000008539129806e-30,9.999999998747748e-31,4.856063834123442e-15,1.4585716581379935e-17,8.319379782296041e-21,1.000011261640644e-30,1.0000470313897231e-30,9.797071210848114e-31,1.2949999995673124e-07,1.915421035597896e-21,2.8509358785858946e-22,1.0000391526590062e-30,3.2948811590566497e-18,1.708581954967257e-21,9.99999999958403e-31,5.941869042912613e-22,1.3512572300945542e-21,1.09126207542478e-30,9.999474639846158e-31,9.087904605906051e-31,1.9521803652970126e-29,9.999999989976847e-31,1.0011153563105725e-30,1.0005205168894024e-30,9.99999999998355e-31,1.7609322725577977e-18,6.1375944269367805e-21,2.4849116836481035e-15,3.959497954164278e-20,9.99999999750258e-31,7.277573472199364e-27,6.64719949346353e-22,9.999999999816231e-31,1.000000000018377e-30,2.6060185482409447e-16,4.5147076684563e-29,1.9999999999869504e-05,8.802365313307333e-31,1.9428955792109928e-19,6.169106569882104e-30,1.3834032759745772e-17,1.1293070686831538e-29,4.3068215945579517e-17,5.029708801768454e-28,9.999999995155472e-31,3.124999999316033e-07,1.1494015743337994e-17,4.826054615332814e-22,1.999093520851818e-26,1.000197331032145e-30,9.999999998329467e-31,1.0029819462827676e-30,1.0079955709827952e-30,6.511015398758207e-15,2.7999873975124173e-27,7.950118767602751e-30,1.0045017116263999e-30,9.999999999682603e-31,9.59985346946775e-31,1.002311918113713e-30,5.421098685712356e-24,1.000167237388887e-30,9.9994915880937e-31,1.795814874010765e-14,1.5898644545501845e-28,3.899491646036048e-15,3.4831651579049516e-20,1.0191842739515739e-30,9.138866586183914e-23,1.0000117554173889e-30,1.0000115048061528e-30,1.0000000001687268e-30,9.999999999988843e-31,1.000000000000836e-30,9.99999999998326e-31,9.99999999749421e-31,9.99999999998326e-31,1.0000000003490817e-30,9.999879403906788e-31,1.0000000000016443e-30,1.0000000001884935e-30,1.0000476260571047e-30,1.0000000022238446e-30,1.0000309705588783e-30,9.381835684736776e-31,1.0617378344782164e-30,1.0000001611750792e-30,9.797885788302076e-31,1.020216325295889e-30,1.0000006582776022e-30,9.999999999988792e-31,9.999830736878892e-31,1.5299999993181744e-06,1.1501626930698414e-16,1.8599999991268827e-06,3.417475904483128e-17
18440.60562235985,0.0005847477683396706,10000.0,250.0,1.0,1.0,21.2875,6.160513072628723e-15,1.9573406555007422e-25,1.000000074848237e-30,9.035418177195987e-31,9.999739221366017e-31,9.95199640732354e-31,1.0000354838974293e-30,1.101249067879356e-30,1.0000000001840762e-30,9.99999999154491e-31,9.999999990912074e-31,9.99999999894525e-31,9.999911638026391e-31,9.999999948105431e-31,1.0000020051025806e-30,9.99999972790236e-31,1e-30,9.999999999982502e-31,1.0000000025400503e-30,9.999999992632056e-31,1e-30,9.999837405438993e-31,1.0132590050569318e-30,9.783374190827033e-29,2.8400911592130885e-24,3.585512754405541e-30,9.999999997794455e-31,9.999999996379583e-31,1.0000970793250366e-30,1.2228987302943595e-30,1.0000000000017503e-30,9.999999994682988e-31,9.999999993782835e-31,1.0000002562666051e-30,1.0000000572406903e-30,9.999999848161684e-31,1.0001129095861853e-30,9.945718524965724e-31,1.0052182145990216e-30,9.999996705411257e-31,9.1191998530457e-31,6.256710435976577e-17,1.4209747924633141e-30,0.00014999999999376187,1.0163029821504836e-16,1.4999999997825512e-07,2.784999998708256e-08,1.318381773961073e-19,1.155288227469651e-13,6.629987288385152e-14,2.636788701650126e-15,0.4999999999998684,1.0066857159213928e-13,1.1180404856504144e-30,6.525885555923142e-24,1.0000060839309209e-30,1.0002629892944708e-30,1.0000333158314604e-30,1.0000002908480227e-30,1.0000010142800943e-30,1.0000074093751829e-30,9.999999999965021e-31,0.00010749999997342479,5.758002207810132e-16,8.749999991502263e-06,1.3107755791554232e-15,9.999999996376413e-31,1.0000051233990906e-30,9.999999998189136e-31,9.961301677066159e-15,3.035881226539712e-17,2.3988969105497578e-20,1.0000162852393946e-30,1.0000691926760303e-30,9.699706658278589e-31,1.2949999993742818e-07,3.901669675877589e-21,8.421903395000936e-22,1.0000566570119268e-30,6.825214198335913e-18,3.563056461817294e-21,9.999999999398448e-31,1.2425394447231083e-21,2.8398382933937393e-21,1.1292425250623622e-30,9.999240293901174e-31,8.708334455475207e-31,8.014881188698874e-29,9.99999998550567e-31,1.0033728296447788e-30,1.0016140149626243e-30,9.999999999966223e-31,3.661261024373831e-18,1.3323678280189279e-20,3.593395430411076e-15,8.126712681226496e-20,9.999999996393908e-31,2.1696218792112695e-26,1.98123636757807e-21,9.999999999734248e-31,1.0000000000265752e-30,3.7685221645883933e-16,9.273122816196396e-29,1.9999999999811167e-05,8.315456288155466e-31,4.055342549235931e-19,1.1809424957844326e-29,2.0005175756991803e-17,2.4251062684211586e-29,6.228026571643269e-17,1.0491039720192131e-27,9.999999992994409e-31,3.1249999990108643e-07,1.6626858906634326e-17,1.288599265814413e-21,4.1803152583763303e-26,1.0005877484070126e-30,9.999999997584267e-31,1.00901738570091e-30,1.024179901683384e-30,9.415476335853915e-15,5.7811155754178746e-27,1.567822774777572e-29,1.0135010706334179e-30,9.99999999954101e-31,9.426557582092134e-31,1.0069912239468087e-30,1.1336381994077743e-23,1.0005085860413165e-30,9.999264961071918e-31,2.5968999661679758e-14,4.681304389360843e-28,5.6389931424421855e-15,7.146675117474006e-20,1.0588559887069028e-30,1.9111611802168563e-22,1.0000169992806845e-30,1.0000165390281603e-30,1.0000000002450725e-30,9.999999999976667e-31,1.0000000000017487e-30,9.999999999965e-31,9.999999996376413e-31,9.999999999965e-31,1.0000000005058828e-30,9.999825608360726e-31,1.0000000000034066e-30,1.0000000002707784e-30,1.0000679106020153e-30,1.0000000032147783e-30,1.0000453721761016e-30,9.118551570576448e-31,1.0880315595388588e-30,1.0000002337805334e-30,9.70904836540245e-31,1.0291023523297018e-30,1.0000009519240786e-30,9.999999999976559e-31,9.999755232193619e-31,1.5299999990140216e-06,1.6632362047169114e-16,1.8599999987373964e-06,4.941688420247627e-17
26666.667842968214,0.0008455944902006664,10000.0,250.0,1.0,1.0,21.2875,8.908618914360884e-15,4.0927071116388015e-25,1.0000001159680718e-30,8.635698520891912e-31,9.999624502379751e-31,9.902513648717659e-31,1.0000514435779677e-30,1.146164791823911e-30,1.0000000002661893e-30,9.999999987773187e-31,9.99999998685808e-31,1.000000000936907e-30,9.999878813520163e-31,9.999999952415312e-31,1.0000033390164344e-30,9.999999606501337e-31,1e-30,9.999999999963406e-31,1.0000000036742558e-30,9.999999989345337e-31,1e-30,9.999764875411042e-31,1.0582299396484397e-30,2.8904831374611015e-28,5.939081624141521e-24,1.2117343383162427e-29,9.999999996810595e-31,9.999999994766613e-31,1.0001402147579403e-30,1.6910467085747103e-30,1.0000000000036603e-30,9.999999992311118e-31,9.99999999105049e-31,1.000000404685004e-30,1.000000082775056e-30,9.999999837800376e-31,1.0001634598997838e-30,9.921599548768283e-31,1.00753645876751e-30,9.999995235797293e-31,8.75173313754417e-31,9.047728204848375e-17,2.3521875066213325e-30,0.00014999999999097644,1.4314431726321495e-16,1.4999999996855294e-07,2.784999998132015e-08,1.8893083525109957e-19,1.6706440154795087e-13,1.0176236889444933e-13,3.812877843763081e-15,0.4999999999998037,1.3970546216294445e-13,1.1694805840700528e-30,1.3646664431176433e-23,1.0000087983278772e-30,1.0012620390472544e-30,1.0001133076701895e-30,1.0000004243617323e-30,1.000006268838672e-30,1.0000191761320883e-30,9.999999999926876e-31,0.00010749999996156438,8.191355624678e-16,8.749999987711283e-06,1.8956376275888902e-15,9.999999994759985e-31,1.0000309348237139e-30,9.999999997381333e-31,2.0265908211976843e-14,6.305495275735521e-17,6.940377860437464e-20,1.0000235497414437e-30,1.0001025089648334e-30,9.552440696309672e-31,1.2949999990951244e-07,7.85739137241316e-21,2.4778937544917833e-21,1.0000820686509715e-30,1.4081239277426316e-17,7.42212999787105e-21,9.999999999130043e-31,2.598347771265485e-21,5.9788901354831164e-21,1.181379112925331e-30,9.998901419653684e-31,8.187307451093016e-31,3.3856363907758094e-28,9.999999979039958e-31,1.010199412881737e-30,1.0049107738709451e-30,9.999999999932104e-31,7.592688777377164e-18,2.928883217020334e-20,5.196360577030748e-15,1.6547032425232714e-19,9.99999999479655e-31,6.429334405597672e-26,5.8685178699591684e-21,9.999999999615691e-31,1.000000000038431e-30,5.449600239558587e-16,1.9102504378825412e-28,1.9999999999726674e-05,7.658586223696106e-31,8.458286152585315e-19,2.3604227991872232e-29,2.8929167945630864e-17,5.448032446120624e-29,9.006250725510934e-17,2.188050647452734e-27,9.999999989869328e-31,3.1249999985695e-07,2.4054897567012095e-17,3.510113206364662e-21,8.741599923156773e-26,1.0017511514977551e-30,9.999999996506639e-31,1.0272685277795008e-30,1.0731255475075138e-30,1.3615571367289651e-14,1.1872325108308751e-26,3.217280811862832e-29,1.0403340235328462e-30,9.999999999336262e-31,9.181475078515416e-31,1.0211414114277598e-30,2.3706185365065914e-23,1.0015421070318996e-30,9.998937893325722e-31,3.7553369664936203e-14,1.3688350184051655e-27,8.154458727020806e-15,1.4544462789457886e-19,1.1815667871719829e-30,3.9967722103290433e-22,1.0000245823022228e-30,1.0000237136338942e-30,1.000000000356653e-30,9.999999999951206e-31,1.0000000000036575e-30,9.99999999992681e-31,9.999999994759985e-31,9.99999999992681e-31,1.0000000007338088e-30,9.999747815977207e-31,1.0000000000070304e-30,1.0000000003878079e-30,1.0000962411888771e-30,1.0000000046465651e-30,1.0000668097970301e-30,8.750833457043651e-31,1.1247536024043925e-30,1.000000339535574e-30,9.582004656625175e-31,1.0418101315813654e-30,1.0000013765607893e-30,9.999999999950966e-31,9.999646047060207e-31,1.5299999985741883e-06,2.4051882015064376e-16,1.8599999981741629e-06,7.145534130020918e-17
38562.24618702058,0.0012228008050171417,10000.0,250.0,1.0,1.0,21.2875,1.2882609619109695e-14,8.557333830667313e-25,1.0000001910923805e-30,8.088738272295667e-31,9.999460358817916e-31,9.804636198193817e-31,1.0000746643981248e-30,1.2106417133548936e-30,1.0000000003849312e-30,9.99999998231893e-31,9.999999980995661e-31,1.0000000061086008e-30,9.999852950039848e-31,1.0000000049713509e-30,1.0000067081858438e-30,9.999999430920605e-31,1e-30,9.999999999923465e-31,1.0000000053156443e-30,9.99999998459246e-31,1e-30,9.99965999179324e-31,1.2561619472200818e-30,8.515027202604646e-28,1.2419563375321472e-23,4.7949965934959494e-29,9.999999995387851e-31,9.999999992436352e-31,1.0002024073310649e-30,4.25861979822938e-30,1.0000000000076543e-30,9.999999988881125e-31,9.99999998714397e-31,1.0000008141720336e-30,1.000000119700114e-30,1.000000015089847e-30,1.0002367589497531e-30,9.886824888469918e-31,1.0108785216242967e-30,9.99999311067058e-31,8.246376251350107e-31,1.308377296337929e-16,5.0343470280162415e-30,0.00014999999998694568,1.9932042707133035e-16,1.4999999995452039e-07,2.7849999972986956e-08,2.6967023260608574e-19,2.4158918615223326e-13,1.586603644932998e-13,5.51344838429881e-15,0.4999999999997047,1.9055800987053067e-13,1.2424303546619405e-30,2.85373451439208e-23,1.0000127254977892e-30,1.0055964817463225e-30,1.0005629372354259e-30,1.0000006376262066e-30,1.0000383698529052e-30,1.0000797734359754e-30,9.999999999847156e-31,0.00010749999994440725,1.1568152881927798e-15,8.749999982228899e-06,2.741536400983367e-15,9.999999992422486e-31,1.0001869808485109e-30,9.999999996213177e-31,4.075598198421926e-14,1.3055869364911757e-16,2.0043154801591422e-19,1.0000340547296396e-30,1.0001532985535032e-30,9.327794105824877e-31,1.294999998691395e-07,1.55694862992792e-20,7.23635220194573e-21,1.0001191931138402e-30,2.888808390297738e-17,1.5438071330092933e-20,9.999999998741778e-31,5.4335585317804736e-21,1.261472901902746e-20,1.2513090595434086e-30,9.998411399280977e-31,7.4884980052849375e-31,1.4333300293376394e-27,9.999999969689987e-31,1.0308429523457176e-30,1.0147713070369338e-30,9.999999999869959e-31,1.5686788967074264e-17,6.534765441280822e-20,7.51439219570615e-15,3.3317063006394677e-19,9.999999992498915e-31,1.8890413551047414e-25,1.7231060858568113e-20,9.999999999444223e-31,1.0000000000555777e-30,7.880580629042843e-16,3.929618008158256e-28,1.9999999999604207e-05,6.799379646356033e-31,1.762410798334843e-18,4.826903573941778e-29,4.183401176798725e-17,1.2613289762018649e-28,1.302379679977672e-16,4.560615808388856e-27,9.9999999853502e-31,3.124999997931114e-07,3.480702130728334e-17,9.683983172712487e-21,1.827998021412121e-25,1.0052008687763814e-30,9.99999999494828e-31,1.0824599367793166e-30,1.2211547480163804e-30,1.968926240827057e-14,2.419445768582374e-26,6.76937618085319e-29,1.119834885968733e-30,9.999999999040167e-31,8.838290971576475e-31,1.0639314787236192e-30,4.957342490503669e-23,1.0046693551280353e-30,9.998469306854188e-31,5.430535438263927e-14,3.951498682100449e-27,1.179203370595387e-14,2.926401642775592e-19,1.564132569721398e-30,8.358549315283252e-22,1.00003554789309e-30,1.0000338715225887e-30,1.0000000005204709e-30,9.999999999897962e-31,1.0000000000076494e-30,9.99999999984695e-31,9.999999992422486e-31,9.99999999984695e-31,1.000000001065874e-30,9.99963532269687e-31,1.000000000014429e-30,1.00000000055294e-30,1.0001352011810191e-30,1.000000006714569e-30,1.00009903568505e-30,8.24515039094099e-31,1.1752507227287194e-30,1.000000494036872e-30,9.401223146864538e-31,1.0598934267693372e-30,1.0000019906195148e-30,9.999999999897431e-31,9.999488158251425e-31,1.529999997938147e-06,3.4781226653849004e-16,1.8599999973596723e-06,1.0331866092780871e-16
55764.25370223015,0.0017682728850275922,10000.0,250.0,1.0,1.0,21.2875,1.8629331220738417e-14,1.789136685959824e-24,1.000000347148094e-30,7.35847568459816e-31,9.999226630904394e-31,9.615800249567374e-31,1.0001085369128971e-30,1.3025410110646583e-30,1.0000000005566401e-30,9.999999974431578e-31,9.999999972518107e-31,1.0000000296001122e-30,9.999906826451075e-31,1.0000000560670473e-30,1.0000176654356915e-30,9.999999176964575e-31,1e-30,9.999999999839946e-31,1.0000000076918067e-30,9.999999977719403e-31,1e-30,9.999508323151423e-31,2.1296843674386707e-30,2.48723511716536e-27,2.5971279742292096e-23,1.9566695035690949e-28,9.999999993330444e-31,9.999999989071253e-31,1.000291957953867e-30,1.9322305482262046e-29,1.0000000000160068e-30,9.99999998392088e-31,9.999999981588086e-31,1.000003036078655e-30,1.0000001730973097e-30,1.000000334800245e-30,1.0003431701990938e-30,9.836753255706655e-31,1.0156901999921088e-30,9.999990037689497e-31,7.566751325232241e-31,1.8920229532605532e-16,1.2457720511937445e-29,0.0001499999999811109,2.730816043062723e-16,1.4999999993422333e-07,2.7849999960935735e-08,3.827223378540584e-19,3.493582973084787e-13,2.5127024327312e-13,7.972295878859386e-15,0.49999999999955114,2.5380078775621116e-13,1.344742616607474e-30,5.967612297147673e-23,1.0000184165600267e-30,1.0240748211322778e-30,1.0032181395045966e-30,1.0000010747608313e-30,1.0002317036235595e-30,1.000433545739957e-30,9.999999999680587e-31,0.00010749999991958417,1.6165587044885415e-15,8.749999974300293e-06,3.96503279002455e-15,9.999999989042253e-31,1.0011254463771157e-30,9.999999994523926e-31,8.066146289758282e-14,2.691058880719158e-16,5.746678980193884e-19,1.0000492456318487e-30,1.000232069271263e-30,8.983511778290885e-31,1.294999998107467e-07,3.0157039470136833e-20,2.0889321052824648e-20,1.0001744179897113e-30,5.88077753242989e-17,3.205044896732587e-20,9.999999998179977e-31,1.1362434425326998e-20,2.6677346247859584e-20,1.3420201481567732e-30,9.997702831050543e-31,6.5820956873817295e-31,6.0254952691662646e-27,9.999999956169117e-31,1.0932688725099214e-30,1.0440184602940597e-30,9.999999999780037e-31,3.223498855855879e-17,1.4817957156777872e-19,1.0866480051447943e-14,6.605574866953777e-19,9.999999989202022e-31,5.484785661426995e-25,4.998018875151528e-20,9.999999999196206e-31,1.0000000000803794e-30,1.1395982882955575e-15,8.046126504044954e-28,1.9999999999426533e-05,5.724490823829945e-31,3.6675955955534245e-18,9.984706351974098e-29,6.049550211506931e-17,2.975140529150581e-28,1.883350680089961e-16,9.4951635532826e-27,9.999999978815158e-31,3.124999997007677e-07,5.0374918629468976e-17,2.684307413903401e-20,3.8226274862977146e-25,1.0153495190207951e-30,9.999999992694722e-31,1.2493587702511985e-30,1.668866015411061e-30,2.847233109738774e-14,4.8772914577777475e-26,1.4510963151146905e-28,1.3532402366452877e-30,9.999999998611978e-31,8.364578104586484e-31,1.1933283458517523e-30,1.0366597179257962e-22,1.0141289918900318e-30,9.997823636436453e-31,7.853015524110106e-14,1.1192729774932793e-26,1.7052273339476302e-14,5.795890963481996e-19,2.7682354618654993e-30,1.7480927269563863e-21,1.0000514048585532e-30,1.000048115443085e-30,1.0000000007625165e-30,9.999999999786622e-31,1.0000000000159973e-30,9.999999999679953e-31,9.999999989042251e-31,9.999999999679953e-31,1.0000000015512196e-30,9.999472650148984e-31,1.0000000000293916e-30,1.0000000007831602e-30,1.000187593252868e-30,1.0000000096998926e-30,1.000148045041323e-30,7.565124778567697e-31,1.2431518819494237e-30,1.0000007206786715e-30,9.145813251272263e-31,1.085442296878356e-30,1.0000028785965501e-30,9.999999999785424e-31,9.999259842102851e-31,1.5299999970183601e-06,5.029695885833168e-16,1.859999996181832e-06,1.4938285793014354e-16
80639.8044316553,0.0025570714241392473,10000.0,250.0,1.0,1.0,21.2875,2.6939567151996418e-14,3.74040372008115e-24,1.0000007164684398e-30,6.41747271682936e-31,9.998896167820472e-31,9.264335455086044e-31,1.000158119724003e-30,1.4317711873245264e-30,1.0000000008049427e-30,9.999999963025812e-31,9.999999960258824e-31,1.000000133569946e-30,1.000036513150738e-30,1.0000002741651107e-30,1.0000588704525483e-30,9.999998809615057e-31,9.999999999999997e-31,9.999999999665295e-31,1.0000000111333253e-30,9.999999967780383e-31,1e-30,9.99928900149734e-31,5.9944865607767366e-30,7.171907467396404e-27,5.431006669306461e-23,7.895934351161774e-28,9.999999990355266e-31,9.999999984214789e-31,1.0004206556824671e-30,1.0773718633522747e-28,1.0000000000334729e-30,9.999999976747441e-31,9.999999973748487e-31,1.0000201156561575e-30,1.0000002503151656e-30,1.0000031321876208e-30,1.0004979123363197e-30,9.764793621347371e-31,1.0226063826274822e-30,9.999985594196837e-31,6.68179102132114e-31,2.7360228933199193e-16,3.20791769005442e-29,0.00014999999997266142,3.657626739147005e-16,1.4999999990486228e-07,2.7849999943506603e-08,5.387663586860882e-19,5.052015027740165e-13,4.0314943005261873e-13,1.1527325906576228e-14,0.49999999999931144,3.273686134876659e-13,1.485659520615858e-30,1.2479224305955016e-22,1.0000267301042323e-30,1.1016875257735192e-30,1.0188275796910699e-30,1.0000025298096802e-30,1.0013736053348481e-30,1.002549415547048e-30,9.999999999332767e-31,0.00010749999988366254,2.2250844536434107e-15,8.749999962833584e-06,5.73475532894623e-15,9.999999984154128e-31,1.0067077475839815e-30,9.999999992081114e-31,1.5621549556259838e-13,5.510277801322625e-16,1.6261773220640713e-18,1.0000712125474559e-30,1.0003566769475554e-30,8.458061408847882e-31,1.2949999972628187e-07,5.659893361485666e-20,5.930445722895445e-20,1.0002610289096086e-30,1.1847936793545274e-16,6.638596669094583e-20,9.999999997366618e-31,2.376065366486407e-20,5.653025966358967e-20,1.4541477257786944e-30,9.99667827056085e-31,5.461844471652204e-31,2.5008395724598087e-26,9.999999936616809e-31,1.2820444337578173e-30,1.1298384841673819e-30,9.999999999765868e-31,6.573167776711564e-17,3.413051639258082e-19,1.5713921038878187e-14,1.2826590771866036e-18,9.99999998448851e-31,1.5669053640865202e-24,1.4257509841624408e-19,9.99999999883739e-31,1.000000000116261e-30,1.6479550426056298e-15,1.6345878036894248e-27,1.9999999999168405e-05,4.46342244092259e-31,7.620625665463994e-18,2.0770489002232337e-28,8.748158786616132e-17,7.06492173769831e-28,2.7234836929166175e-16,1.9735606293766684e-26,9.999999969364943e-31,3.124999995671747e-07,7.292118942496098e-17,7.412382510165092e-20,7.993721985736274e-25,1.0448605125219834e-30,9.999999989435766e-31,1.7540615046550045e-30,3.02302106763573e-30,4.1173388162389667e-14,9.684803107390096e-26,3.165200096484104e-28,2.0295687109591153e-30,9.999999997992755e-31,7.724094083473653e-31,1.584623591216896e-30,2.167821827768748e-22,1.0427395781806958e-30,9.997130908575478e-31,1.1356129633010656e-13,3.0874706751920893e-26,2.4659022693097213e-14,1.1236773470931023e-18,6.598608146666355e-30,3.656053617722874e-21,1.000074334942993e-30,1.0000678086747507e-30,1.000000001123308e-30,9.999999999553792e-31,1.0000000000334542e-30,9.999999999330735e-31,9.999999984154125e-31,9.999999999330735e-31,1.0000000022638377e-30,9.999237416561427e-31,1.0000000000592745e-30,1.0000000010981532e-30,1.0002558090310762e-30,1.0000000140060879e-30,1.0002235204510881e-30,6.679714087089707e-31,1.331549259055303e-30,1.0000010549649678e-30,8.788691582558053e-31,1.1211667569111669e-30,1.0000041626785925e-30,9.99999999955106e-31,9.998929686848736e-31,1.5299999956882236e-06,7.273442406710761e-16,1.859999994478526e-06,2.1596871374667182e-16
116611.94451734517,0.0036977405034673127,10000.0,250.0,1.0,1.0,21.2875,3.89568527183232e-14,7.819079645649671e-24,1.0000016859477832e-30,5.265409797115431e-31,9.998433766170986e-31,8.643196597908864e-31,1.0002310260888026e-30,1.6090646804910502e-30,1.000000001164002e-30,9.999999946532295e-31,9.999999942530833e-31,1.0000005899740003e-30,1.0002584581973547e-30,1.0000011221661712e-30,1.000222238381879e-30,9.999998278171472e-31,9.999999999999989e-31,9.99999999930008e-31,1.000000016121319e-30,9.999999953407727e-31,1e-30,9.998971852222478e-31,2.3121350770244745e-29,2.0320991741649013e-26,1.1357095049803224e-22,3.0980203972102306e-27,9.999999986052916e-31,9.999999977212297e-31,1.0006051095387786e-30,6.150290647383626e-28,1.0000000000699967e-30,9.999999966372661e-31,9.999999962817967e-31,1.0001608840971552e-30,1.0000003619817504e-30,1.0000267232718829e-30,1.0007234741336347e-30,9.66166394379957e-31,1.0325394779126184e-30,9.999979169213323e-31,5.581878510493753e-31,3.956516168042109e-16,8.098250869396652e-29,0.00014999999996041834,4.749493997750869e-16,1.499999998623835e-07,2.784999991829721e-08,7.49744733614253e-19,7.305638949193193e-13,6.515650500271108e-13,1.6666796941040907e-14,0.49999999999893563,4.0510235319572703e-13,1.6740609462720807e-30,2.609603447658675e-22,1.0000393731756135e-30,1.4222137619370856e-30,1.1084237352373731e-30,1.00000990512342e-30,1.0079462256125298e-30,1.015106982242169e-30,9.999999998607699e-31,0.00010749999983166536,2.9976029612356598e-15,8.749999946249143e-06,8.294633109501205e-15,9.999999977085438e-31,1.0393452585430054e-30,9.999999988548574e-31,2.940446870842842e-13,1.1176159898254016e-15,4.511946277407843e-18,1.000102977704048e-30,1.0005578551292842e-30,7.671954306279269e-31,1.2949999960408212e-07,1.0177611520021836e-19,1.6457078992482872e-19,1.0004178779138958e-30,2.3551856268988256e-16,1.37153759215936e-19,9.999999996187886e-31,4.968729017386071e-20,1.19882407394251e-19,1.583447173047559e-30,9.995196855554169e-31,4.17033141397023e-31,1.0190101002578421e-25,9.999999908343065e-31,1.8529005022475325e-30,1.3778842491312937e-30,1.0000000000490347e-30,1.3260120695547932e-16,7.959586319674068e-19,2.272381198155682e-14,2.423878179784302e-18,9.999999977790732e-31,4.381112303027355e-24,3.977800610784233e-19,9.999999998318089e-31,1.0000000001681911e-30,2.3830816965675212e-15,3.282355165814115e-27,1.999999999879265e-05,3.1145317932575775e-31,1.5807533178440127e-17,4.332526426149514e-28,1.265057392435497e-16,1.665290979705525e-27,3.938386840179476e-16,4.092108364088658e-26,9.999999955699127e-31,3.1249999937387417e-07,1.0557920658889487e-16,2.0210997162458142e-19,1.6716164602405443e-24,1.1292651222870556e-30,9.99999998472274e-31,3.280287257469277e-30,7.119008117993815e-30,5.954018671836914e-14,1.8840389590589896e-25,7.038143934273641e-28,3.9530900885488635e-30,9.999999997097251e-31,6.8836396149032915e-31,2.7678977748495198e-30,4.533264127898573e-22,1.1292671255022646e-30,9.99796447912157e-31,1.6421934818692648e-13,8.216459980733133e-26,3.5659022717925746e-14,2.1184873101292986e-18,1.891308550835943e-29,7.646747682017982e-21,1.0001074928917692e-30,1.0000944719265685e-30,1.00000000166757e-30,9.999999999066911e-31,1.0000000000699596e-30,9.99999999860046e-31,9.999999977085424e-31,9.99999999860046e-31,1.0000000033168478e-30,9.998897258631753e-31,1.0000000001180325e-30,1.0000000015161919e-30,1.0003405841413692e-30,1.0000000202105705e-30,1.0003411233970094e-30,5.579369666041139e-31,1.4413813218646292e-30,1.0000015514990614e-30,8.296782562003365e-31,1.170377235700887e-30,1.0000060195535621e-30,9.999999999060593e-31,9.99845227362104e-31,1.5299999937646093e-06,1.0518174304841915e-15,1.8599999920152768e-06,3.122013505066306e-16
168630.68679241865,0.005347244000266954,10000.0,250.0,1.0,1.0,21.2875,5.6334827652936707e-14,1.6343627411208055e-23,1.0000044083345442e-30,3.955191142471835e-31,9.997796744702791e-31,7.624353390885628e-31,1.0003387936804838e-30,1.8419270834037925e-30,1.0000000016832163e-30,9.999999922682029e-31,9.999999916894584e-31,1.0000025882259945e-30,1.0012017303492763e-30,1.0000041849043687e-30,1.0008733744165661e-30,9.999997509188229e-31,9.999999999999968e-31,9.99999999853637e-31,1.0000000233579443e-30,9.999999932623661e-31,1e-30,9.998513245026634e-31,9.897570388279354e-29,5.629723340974155e-26,2.3749479252955247e-22,1.1673492321448337e-26,9.999999979831382e-31,9.999999967128708e-31,1.0008684651939945e-30,3.422883356822906e-27,1.0000000001463729e-30,9.999999951366324e-31,9.999999947860207e-31,1.001305670235552e-30,1.000000523478862e-30,1.0002193374275196e-30,1.001053387082332e-30,9.51445308751551e-31,1.046912394802509e-30,9.999969879722028e-31,4.303512928278872e-31,5.721448672254026e-16,1.9390606196943872e-28,0.00014999999994266458,5.919872605670592e-16,1.4999999980091445e-07,2.7849999881828506e-08,1.0266291219168185e-18,1.056456882301235e-12,1.0518978225473206e-12,2.4095974628612706e-14,0.49999999999835126,4.766492548726182e-13,1.913993692767553e-30,5.457092925585404e-22,1.0000623569929745e-30,2.718543058212557e-30,1.6043848060778214e-30,1.0000543449629134e-30,1.0445517436845732e-30,1.088181605749414e-30,9.99999999710497e-31,0.00010749999975636855,3.9195800628616155e-15,8.749999922261286e-06,1.1997441916413262e-14,9.999999966863408e-31,1.2256097560568756e-30,9.999999983440179e-31,5.340577111132216e-13,2.236627626979116e-15,1.2188434894241003e-17,1.000148911011876e-30,1.0008883497030686e-30,6.547696767292877e-31,1.2949999942723885e-07,1.7301686958216783e-19,4.433421828847956e-19,1.000800519983725e-30,4.605716046359689e-16,2.826612102038718e-19,9.999999994476804e-31,1.0390397059066974e-19,2.5374954414090585e-19,1.718379046332062e-30,9.993054993027804e-31,2.82315454365156e-31,4.0509592259757933e-25,9.999999867462193e-31,3.5791656998350764e-30,2.079588354916359e-30,1.000000000526806e-30,2.636630602884621e-16,1.8679034518968167e-18,3.286087848482668e-14,4.428577569811543e-18,9.999999968417797e-31,1.1917819215444323e-23,1.0785885517772087e-18,9.999999997566063e-31,1.0000000002433939e-30,3.4461367119663177e-15,6.484515911439199e-27,1.9999999998244194e-05,1.8510149682951348e-31,3.2736433763869504e-17,9.04908475581827e-28,1.829379467522031e-16,3.833475444451709e-27,5.695239250632273e-16,8.455256799007157e-26,9.999999935937203e-31,3.1249999909411534e-07,1.528830360327172e-16,5.393428626124353e-19,3.495624028512811e-24,1.3651870383014967e-30,9.99999997790655e-31,7.895619732248186e-30,1.9508811367643363e-29,8.610012545227646e-14,3.567079266895098e-25,1.6010224802157145e-27,9.2825345422948e-30,9.99999999580215e-31,5.827353420357381e-31,6.34611079352828e-30,9.479786405820845e-22,1.390950308316675e-30,1.0013041193910993e-30,2.374752802777026e-13,2.0862801373787225e-25,5.1565949064872423e-14,3.857018041766867e-18,5.884984386227175e-29,1.5993984202198952e-20,1.000155440228679e-30,1.000129455255441e-30,1.0000000025017263e-30,9.999999998048761e-31,1.000000000146298e-30,9.999999997073343e-31,9.999999966863377e-31,9.999999997073343e-31,1.0000000048866214e-30,9.998405381787378e-31,1.000000000231558e-30,1.0000000020423943e-30,1.0004390967967224e-30,1.00000002913547e-30,1.000525867854223e-30,4.300716094915658e-31,1.5689634200670804e-30,1.000002295388652e-30,7.633726800353034e-31,1.236714665611795e-30,1.0000087047179655e-30,9.99999999803407e-31,9.997761933764589e-31,1.52999999098258e-06,1.5210508014195138e-15,1.8599999884529008e-06,4.512445965424877e-16
243854.16644735882,0.007732564892420054,10000.0,250.0,1.0,1.0,21.2875,8.146477627744145e-14,3.415813393518053e-23,1.0000123509250146e-30,2.614991356285498e-31,9.996940872531054e-31,6.1230890059495695e-31,1.0004989127351759e-30,2.1260006935010485e-30,1.0000000024340123e-30,9.999999888194802e-31,9.99999987982222e-31,1.0000113297553923e-30,1.0049829455224487e-30,1.0000144151053072e-30,1.003426483534243e-30,9.99999639618858e-31,9.999999999999917e-31,9.999999996939337e-31,1.0000000338720237e-30,9.999999902568172e-31,9.999999999999994e-31,9.997850096700208e-31,4.334687336957136e-28,1.5172925318321047e-25,4.966389592365194e-22,4.1721639213969197e-26,9.999999970834555e-31,9.999999952636269e-31,1.0012426013716655e-30,1.8234275083831756e-26,1.0000000003060868e-30,9.999999929657233e-31,9.999999928023496e-31,1.0102663073668276e-30,1.0000007571852298e-30,1.0017280471322282e-30,1.0015384635354364e-30,9.305531795859997e-31,1.0688636602653041e-30,9.999956449972103e-31,2.954455060773537e-31,8.27368231466392e-16,4.307783086502785e-28,0.00014999999991689098,7.01229555170527e-16,1.4999999971194053e-07,2.7849999829058012e-08,1.3747885996497445e-18,1.5277255718477642e-12,1.6806231062304768e-12,3.483306671012726e-14,0.49999999999745726,5.307001791570442e-13,2.1964907499411915e-30,1.141163948229533e-21,1.0001307214774626e-30,7.828542475597323e-30,4.2206310300122866e-30,1.000334394245861e-30,1.2405216193804679e-30,1.5021671717837504e-30,9.999999994054658e-31,0.0001074999996472699,4.924526482242633e-15,8.749999887561822e-06,1.7353228722541403e-14,9.999999952081265e-31,2.256148135477443e-30,9.9999999760529e-31,9.302184336093154e-13,4.3958969522569934e-15,3.184154485912755e-17,1.0002153307143869e-30,1.001436303130418e-30,5.066317958538257e-31,1.2949999917120596e-07,2.74248885100947e-19,1.1516649571195734e-18,1.0021489117980247e-30,8.843886163057926e-16,5.814659133342006e-19,9.999999991986462e-31,2.172795420897268e-19,5.337253237975383e-19,1.8404150668492087e-30,9.989958491272086e-31,1.6058908402358176e-31,1.5609578247713781e-24,9.999999808389977e-31,8.799381423593572e-30,4.006800431560443e-30,1.0000000029325592e-30,5.14905377095246e-16,4.374446194747146e-18,4.752029418714535e-14,7.783315020771011e-18,9.999999956279527e-31,3.1362109991904196e-23,2.8247343391256714e-18,9.999999996475993e-31,1.0000000003524009e-30,4.9834037385663484e-15,1.252968692872239e-26,1.999999999744059e-05,8.722393483859277e-32,6.771344244647606e-17,1.89121458140159e-27,2.6454366866264863e-16,8.475978573120005e-27,8.235796127556942e-16,1.7380501953723053e-25,9.999999907359806e-31,3.124999986890956e-07,2.2138288484367724e-16,1.397159905679754e-18,7.309932066066969e-24,2.0046194517774674e-30,9.999999968047937e-31,2.1852513829153238e-29,5.698681818281046e-29,1.2450803679852294e-13,6.525875636965084e-25,3.741370371825279e-27,2.3533571796019105e-29,9.999999993929043e-31,4.579856223796719e-31,1.7166600538833208e-29,1.982376645385759e-21,2.182361041372517e-30,1.0137189062258691e-30,3.4340971578123645e-13,4.995941619094858e-25,7.456870441391271e-14,6.74289618305537e-18,1.8898676382690702e-28,3.3454069700284266e-20,1.0002247722474283e-30,1.000173190753547e-30,1.0000000038064972e-30,9.999999995919644e-31,1.0000000003059337e-30,9.999999993879893e-31,9.9999999520812e-31,9.999999993879893e-31,1.0000000072549519e-30,9.997694128610442e-31,1.000000000447399e-30,1.000000002639619e-30,1.0005430318526345e-30,1.000000041942775e-30,1.000816497948243e-30,2.951678855176974e-31,1.703472576288343e-30,1.0000034207211375e-30,6.767484544139537e-31,1.3233917498501627e-30,1.000012587622172e-30,9.99999999588551e-31,9.996763727565563e-31,1.5299999869587523e-06,2.1996388747738665e-15,1.8599999833006688e-06,6.520679522704483e-16
352633.64945513353,0.011181939670698044,10000.0,250.0,1.0,1.0,21.2875,1.1780465952482455e-13,7.138323319890958e-23,1.0000359888620736e-30,1.4375170434476947e-31,9.995846230550446e-31,4.2263344494509235e-31,1.0007375601970225e-30,2.4333025727204623e-30,1.000000003519658e-30,9.999999838329179e-31,9.99999982621211e-31,1.0000495602104977e-30,1.0195276923173503e-30,1.000045705523258e-30,1.0131700766948843e-30,9.999994784637194e-31,9.99999999999982e-31,9.999999993599724e-31,1.0000000491794998e-30,9.99999985910544e-31,9.999999999999983e-31,9.996891204264208e-31,1.8941815479434104e-27,3.9603563836971757e-25,1.038549687490757e-21,1.3968772364201617e-25,9.999999957824468e-31,9.999999931868658e-31,1.0017715842081402e-30,9.177655875028555e-26,1.0000000006400693e-30,9.999999898244012e-31,9.999999903438619e-31,1.0768299603074114e-30,1.0000010969095066e-30,1.0129368500792298e-30,1.002259717675542e-30,9.011501103769343e-31,1.1112662973975763e-30,9.999937037665464e-31,1.7150062506373624e-31,1.1964411666292636e-15,8.7516500274651e-28,0.00014999999987941592,7.845529797325344e-16,1.4999999958310266e-07,2.784999975266956e-08,1.786566727365257e-18,2.2092197626444024e-12,2.6377447075658017e-12,5.03470079806973e-14,0.49999999999611694,5.615207724031073e-13,2.4902844247792104e-30,2.3863521747493257e-21,1.0004820269090725e-30,2.736990033305571e-29,1.7210986549301604e-29,1.0021074015512311e-30,2.2449431204384503e-30,3.773131534188292e-30,9.999999988323319e-31,0.00010749999948906806,5.8853846481364164e-15,8.749999837360815e-06,2.509928711292255e-14,9.999999930704573e-31,7.75202649139625e-30,9.999999965370053e-31,1.5497654633693042e-12,8.446523941808138e-15,8.004681407892316e-17,1.00031137140198e-30,1.0023407270380059e-30,3.3588051935250087e-31,1.29499998800287e-07,4.012996270035958e-19,2.8706638785196618e-18,1.0082186977084028e-30,1.6687664195375898e-15,1.195360696700031e-18,9.999999988348255e-31,4.543654813102059e-19,1.109118901980974e-18,1.930428865673877e-30,9.985482386021156e-31,7.102289572400698e-32,5.796854510095731e-24,9.99999972332114e-31,2.4585284127764024e-29,9.102146399329023e-30,1.0000000139940835e-30,9.85833363338331e-16,1.0136322619289067e-17,6.8719804996277e-14,1.3144315673188213e-17,9.999999950251872e-31,7.953239534701305e-23,7.11219778300504e-18,9.999999994893752e-31,1.0000000005106248e-30,7.206421245724165e-15,2.3516823649455922e-26,1.999999999625679e-05,2.9387925551624376e-32,1.4000087507675057e-16,3.9537335563540284e-27,3.825524112836228e-16,1.7751340122940736e-26,1.1909656075047216e-15,3.5447730361366483e-25,9.999999866034482e-31,3.124999981024556e-07,3.2053177979773e-16,3.4922755379273144e-18,1.5286310952429728e-23,3.6712428756477434e-30,9.999999953787364e-31,6.405877191638137e-29,1.703525436067304e-28,1.800491185986422e-13,1.1462945424339533e-24,9.01608484904086e-27,5.993873418050268e-29,9.999999991219741e-31,3.232683821213699e-31,4.9887667131067453e-29,4.145470852845455e-21,4.5758998767387744e-30,1.1041767920187847e-30,4.966000679444744e-13,1.1174864091619073e-24,1.0783262688046081e-13,1.1296811819658991e-17,6.127959169653714e-28,6.997577919857173e-20,1.0003250240929641e-30,1.0002237888903855e-30,1.0000000058993055e-30,9.999999991467325e-31,1.0000000006397576e-30,9.999999987201891e-31,9.999999930704448e-31,9.999999987201891e-31,1.0000000108852717e-30,9.996665684768643e-31,1.0000000008545366e-30,1.0000000031610082e-30,1.0006384890002422e-30,1.0000000602566112e-30,1.0012701565263964e-30,1.712676321508237e-31,1.826823710171752e-30,1.0000051396411296e-30,5.685695054586154e-31,1.4316596749138162e-30,1.0000182024825821e-30,9.999999991388685e-31,9.995320411645073e-31,1.5299999811381593e-06,3.181011645799136e-15,1.859999975848425e-06,9.419642478184563e-16
509937.93766033405,0.016170025927839105,10000.0,250.0,1.0,1.0,21.2875,1.7035490160726431e-13,1.491641275448923e-22,1.000107020004306e-30,6.051154652862989e-32,9.994631349690458e-31,2.3027950587442312e-31,1.001092783286026e-30,2.7086994770639264e-30,1.0000000050894487e-30,9.9999997662327e-31,9.999999748686603e-31,1.0002167445370729e-30,1.0733932689587065e-30,1.000132867875458e-30,1.0491506730965875e-30,9.999992449889827e-31,9.999999999999612e-31,9.999999986616152e-31,1.000000071531812e-30,9.99999979625473e-31,9.999999999999948e-31,9.995504723713816e-31,8.173353053929393e-27,9.978163633641562e-25,2.1717682756088414e-21,4.335608537491661e-25,9.999999939010957e-31,9.99999990227759e-31,1.0025224202440193e-30,4.316457070212222e-25,1.0000000013384713e-30,9.999999852773681e-31,9.999999881719698e-31,1.540681151556318e-30,1.000001606216106e-30,1.0910476948177026e-30,1.003378028230115e-30,8.602661999687093e-31,1.2495791747575389e-30,9.999908983890902e-31,7.810586259316191e-32,1.7301484814471012e-15,1.6205604552958425e-27,0.0001499999998248024,8.319990814412218e-16,1.499999993964319e-07,2.7849999642033938e-08,2.2330134146809417e-18,3.1947177222565253e-12,4.0553409362751015e-12,7.275473823691175e-14,0.4999999999941465,5.733207023205549e-13,2.74256192936839e-30,4.990232048580382e-21,1.0027010960322112e-30,9.959204047630348e-29,7.724451112238104e-29,1.0132270127220042e-30,7.177890041739612e-30,1.5793033244724998e-29,9.999999980804592e-31,0.00010749999925939488,6.650516539848864e-15,8.749999764718968e-06,3.63014644306722e-14,9.999999899791098e-31,3.5924066939997323e-29,9.999999949921291e-31,2.477055505880354e-12,1.5828205170073992e-14,1.93362734558425e-16,1.0004502380257002e-30,1.0038019775581668e-30,1.755393320911898e-31,1.2949999826245012e-07,5.425532667899411e-19,6.859018494841713e-18,1.0383117536976054e-30,3.1094684202146742e-15,2.4592959488502486e-18,9.999999983005657e-31,9.501486000204142e-19,2.2637719214977073e-18,1.980270145184106e-30,9.97901310793835e-31,2.182854402205792e-32,2.0679270402235312e-23,9.999999602968904e-31,7.232176619058622e-29,2.199897544211939e-29,1.0000000627516592e-30,1.85491098105477e-15,2.3092861819871293e-17,9.937767485333813e-14,2.1438149501458135e-17,1.0000000058080286e-30,1.9434663309527335e-22,1.7195580382943228e-17,9.999999992592713e-31,1.0000000007407287e-30,1.0421091663614687e-14,4.256594964179255e-26,1.999999999449986e-05,6.102123198659269e-33,2.8959447255884904e-16,8.266776430633475e-27,5.532029860226645e-16,3.492997903059276e-26,1.7222368583861668e-15,7.1433715725587345e-25,9.999999806274585e-31,3.1249999725217374e-07,4.639776229572763e-16,8.403896251259764e-18,3.196635016623265e-23,7.821407616558755e-30,9.99999993315625e-31,1.9169330803082772e-28,5.13253484262758e-28,2.603662170414442e-13,1.926933700989066e-24,2.2462429697684078e-26,1.4806968004341894e-28,9.99999998730053e-31,1.9533821888391894e-31,1.4883579840769583e-28,8.668851820639922e-21,1.1815222216638937e-29,1.7205787270392468e-30,7.181264043489401e-13,2.326331540557037e-24,1.559350630720808e-13,1.8208750892649163e-17,1.985071105486449e-27,1.463682361309205e-19,1.000469979773901e-30,1.0002748719509648e-30,1.000000009356462e-30,9.999999982156803e-31,1.0000000013378372e-30,9.99999997323712e-31,9.999999899790837e-31,9.99999997323712e-31,1.0000000165647489e-30,9.995178652659685e-31,1.0000000016291334e-30,1.0000000031993689e-30,1.0007103817199841e-30,1.0000000863080466e-30,1.0019663515200107e-30,7.79524634041712e-32,1.919370785796207e-30,1.0000077854514925e-30,4.419736634173099e-31,1.5584060735644024e-30,1.0000263217376872e-30,9.99999998197834e-31,9.993233619701506e-31,1.5299999727171308e-06,4.600320290062309e-15,1.8599999650681823e-06,1.3601124647107078e-15
737413.1784277145,0.023383218494029506,10000.0,250.0,1.0,1.0,21.2875,2.463463729770023e-13,3.116798083321248e-22,1.0003213747479493e-30,1.731605865468757e-32,9.994080280198542e-31,8.757050871194089e-32,1.0016179118524295e-30,2.894294980713617e-30,1.0000000073591952e-30,9.999999662004177e-31,9.99999963657659e-31,1.0009478336327769e-30,1.2655041127260678e-30,1.0003553671070925e-30,1.1773371264046116e-30,9.999989064638862e-31,9.999999999999176e-31,9.999999972012623e-31,1.0000001043101076e-30,9.99999970536747e-31,9.999999999999875e-31,9.9935000877952e-31,3.461459667558467e-26,2.4232486978395578e-24,4.541499519659937e-21,1.2407749876152535e-24,9.999999911805392e-31,9.999999861013195e-31,1.003643084373825e-30,1.882725863480828e-24,1.0000000027989177e-30,9.999999786925664e-31,9.999999951623135e-31,4.546267456263294e-30,1.0000025156215004e-30,1.597179892428582e-30,1.0054795764763754e-30,8.044028718720057e-31,1.945630020029558e-30,9.999868453698545e-31,2.5045300234425865e-32,2.501927432439849e-15,2.7667234287025547e-27,0.00014999999974495194,8.497840818751766e-16,1.4999999912574097e-07,2.7849999481680037e-08,2.661636967455755e-18,4.61983071810154e-12,6.120572085453791e-12,1.0510237821955713e-13,0.49999999999128514,5.759007829310664e-13,2.9047361983489704e-30,1.0435338153157307e-20,1.0167062575815223e-30,3.5698463542209244e-28,3.335569474308496e-28,1.0818049336458154e-30,3.054256374869176e-29,7.711792794859739e-29,9.99999999507734e-31,0.00010749999892539814,7.132828668256907e-15,8.749999659574937e-06,5.2500906909025334e-14,9.999999855085568e-31,1.749177954513469e-28,9.999999927580122e-31,3.829577067719914e-12,2.899687587831183e-14,4.501740848016996e-16,1.0006510167829898e-30,1.0060811917895335e-30,6.415046425721391e-32,1.2949999748160946e-07,6.905186472183878e-19,1.5772684651230664e-17,1.1904372262065836e-30,5.772974401452974e-15,5.069091964744777e-18,9.999999975106356e-31,1.9869059762927345e-18,4.520274884413023e-18,1.9990699080114903e-30,9.969665399337699e-31,3.963552054739402e-33,7.090790432460043e-23,9.999999448119235e-31,2.1667661955014712e-28,5.331840762107008e-29,1.0000002721781577e-30,3.4573008364368098e-15,5.16033295931738e-17,1.4371486544272624e-13,3.4135038968445585e-17,1.0000001417085795e-30,4.597629852384682e-22,4.0048970549215543e-17,9.999999989237601e-31,1.0000000010762399e-30,1.506977565075909e-14,7.386481979747339e-26,1.9999999991865412e-05,6.383512586660405e-34,5.996990452354159e-16,1.728599691461234e-26,7.999780812902159e-16,6.447991345792983e-26,2.4905001784415963e-15,1.4139798410649243e-24,9.999999719856744e-31,3.124999960185423e-07,6.714523969706582e-16,1.9516631030840796e-17,6.684745321139981e-23,1.7682978750521685e-29,9.99999990330304e-31,5.77672868658233e-28,1.5503817451298429e-27,3.7651154198858665e-13,3.1066641739603646e-24,5.788746295275096e-26,3.50083674929425e-28,9.999999981630194e-31,9.427995133262577e-32,4.4805334978415785e-28,1.812797207471813e-20,3.371201391419564e-29,5.6493446451930716e-30,1.0384720340908933e-12,4.536241373154434e-24,2.2549524414064723e-13,2.85036422948674e-17,6.389511784977697e-27,3.061563894196555e-19,1.0006795624761743e-30,1.0003131066566143e-30,1.0000000152566306e-30,9.999999962687022e-31,1.000000002797633e-30,9.999999944034556e-31,9.999999855085014e-31,9.999999944034556e-31,1.0000000256764294e-30,9.993028664305218e-31,1.0000000031433325e-30,1.0000000017583843e-30,1.0007511971104337e-30,1.0000001230775212e-30,1.0030111909831823e-30,2.497420005143239e-32,1.9712633865204787e-30,1.0000118702760498e-30,3.0705298470657803e-31,1.6935797708147347e-30,1.0000380622244441e-30,9.99999996228898e-31,9.990216704683974e-31,1.5299999605311797e-06,6.653095602269592e-15,1.8599999494712547e-06,1.962568564234899e-15
1066361.5227645051,0.0338141020663529,10000.0,250.0,1.0,1.0,21.2875,3.5623517831589485e-13,6.512217163262694e-22,1.000969258100243e-30,2.8381658972806314e-33,9.998052301630897e-31,1.9479375353039825e-32,1.0023866259218834e-30,2.976406521120969e-30,1.0000000106408074e-30,9.999999511342064e-31,9.999999474452709e-31,1.0041448225143806e-30,1.9259562187018094e-30,1.000885490740616e-30,1.6178568516742145e-30,9.999984150440378e-31,9.999999999998267e-31,9.999999941474914e-31,1.0000001526724587e-30,9.999999573937147e-31,9.999999999999738e-31,9.990601908935673e-31,1.434952809334026e-25,5.679237528657343e-24,9.49695667666121e-21,3.282145454209011e-24,9.999999872464601e-31,9.999999812240818e-31,1.0057117375090077e-30,7.602527694289994e-24,1.0000000058528836e-30,9.999999691506736e-31,1.0000001186230887e-30,2.2584811903648733e-29,1.000005369660123e-30,4.634822242342057e-30,1.0123957104407574e-30,7.299731492221098e-31,5.872617227463789e-30,9.999809920897432e-31,4.8352886709360695e-33,3.617970603672091e-15,4.451322472366922e-27,0.0001499999996276603,8.534803624901828e-16,1.4999999873273838e-07,2.7849999249028098e-08,3.0112676657831375e-18,6.680664055075029e-12,9.111243727273724e-12,1.5176330002764432e-13,0.4999999999871491,5.76158500956612e-13,2.9718405776125685e-30,2.1821857082916198e-20,1.1000295081572164e-30,1.2415852897873761e-27,1.3438633413167168e-27,1.4960865257761056e-30,1.3829175626577316e-28,3.792725282297343e-28,1.000000022215926e-30,0.00010749999843851455,7.381007473582161e-15,8.749999507323777e-06,7.592628060995256e-14,9.999999790433332e-31,8.384191803309348e-28,9.999999895270902e-31,5.7828654158091015e-12,5.238608693915998e-14,1.0165453448638199e-15,1.0009412885365933e-30,1.009504397151692e-30,1.3838744475060804e-32,1.2949999634599104e-07,8.562722352872435e-19,3.5181954228542813e-17,1.9504519880788692e-30,1.0787582607007251e-14,1.0471334744432383e-17,9.999999963319824e-31,4.1549183412485964e-18,8.82928293949796e-18,2.0040474470380958e-30,9.956163310441006e-31,3.3622191780389454e-34,2.3480994819392074e-22,9.99999935740828e-31,6.532048497377397e-28,1.272336579056346e-28,1.0000011531888589e-30,6.455238601156342e-15,1.1325212481463645e-16,2.078371381175723e-13,5.3751339801403876e-17,1.0000015517260609e-30,1.0619068035173275e-21,9.043456334257929e-17,9.999999984327933e-31,1.0000000015672069e-30,2.1792163946334578e-14,1.226287206456606e-25,1.99999999878605e-05,3.6037278356223667e-35,1.2434184410917437e-15,3.614650420396125e-26,1.1568356419561178e-15,1.1200254835401432e-25,3.601474385863754e-15,2.72860861001462e-24,9.99999959488927e-31,3.1249999422615807e-07,9.715100063315969e-16,4.400003761876703e-17,1.397908577141059e-22,4.0193385343124755e-29,9.999999860096501e-31,1.7449319856938063e-27,4.687103195210772e-27,5.444675420610648e-13,4.841233246303559e-24,1.540633784163452e-25,7.933627798624784e-28,9.999999973424475e-31,3.2880311885330335e-32,1.3528802091771907e-27,3.7908507321253873e-20,9.99481971970902e-29,2.8970486206507247e-29,1.5017179601280796e-12,8.43280110976647e-24,3.260851412178869e-13,4.382659898832731e-17,2.0402643344012983e-26,6.403831158363484e-19,1.0009825626269587e-30,1.0003170468035844e-30,1.0000000256725489e-30,9.99999992197259e-31,1.0000000058503008e-30,9.999999882967314e-31,9.999999790432176e-31,9.999999882967314e-31,1.0000000407320968e-30,9.989920405598519e-31,1.0000000062044069e-30,9.999999965450873e-31,1.0007667279574198e-30,1.0000001743608141e-30,1.0045476683000209e-30,4.8154511282203225e-33,1.9898701160870233e-30,1.0000181513260684e-30,1.8132900902657594e-31,1.8197204503145347e-30,1.0000550386193094e-30,9.99999992109918e-31,9.985855584142284e-31,1.5299999428915909e-06,9.622280763733162e-15,1.8599999269004893e-06,2.829150226860475e-15
1542048.5156736346,0.048898037660883895,10000.0,250.0,1.0,1.0,21.2875,5.151410086441729e-13,1.3605249950124825e-21,1.002928312232229e-30,2.173636905401254e-34,1.002420297961961e-30,1.9985495169500475e-33,1.0035039045588807e-30,2.9958977933985244e-30,1.0000000153849724e-30,9.9999992935994e-31,9.9999992400009e-31,1.0181248815745303e-30,4.121759158360236e-30,1.0020908698069104e-30,3.0823115396869552e-30,9.999977004697735e-31,9.99999999999637e-31,9.999999877617205e-31,1.0000002246681603e-30,9.999999383878467e-31,9.99999999999944e-31,9.986412347975076e-31,5.831580941791825e-25,1.2897679679619122e-23,1.9859521023379167e-20,8.110966067531824e-24,9.999999815576061e-31,9.999999855479025e-31,1.011807636709877e-30,2.8574397658139024e-23,1.0000000122390626e-30,9.99999955311197e-31,1.0000016221896092e-30,1.2314147208879003e-28,1.0000222097879852e-30,2.1568292483594565e-29,1.0536307585885129e-30,6.343519031925772e-31,2.744751973318443e-29,9.999725434396677e-31,4.481644673300704e-34,5.2318333319495765e-15,6.893776315791289e-27,0.0001499999994542559,8.538177628780838e-16,1.4999999816117625e-07,2.784999891099336e-08,3.247034243043563e-18,9.660802503865672e-12,1.3437060636992774e-11,2.1899607466476053e-13,0.49999999998117994,5.761671056006964e-13,2.983677605870528e-30,4.5632683831733585e-20,1.5627888971223645e-30,4.181790506250149e-27,5.048109566193327e-27,3.947414549134871e-30,6.263527881152346e-28,1.8230512769598568e-27,1.0000001975975826e-30,0.00010749999772632221,7.532696424710179e-15,8.749999286730075e-06,1.09800311425498e-13,9.999999696931858e-31,3.9246807261266445e-27,9.999999848544855e-31,8.595257727535106e-12,9.453568346508079e-14,2.2426908612796373e-15,1.0013608970177465e-30,1.0145112668310034e-30,1.3904193914720652e-33,1.294999946903145e-07,1.0700586107586767e-18,7.67814287350306e-17,5.660240545130418e-30,2.043793335322657e-14,2.1670685820629202e-17,9.999999945517874e-31,8.688539751281605e-18,1.6949642718203083e-17,2.0063234666799532e-30,9.936670488189421e-31,9.4845011061158e-36,7.563323861161682e-22,1.0000000124524688e-30,1.9732635208782384e-27,3.0012944645322e-28,1.0000047908827815e-30,1.2188515326488093e-14,2.4487847482277705e-16,3.0057790174962267e-13,8.468024504363402e-17,1.0000155132780543e-30,2.418454400525542e-21,1.9944553327524337e-16,9.999999977107247e-31,1.0000000022892753e-30,3.1513303189035567e-14,1.954845826901523e-25,1.9999999981662897e-05,1.2925924241473942e-35,2.5804524530050638e-15,7.558646610387117e-26,1.6728817173013636e-15,1.8435542550835244e-25,5.208038237017956e-15,5.091117302965045e-24,9.99999941417579e-31,3.1249999161659106e-07,1.4054694898302784e-15,9.697388849564475e-17,2.923315519426497e-22,9.018565845613207e-29,9.99999979756144e-31,5.274976365034047e-27,1.4173589745199346e-26,7.873462309182009e-13,7.366773991102248e-24,4.220092235357322e-25,1.7436469216279532e-27,9.999999961545908e-31,7.171647000023457e-33,4.0890459445441074e-27,7.927273569354026e-20,3.0032719939649976e-28,1.5804098198064528e-28,2.171608335725605e-12,1.5308848517846892e-23,4.715466426907566e-13,6.684438764988745e-17,6.471209342708987e-26,1.3395057656540726e-18,1.0014205714533955e-30,1.0002597386855406e-30,1.0000000446741264e-30,9.999999836832156e-31,1.0000000122339207e-30,9.999999755265923e-31,9.999999696929436e-31,9.999999755265923e-31,1.0000000664341712e-30,9.985427285611247e-31,1.0000000125365392e-30,9.999999824614564e-31,1.0007700980745727e-30,1.0000002445717095e-30,1.0067790909862646e-30,4.455078186995304e-34,1.9920052504289597e-30,1.0000276963814882e-30,8.466049339233522e-32,1.9170537668617172e-30,1.0000795851200794e-30,9.999999834941135e-31,9.979552365459556e-31,1.5299999173464045e-06,1.3917428477443344e-14,1.8599998942273428e-06,4.072712283736994e-15
2229931.9451498934,0.07071067811865467,10000.0,250.0,1.0,1.0,21.2875,7.449267116626979e-13,2.841862402498517e-21,1.0088526005879418e-30,4.112226662108297e-35,1.0150989030547055e-30,2.3361838375061554e-34,1.0051285486688903e-30,2.9973387782152126e-30,1.0000000222426752e-30,9.999998978990202e-31,9.999998900949147e-31,1.0792577219708878e-30,1.1220194110932713e-29,1.0047523564078529e-30,7.816725603927407e-30,9.999966588965982e-31,9.999999999992402e-31,9.999999744084655e-31,1.0000003332969318e-30,9.99999910903895e-31,9.999999999998827e-31,9.980356920294073e-31,2.336989398486473e-24,2.855202133894038e-23,4.152903381686804e-20,1.9011369802593274e-23,9.999999733313704e-31,1.0000001159824708e-30,1.0395659677719653e-30,1.010801354399676e-22,1.000000025593172e-30,9.999999352126834e-31,1.000018573439935e-30,6.485861273212386e-28,1.00014470897697e-30,1.1005172048361247e-28,1.3527721995491525e-30,5.177890850229599e-31,1.397242211113853e-28,9.999603582518688e-31,1.4374240034620515e-35,7.565552682145289e-15,1.0426686628610196e-26,0.00014999999919562267,8.538275443640166e-16,1.4999999732790745e-07,2.7849998418831197e-08,3.389988044098613e-18,1.3970333493014413e-11,1.9693616191637665e-11,3.1571475545420645e-13,0.49999999997257366,5.761671665869922e-13,2.97822533710358e-30,9.542431496593899e-20,3.9762402750924735e-30,1.3682752971380385e-26,1.7854329232705896e-26,1.8216117237579306e-29,2.8111716163997888e-27,8.54985825306286e-27,1.000001385964251e-30,0.000107499996679543,7.69906169945803e-15,8.749998966845694e-06,1.5878270145228432e-13,9.999999561702319e-31,1.8007335215337477e-26,9.999999780966341e-31,1.2636041249032188e-11,1.7243421323730041e-13,4.864478193332742e-15,1.0019673749467261e-30,1.0217531984751509e-30,4.6731929367614423e-35,1.2949999226797874e-07,1.370324958393007e-18,1.6509592695691976e-16,2.331204490634111e-29,3.9369915372127824e-14,4.489695663580135e-17,9.999999918199143e-31,1.8168949744226765e-17,3.2265295436935506e-17,2.0091449750399363e-30,9.90854970520009e-31,5.444005545731694e-38,2.387019757760937e-21,1.0000007164621548e-30,5.9651124292167796e-27,7.08135298335766e-28,1.0000196134195122e-30,2.3381197617866077e-14,5.233407880241855e-16,4.3471929839076045e-13,1.347312940498427e-16,1.0001503718140022e-30,5.483393576550582e-21,4.3229588864916745e-16,9.999999966413348e-31,1.0000000033586652e-30,4.5570888654452884e-14,3.018244623828339e-25,1.9999999971857847e-05,1.2700013211913965e-35,5.3567111106385e-15,1.5806060665348544e-25,2.4191277966938066e-15,2.9099342079530374e-25,7.531268217866598e-15,9.121470023270355e-24,9.999999152848892e-31,3.124999878061844e-07,2.033112633836221e-15,2.1021156573138258e-16,6.113317875314148e-22,1.995786762485288e-28,9.999999707148508e-31,1.5950947801247983e-26,4.286334739677993e-26,1.1385696248935468e-12,1.104233019491092e-23,1.1844422871499161e-24,3.7718406851188144e-27,9.999999944342554e-31,8.12880929522007e-34,1.2363078523775918e-26,1.657717807230829e-19,9.06598317600644e-28,8.291976423559935e-28,3.140321286540068e-12,2.772977207143709e-23,6.818963116053815e-13,1.019140561961114e-16,2.0450264426787282e-25,2.80201215768291e-18,1.0020536453491636e-30,1.0001152584683339e-30,1.0000000803896836e-30,9.999999658789787e-31,1.0000000255831034e-30,9.999999488221806e-31,9.999999561697246e-31,9.999999488221806e-31,1.0000001118206424e-30,9.978933375251556e-31,1.0000000257485663e-30,9.999999484083744e-31,1.0007704432428567e-30,1.0000003378444411e-30,1.0100042722446208e-30,1.4251095836548738e-35,1.9892109573252015e-30,1.0000419595379185e-30,2.814068501567237e-32,1.974595387848712e-30,1.0001150755848934e-30,9.999999654736612e-31,9.970444337034636e-31,1.5299998803292398e-06,2.0131600170153092e-14,1.8599998469087747e-06,5.8511802903161704e-15
3224669.282099559,0.1022535921518125,10000.0,250.0,1.0,1.0,21.2875,1.0772046726332593e-12,5.9341684886731865e-21,1.0267693536002991e-30,1.231232979413801e-34,1.0723143573258038e-30,8.285315216207392e-34,1.0075302408050051e-30,2.998352787101381e-30,1.0000000321537376e-30,9.999998524588642e-31,9.99999841062103e-31,1.3465809427701074e-30,3.3666813438538883e-29,1.0105217301625372e-30,2.279009388815068e-29,9.999951354659008e-31,9.999999999984105e-31,9.99999946485844e-31,1.0000005007514561e-30,9.999998711600663e-31,9.999999999997531e-31,9.971606594801315e-31,9.317508170561259e-24,6.197012095772641e-23,8.684265259521089e-20,4.287477457829546e-23,9.99999961436222e-31,1.0000016129092423e-30,1.1910169591121567e-30,3.409790452948014e-22,1.0000000535175814e-30,9.999999059712429e-31,1.000199395438102e-30,3.2547457477251664e-27,1.0010382229728033e-30,5.489215146167344e-28,3.5283116558827566e-30,3.860477476498469e-31,6.954766525677024e-28,9.999428044109925e-31,9.9666408422163e-38,1.0940177646198137e-14,1.5535468749259657e-26,0.00014999999880530043,8.538275970428019e-16,1.499999961089802e-07,2.784999770018281e-08,3.501517599349243e-18,2.0202277902086306e-11,2.874319539786909e-11,4.545276732822759e-13,0.4999999999601813,5.761671665778037e-13,2.9678602880677394e-30,1.9954472838441554e-19,1.593364242064324e-29,4.3706962133102406e-26,6.022408950878334e-26,1.005733121865348e-28,1.251483684292456e-26,3.9274835378247043e-26,1.0000091136876853e-30,0.0001074999951307517,7.932037798396634e-15,8.749998502419074e-06,2.2961014619691395e-13,9.999999366110509e-31,8.137821874443375e-26,9.999999683224008e-31,1.8425033181628332e-11,3.201595684780829e-13,1.0422359899363224e-14,1.0028437426086562e-30,1.0321964776906924e-30,3.3016416771505705e-37,1.2949998870662474e-07,1.8002952050706444e-18,3.513898059902122e-16,1.0536183800040616e-28,7.70507218649742e-14,9.303055431568735e-17,9.999999875425736e-31,3.799365026197973e-17,6.153121404207231e-17,2.0131974622469965e-30,9.868025377212363e-31,3.176852926435587e-41,7.425442067857366e-21,1.000005592917001e-30,1.8036437129400846e-26,1.6904458702835698e-27,1.0000801068599225e-30,4.55846170287648e-14,1.1081824236720897e-15,6.287627141535219e-13,2.1816523813026025e-16,1.0014308367269171e-30,1.2485185284422849e-20,9.251407199854794e-16,9.999999950423562e-31,1.000000004957644e-30,6.589934025868615e-14,4.5582162742588015e-25,1.9999999955936162e-05,1.266876884916952e-35,1.1114175332419872e-14,3.3052383121188523e-25,3.498262500342555e-15,4.465622912070281e-25,1.0890861499522532e-14,1.565345189747228e-23,9.999998774948213e-31,3.1249998221949203e-07,2.94093901686806e-15,4.502454938386203e-16,1.278452432317707e-21,4.374823485851222e-28,9.999999577276743e-31,4.8240006407737046e-26,1.2962850107407356e-25,1.6464689786725845e-12,1.640440066814099e-23,3.3901512554142456e-24,8.124724249533132e-27,9.999999919410783e-31,1.281794004413066e-34,3.7383184024091846e-26,3.466544984040166e-19,2.741296456451276e-27,4.146148962006391e-27,4.5411513971977555e-12,5.079399327596283e-23,9.860798440588884e-13,1.5633402868957869e-16,6.464901217455989e-25,5.861827572565927e-18,1.0029684471499655e-30,9.998624848696856e-31,1.000000149263703e-30,9.999999286474321e-31,1.0000000534984194e-30,9.999998929789534e-31,9.9999993660999e-31,9.999998929789534e-31,1.0000001946411788e-30,9.969549988897138e-31,1.000000053362302e-30,9.999998705418351e-31,1.0007704897501321e-30,1.0000004554555428e-30,1.0146592270755063e-30,9.837631693182808e-38,1.9845700747878975e-30,1.000062933962167e-30,5.7228320830612995e-33,1.9985329139384553e-30,1.0001663855799617e-30,9.9999992778502e-31,9.957287894514058e-31,1.5299998266401582e-06,2.912408985382439e-14,1.8599997783362867e-06,8.382195462874856e-15
4663143.196604376,0.14786730075483182,10000.0,250.0,1.0,1.0,21.2875,1.5576825108540058e-12,1.2384967546287823e-20,1.080966103666765e-30,4.007760331447192e-34,1.324963848958319e-30,3.868025526765063e-33,1.011340519856181e-30,3.0126146432159968e-30,1.0000000464739843e-30,9.99999786862237e-31,9.999997701500988e-31,2.5155219074136937e-30,1.0344750582599558e-28,1.022880916850512e-30,6.935011859545012e-29,9.999928964301507e-31,9.999999999966757e-31,9.999998880985817e-31,1.0000007686367457e-30,9.999998136877253e-31,9.999999999994827e-31,9.958966118635331e-31,3.7286848844577026e-23,1.3245637907291439e-22,1.8159829086756396e-19,9.403517101144336e-23,9.999999442362615e-31,1.0000170162210384e-30,2.05999085084448e-30,1.1098861824250305e-21,1.0000001119085821e-30,9.999998633191696e-31,1.0020438038191223e-30,1.5676815951323546e-26,1.007336316616823e-30,2.640760424280794e-27,1.8820420841436183e-29,2.5249238593714223e-31,3.3390223935902344e-27,9.999175590626873e-31,2.057695110924827e-40,1.5819898277539986e-14,2.2922790329999072e-26,0.00014999999820719878,8.538275914746878e-16,1.4999999431757674e-07,2.7849996646546595e-08,3.636139190276958e-18,2.9214193652003765e-11,4.18339311868815e-11,6.530865847330441e-13,0.49999999994237176,5.761671664966687e-13,2.952848541888498e-30,4.1727159270227224e-19,7.289021671701448e-29,1.369503996801004e-25,1.9601513274526133e-25,5.762457875485743e-28,5.537984971808542e-26,1.7746585817175369e-25,1.0000585484363323e-30,0.00010749999281852316,8.265073403568155e-15,8.749997826982845e-06,3.320205459711819e-13,9.999999083188501e-31,3.636579185613524e-25,9.999999541842862e-31,2.6684112199186553e-11,6.063524373571598e-13,2.2129227054514406e-14,1.004109685032421e-30,1.0472338983536987e-30,4.893492634118061e-40,1.294999834352253e-07,2.415281029094627e-18,7.424381147619703e-16,4.793086420891886e-28,1.5277812254140574e-13,1.9258620329077205e-16,9.999999806820216e-31,7.944920670038933e-17,1.1846159083722142e-16,2.0190283262416696e-30,9.8097167375813e-31,2.0226614547619465e-43,2.2863142201812818e-20,1.0000374885363384e-30,5.454004266201623e-26,4.118657947297404e-27,1.0003342562071173e-30,9.012737762660617e-14,2.328553306233065e-15,9.094989514609186e-13,3.616979874102714e-16,1.0134376384156042e-30,2.877080322532954e-20,1.9608555084919446e-15,9.999999926207601e-31,1.00000000737924e-30,9.529599194907024e-14,6.785356240124877e-25,1.999999992932646e-05,1.263950309979042e-35,2.302555482510561e-14,6.911617890223386e-25,5.0587823190684895e-15,6.736411425826893e-25,1.5749131229019527e-14,2.5841259873665413e-23,9.999998228472056e-31,3.1249997398163774e-07,4.254124341671118e-15,9.559072368714412e-16,2.67362991048832e-21,9.546717925255002e-28,9.999999396568757e-31,1.4590374538132612e-25,3.9202897234910107e-25,2.3809357804442335e-12,2.4255061228461357e-23,9.851955368146145e-24,1.7559044950445462e-26,9.999999883243822e-31,4.291517936894084e-34,1.1304154282191973e-25,7.249071837637001e-19,8.295015891641881e-27,1.9908469713859565e-26,6.566847994073017e-12,9.464166050779261e-23,1.4259552924944138e-12,2.4270776530415874e-16,2.0536253275297773e-24,1.2264673788565605e-17,1.0042899149991152e-30,9.994768987746064e-31,1.0000002848843764e-30,9.999998507901913e-31,1.0000001118739308e-30,9.999997762017303e-31,9.999999083166308e-31,9.999997762017303e-31,1.000000350350421e-30,9.955996187439337e-31,1.0000001110905568e-30,9.999996980830471e-31,1.0007705765584273e-30,1.0000005894184754e-30,1.0213714689304414e-30,1.7755399355212947e-40,1.9778577951023253e-30,1.0000934763150329e-30,5.71878481529459e-34,2.0058982607486755e-30,1.000240558663521e-30,9.999998489647128e-31,9.938292921447484e-31,1.5299997486720136e-06,4.214094398799357e-14,1.8599996788740574e-06,1.1958900439956151e-14
6743297.550773869,0.21382856261966862,10000.0,250.0,1.0,1.0,21.2875,2.252443593829377e-12,2.582816971340267e-20,1.2450047638571896e-30,1.2682225506631247e-33,2.4326296779905723e-30,1.7609008199895012e-32,1.0190031073726152e-30,3.1181294938253795e-30,1.0000000671573555e-30,9.99999692237758e-31,9.999996675919257e-31,7.6269330918403e-30,3.174425387239442e-28,1.0491512375608118e-30,2.121892928868723e-28,9.999895832591747e-31,9.999999999930479e-31,9.999997660115099e-31,1.000001227606019e-30,9.999997305790983e-31,9.999999999989193e-31,9.94071455956049e-31,1.506570152284331e-22,2.795904995027718e-22,3.7974039551064746e-19,2.0198515144072269e-22,9.999999193666506e-31,1.0001689361822295e-30,7.138149554863229e-30,3.5173038731142405e-21,1.0000002340034709e-30,9.999998008870133e-31,1.0202150249719075e-30,7.314678747689826e-26,1.0503036828194263e-30,1.2318515368149678e-26,1.2278904003883213e-28,1.3664830725328092e-31,1.5535519223053586e-26,9.998813397205694e-31,1.3098569261211066e-40,2.2875818115616112e-14,3.360462092015619e-26,0.0001499999972732639,8.538275829854434e-16,1.4999999166828815e-07,2.7849995093074402e-08,3.824765823453147e-18,4.224618108532649e-11,6.077307081319864e-11,9.357294986649382e-13,0.4999999999168438,5.761671663801357e-13,2.931273557610705e-30,8.725564865696012e-19,3.362913637337755e-28,4.224667780653149e-25,6.211279476242481e-25,3.3451348056768865e-27,2.4400096867359607e-25,7.914482622109452e-25,1.0003721281295815e-30,0.00010749998932544058,8.739138458568252e-15,8.749996842300149e-06,4.800860001092334e-13,9.999998673894848e-31,1.6114361436439129e-24,9.999999337316528e-31,3.8396504350957815e-11,1.169665825267133e-12,4.665941065159125e-14,1.005937506428642e-30,1.0688451022761608e-30,2.61582612506524e-40,1.2949997556104707e-07,3.2906957588484763e-18,1.5597738408268887e-15,2.156145401021923e-27,3.0577870780550375e-13,3.977882529345223e-16,9.999999693768054e-31,1.661362003865347e-16,2.309800977155965e-16,2.027399364282222e-30,9.726006357175773e-31,2.024610660977011e-43,6.98683809213909e-20,1.0002423854214437e-30,1.6492670605130224e-25,1.0301292851108191e-26,1.0014707339645895e-30,1.800972698384832e-13,4.858115000219185e-15,1.315745534367304e-12,6.163890824244523e-16,1.1249865238275343e-30,6.755298622649012e-20,4.123756526744534e-15,9.999999888919432e-31,1.0000000111080568e-30,1.3780602402181492e-13,1.00059943934833e-24,1.9999999883523478e-05,1.263034317927803e-35,4.7573536690740184e-14,1.4452825859258888e-24,7.315426048304582e-15,1.0062772494853736e-24,2.2774629832966645e-14,4.147746532661472e-23,9.999997438221589e-31,3.1249996173942656e-07,6.153832418645552e-15,2.0158131416067615e-15,5.5915369317464615e-21,2.0839923951618163e-27,9.999999183401898e-31,4.413337803750893e-25,1.1856025246046032e-24,3.4430398814258696e-12,3.580583246595502e-23,2.8959634577801315e-23,3.8276011367776625e-26,9.999999830705895e-31,1.9075063289560876e-33,3.41821927562364e-25,1.5158878120793236e-18,2.5113215433698533e-26,9.26140647926512e-26,9.496130540420168e-12,1.794793240789358e-22,2.062053250513705e-12,3.8345028454166e-16,6.586676718446564e-24,2.5666623678417268e-17,1.0061979196621576e-30,9.98914473097215e-31,1.0000005563333994e-30,9.999996879778691e-31,1.0000002339468362e-30,9.999995320015593e-31,9.999998673848428e-31,9.999995320015593e-31,1.000000650686743e-30,9.936428336100278e-31,1.0000002317872956e-30,9.999993235174483e-31,1.0007707751698401e-30,1.0000007076225222e-30,1.0310378761506094e-30,1.5193546694286814e-40,1.9681911177602798e-30,1.0001378172042797e-30,2.0455014292404624e-35,2.0096502315973863e-30,1.0003477659852578e-30,9.999996841279056e-31,9.910887934770866e-31,1.529999635245752e-06,6.099101933219347e-14,1.859999534427614e-06,1.6962555212267174e-14
9751375.829801848,0.3092140991185264,10000.0,250.0,1.0,1.0,21.2875,3.257021393602686e-12,5.3801616380045075e-20,1.7423478744317334e-30,3.924334995943388e-33,7.276156115763123e-30,7.862953774127636e-32,1.0437837513922331e-30,3.818951733485496e-30,1.000000097015593e-30,9.999995558800281e-31,9.999995192560593e-31,2.997691829022071e-29,9.660016849800374e-28,1.104699882481509e-30,6.45338421330206e-28,9.999846345981153e-31,9.999999999854609e-31,9.999995107375723e-31,1.0000021190992053e-30,9.999996103995712e-31,9.999999999977384e-31,9.914378949878515e-31,6.158596812206128e-22,5.835460066351162e-22,7.940664508909997e-19,4.266098750919666e-22,9.999998834093304e-31,1.001626526548018e-30,3.720350812159394e-29,1.0918251875045878e-20,1.000000489293755e-30,9.999997090664937e-31,1.1945356921401723e-30,3.33054100557652e-25,1.3359372278675467e-30,5.608596440142788e-26,8.10630943984358e-28,5.62456162894131e-32,7.047598625756242e-26,9.9982955561392e-31,1.3100237643026558e-40,3.307808664832997e-14,4.904965256269421e-26,0.00014999999578240383,8.538275699164993e-16,1.4999998771819336e-07,2.784999278516638e-08,4.091266973301765e-18,6.109152775242543e-11,8.817877409203257e-11,1.3352467690498497e-12,0.4999999998803906,5.761671662132473e-13,2.900352160701823e-30,1.8245793129280126e-18,1.5272473420903527e-27,1.2858606448972617e-24,1.9278260337123886e-24,1.9644718632755336e-26,1.0715772820135962e-24,3.491312754064859e-24,1.002349483181971e-30,0.00010749998396853375,9.409232272758806e-15,8.749995401980223e-06,6.941311710711139e-13,9.999998081684202e-31,7.093072134621718e-24,9.999999041395892e-31,5.4862204652121534e-11,2.289981550133318e-12,9.78114183046846e-14,1.0085747682771283e-30,1.0998182832614585e-30,2.91809406271119e-40,1.2949996365635057e-07,4.528100354260147e-18,3.260821511436304e-15,9.572341128573468e-27,6.152604465277479e-13,8.184585227961543e-16,9.999999502427993e-31,3.474028964202987e-16,4.559083010600555e-16,2.039378411263361e-30,9.606215887364365e-31,2.0367581307140014e-43,2.1225317432966698e-19,1.0015474459208426e-30,4.987352822450439e-25,2.6521734994302114e-26,1.0069976000425842e-30,3.623256691649795e-13,1.006069490315372e-14,1.903794254227456e-12,1.0811241591899743e-15,2.1539095758555767e-30,1.6246123623771546e-19,8.611906879984393e-15,9.999999830300452e-31,1.000000016969955e-30,1.992791080317049e-13,1.4663308242093971e-24,1.9999999802491505e-05,1.2687906544956798e-35,9.786895621475211e-14,3.0221766570182585e-24,1.057872544360134e-14,1.4959466940005085e-24,3.2934158828351996e-14,6.558978438855425e-23,9.999996295452994e-31,3.1249994335574995e-07,8.90223882980563e-15,4.2273049466112655e-15,1.1694460016408474e-20,4.572060079648812e-27,9.999999186393135e-31,1.335130094674161e-24,3.58561248298813e-24,4.978938585914656e-12,5.2911363900635897e-23,8.584761812992364e-23,8.452657110018812e-26,9.999999754234883e-31,8.387824192946054e-33,1.0336085456616122e-24,3.169935796877643e-18,7.607278650437803e-26,4.202953531876367e-25,1.3732025279498754e-11,3.4545598795288726e-22,2.9819068374099887e-12,6.194525549355006e-16,2.1437356009067832e-23,5.372931445707845e-17,1.0089509018812042e-30,9.981011465691583e-31,1.000001106399322e-30,9.999993475101346e-31,1.0000004892219108e-30,9.99999021339013e-31,9.999998081587085e-31,9.99999021339013e-31,1.0000012421961086e-30,9.9081985401018e-31,1.0000004841552526e-30,9.999985200889462e-31,1.000771213868994e-30,1.0000007206350712e-30,1.0449329693693384e-30,2.1923305077964386e-40,1.954295481582965e-30,1.0002022289121576e-30,1.6570481664775465e-37,2.0142853370151772e-30,1.0005026858444547e-30,9.999993394109795e-31,9.871390104282722e-31,1.5299994698361698e-06,8.830401864671623e-14,1.859999324296822e-06,2.3862387166362123e-14
14101310.205884522,0.44714961332713477,10000.0,250.0,1.0,1.0,21.2875,4.709505472295701e-12,1.1188506438580493e-19,3.257525374379338e-30,1.1912431792893024e-32,2.8429349124977606e-29,3.455581916451557e-31,1.1668407176749241e-30,8.317099611145138e-30,1.0000001400863739e-30,9.999993596591835e-31,9.999993046911129e-31,1.2769990370805493e-28,2.9092057834844504e-27,1.2217422839724674e-30,1.9442026905394895e-27,9.99977149012517e-31,9.999999999695954e-31,9.999989770063808e-31,1.0000042293400804e-30,9.999994366151727e-31,9.999999999952707e-31,9.87641574524503e-31,2.5443587716004845e-21,1.204064609712638e-21,1.6604295081868066e-18,8.874250479385726e-22,9.999998314250495e-31,1.0153202484181622e-30,2.1724857926386254e-28,3.3314776497869736e-20,1.0000010230591236e-30,9.999995731798778e-31,2.8322200171693256e-30,1.4871690916864738e-24,3.1966636288797255e-30,2.5043415247334307e-25,5.2607221157202485e-27,1.5663325559500447e-32,3.130425797818048e-25,9.997558821643847e-31,1.310287547502326e-40,4.782894710897984e-14,7.138071669196749e-26,0.00014999999334492213,8.538275494271887e-16,1.4999998176859886e-07,2.784998932190278e-08,4.464160671779759e-18,8.834347199892972e-11,1.278465467626492e-10,1.8942611005858926e-12,0.49999999982861065,5.761671659752085e-13,2.8562118660410127e-30,3.8152582018690285e-18,6.815116070186458e-27,3.864306933866985e-24,5.881254268248796e-24,1.1667475364658584e-25,4.693876441362502e-24,1.524926790559098e-23,1.0147491713288812e-30,0.00010749997560292441,1.034684456969772e-14,8.749993285561371e-06,1.003482471266381e-12,9.99999722461135e-31,3.1042537566979516e-23,9.999998613148423e-31,7.77209833990408e-11,4.529334224457308e-12,2.0393657690321744e-13,1.0123761316509516e-30,1.1440322513294911e-30,3.3409570483471423e-40,1.2949994538005408e-07,6.259509504191253e-18,6.784095837661362e-15,4.195955305150983e-26,1.2393324720692526e-12,1.673873332433906e-15,9.999999173214268e-31,7.264313423174233e-16,9.085965625337806e-16,2.0564406571635808e-30,9.435593428362167e-31,2.0540565501787663e-43,6.414794238019053e-19,1.0098113010520787e-30,1.5081705350281226e-24,7.027244690600802e-26,1.036127034830889e-30,7.30970334607456e-13,2.0655540226119303e-14,2.7553787604134046e-12,1.948544363066315e-15,1.1587930805163181e-29,4.01427486666904e-19,1.7857251276477678e-14,9.999999735856435e-31,1.0000000264143567e-30,2.88174364103126e-13,2.139817623292964e-24,1.999999965588081e-05,1.2923435979239093e-35,2.0003201829377365e-13,6.319433147283046e-24,1.5297740848296108e-14,2.2213808261376155e-24,4.76258339682029e-14,1.0336214156807885e-22,9.999994642913668e-31,3.12499915374379e-07,1.2878551156381318e-14,8.819691807483547e-15,2.4460014900681756e-20,1.0126943450493318e-26,1.0000001172810799e-30,4.0397915156523086e-24,1.0843940597515994e-23,7.199991291628432e-12,7.845316270624504e-23,2.5605620182836042e-22,1.8984459821978836e-25,9.999999642611933e-31,3.642010744355935e-32,3.1253754196024264e-24,6.628757159430851e-18,2.3060587491717506e-25,1.8689758126837607e-24,1.9857289287314095e-11,6.715854880198859e-22,4.3120982584075804e-12,1.0267428166122996e-15,7.114795278442853e-23,1.1252186135142805e-16,1.0129191202636324e-30,9.969261638433509e-31,1.0000022312579364e-30,9.999986355343774e-31,1.0000010230460843e-30,9.999979534594046e-31,9.999997224408294e-31,9.999979534594042e-31,1.0000024263235376e-30,9.867515508241156e-31,1.0000010118677763e-30,9.999968108134197e-31,1.0007721603853116e-30,1.0000004092128116e-30,1.0648534345043694e-30,3.1273612472392156e-40,1.934373917622255e-30,1.0002959743711331e-30,3.2166719628750895e-40,2.0209297378759248e-30,1.0007264818770583e-30,9.999986185256554e-31,9.814548005423627e-31,1.5299992278352901e-06,1.279100506583438e-13,1.8599990179304423e-06,3.31848303901346e-14
20391681.439953674,0.646615976660124,10000.0,250.0,1.0,1.0,21.2875,6.809459774256416e-12,2.3211335665435447e-19,7.936959748411789e-30,3.54989978218576e-32,1.2072595602408219e-28,1.49629353602222e-30,1.9011436142663903e-30,3.6646445639828285e-29,1.0000002021508814e-30,9.99999077824424e-31,9.999989942891931e-31,5.54959379832496e-28,8.658618745052533e-27,1.4677545705397274e-30,5.79182401362672e-27,9.99965635624479e-31,9.999999999364207e-31,9.999978611450674e-31,1.0000105423362576e-30,9.999991853194161e-31,9.999999999901073e-31,9.82176837608877e-31,1.0592959409005175e-20,2.452116826690614e-21,3.4719777401549344e-18,1.8173569436960216e-21,9.999997562786529e-31,1.1417338898521588e-30,1.3052875443930654e-27,1.0005567806237875e-19,1.0000021389919008e-30,9.999993705004466e-31,1.7950552882470686e-29,6.5298252169380746e-24,1.5119055227131464e-29,1.0995927847021939e-24,3.3491788584349656e-26,3.129286485482017e-33,1.3640993979066097e-24,9.996517946206603e-31,1.3106478926838487e-40,6.915475186730108e-14,1.0366547371669227e-25,0.00014999998926553705,8.538275166664718e-16,1.499999727015517e-07,2.7849984058356334e-08,4.97832246757426e-18,1.2775203300913293e-10,1.852833993600153e-10,2.6650542111169454e-12,0.49999999975559,5.761671656375569e-13,2.7935639532506e-30,7.977623630085292e-18,2.991930920504511e-26,1.1456799664391482e-23,1.7658578822176573e-23,6.99427684555608e-25,2.0514081073098568e-23,6.5937164996896e-23,1.0920210367726285e-30,0.0001074999622690269,1.163966618833134e-14,8.74999015673027e-06,1.4503758452583727e-12,9.999995983833778e-31,1.3510476311283265e-22,9.99999799322321e-31,1.0888367802587782e-10,9.004582524402337e-12,4.2281237791676834e-13,1.0178475874773924e-30,1.2067842516053168e-30,3.923737989916793e-40,1.2949991679592489e-07,8.646855931874904e-18,1.4038743508370199e-14,1.8157765175812865e-25,2.487940537974326e-12,3.392772369448394e-15,9.999998627090272e-31,1.5189522109705866e-15,1.821915543070059e-15,2.0805795310364915e-30,9.194204689633073e-31,2.0785219161030143e-43,1.9288083851047913e-18,1.0618681004315731e-30,4.560698572254991e-24,1.91089460149465e-25,1.1988128618934776e-30,1.4726852222786476e-12,4.1948189257765095e-14,3.989384058054684e-12,3.593146587749085e-15,9.760716512715473e-29,1.0194187962925127e-18,3.672808209242232e-14,9.999999579478233e-31,1.0000000420521767e-30,4.167244056302482e-13,3.1137363588400105e-24,1.999999938667523e-05,1.3594335698895733e-35,4.0496252571539694e-13,1.321367454939474e-23,2.2121871849180948e-14,3.30447833688879e-24,6.887153367534676e-14,1.6365385965230307e-22,9.999992253203216e-31,3.124998720643165e-07,1.8630349033465937e-14,1.830400519149638e-14,5.1165015955179065e-20,2.2744598594831039e-26,1.000001660768305e-30,1.2226659355150239e-23,3.279421260150281e-23,1.041184876455446e-11,1.1697222709517173e-22,7.671573629053525e-22,4.350253745015967e-25,9.999999479020448e-31,1.5587262855736548e-31,9.450029297153585e-24,1.3861532893397345e-17,6.997359210754868e-25,8.160882296823971e-24,2.8714530896549363e-11,1.3106274165952138e-21,6.2356809887392564e-12,1.748202812419148e-15,2.4180604983379443e-22,2.3578413707035386e-16,1.0186308027051917e-30,9.952294989957881e-31,1.0000045467643115e-30,9.999971466701569e-31,1.0000021393664868e-30,9.999957203461259e-31,9.999995983409136e-31,9.99995720346125e-31,1.0000048262340481e-30,9.808975191791781e-31,1.0000021153898427e-30,9.999931941475476e-31,1.000774167887658e-30,9.999992682807625e-31,1.0933021462910157e-30,4.403532181636637e-40,1.9059229748947598e-30,1.0004327959928075e-30,2.4049754199811973e-40,2.03047713686633e-30,1.0010496291301527e-30,9.999971109922262e-31,9.732921411753949e-31,1.529998872285979e-06,1.8539976695709545e-13,1.859998569996276e-06,4.542513882412024e-14
29488087.693796553,0.9350611267692971,10000.0,250.0,1.0,1.0,21.2875,9.845208876691038e-12,4.798652190731854e-19,2.293724421822083e-29,1.0369157740344374e-31,5.23030967864071e-28,6.377991457470967e-30,6.521843169303681e-30,2.121760936324508e-28,1.0000002914532164e-30,9.999986739966817e-31,9.999985451647962e-31,2.422848495802265e-27,2.541237812497282e-26,1.9839743365770443e-30,1.702364738939796e-26,9.99947548338269e-31,9.999999998670431e-31,9.999955284410211e-31,1.0000336987359457e-30,9.99998821947827e-31,9.999999999793089e-31,9.743264895614482e-31,4.427089056269778e-20,4.9133061154006165e-21,7.259882817157083e-18,3.655380383613296e-21,9.999996476676866e-31,2.2899592318798545e-30,7.919715616735904e-27,2.955910266219329e-19,1.0000044718453613e-30,9.99999065403024e-31,1.5527234175772349e-28,2.8211562089382355e-23,9.038995369269051e-29,4.750667219792938e-24,2.0918086136191828e-25,5.302815805925143e-33,5.829005527274144e-24,9.995061608707791e-31,1.3111274449271603e-40,9.998283566956126e-14,1.503355693818466e-25,0.00014999998230367476,8.538274632946036e-16,1.499999587145044e-07,2.7849975934850967e-08,5.67240234197477e-18,1.8473997858544514e-10,2.6848768127845585e-10,3.705567513922317e-12,0.4999999996536074,5.761671651621202e-13,2.7053865859730787e-30,1.6680397866509812e-17,1.2927011873260437e-25,3.3426548640696173e-23,5.214719874925388e-23,4.217935962567403e-24,8.945561924019885e-23,2.8186285152207894e-22,1.5698567366380557e-30,0.00010749994056658171,1.3384881549839827e-14,8.749985494840178e-06,2.095423622148813e-12,9.999994186847582e-31,5.845003081975347e-22,9.999997095496164e-31,1.5026663835333397e-10,1.7897552899142767e-11,8.709100263445904e-13,1.0257068902077297e-30,1.295107252554031e-30,4.710150572178642e-40,1.294998711356844e-07,1.1869604806534443e-17,2.886383524071639e-14,7.746278369405777e-25,4.952240710453979e-12,6.78789113281125e-15,9.999998013017135e-31,3.1759734767794883e-15,3.661547350254477e-15,2.1143983478848926e-30,8.856016521149027e-31,2.112782611603397e-43,5.76666955448554e-18,1.3880022688662846e-30,1.379154216200991e-23,5.308442315481203e-25,2.1362775280695702e-30,2.949688269859379e-12,8.397484735495718e-14,5.779170057827898e-12,6.734809011939036e-15,8.773991246405885e-28,2.6534266282699644e-18,7.478130564407049e-14,9.999999313174546e-31,1.0000000686825455e-30,6.026186827685362e-13,4.5221055407101586e-24,1.9999998890041275e-05,1.5287413241437804e-35,8.086492094389011e-13,2.7628072029580216e-23,3.199028501870056e-14,4.935786882688787e-24,9.959525400408935e-14,2.6160622945096046e-22,9.99998879748196e-31,3.12499803693923e-07,2.694517995194044e-14,3.77589080046628e-14,1.0704025063699265e-19,5.199118730446921e-26,1.0000118425118651e-30,3.701861866616787e-23,9.916526138441693e-23,1.5056522176171214e-11,1.756986792378476e-22,2.305969199259464e-21,1.0187545425855138e-24,9.999999237900932e-31,6.555753508504094e-31,2.8572098980804944e-23,2.898590789978569e-17,2.125981503669223e-24,3.49866658236375e-23,4.152202080775106e-11,2.5495948442844567e-21,9.017378628036339e-12,3.052570422106866e-15,8.438331113706366e-22,4.944582662349994e-16,1.0268349283172876e-30,9.927811122501665e-31,1.0000093357132635e-30,9.999940331937456e-31,1.0000044737929742e-30,9.99991050537488e-31,9.999994185959623e-31,9.999910505374828e-31,1.0000097347363234e-30,9.724925361774423e-31,1.0000044231091804e-30,9.999855696734739e-31,1.0007783653351251e-30,9.999961742567826e-31,1.1337042682698059e-30,6.101159957049524e-40,1.8655163258048515e-30,1.000633287618773e-30,3.4714303373036943e-40,2.0441574952572856e-30,1.0015159300726224e-30,9.999939584109903e-31,9.616068178320956e-31,1.529998347196816e-06,2.6895212803966216e-13,1.8599979129101155e-06,6.087364253272894e-14
42642256.765218,1.3521770917433409,10000.0,250.0,1.0,1.0,21.2875,1.4233147472673762e-11,9.871401182914891e-19,7.569042706080712e-29,2.9576382980816845e-31,2.274410748912257e-27,2.6688130855829424e-29,3.6050429789249225e-29,1.280470490979156e-27,1.0000004196850043e-30,9.999980970538483e-31,9.999978951555349e-31,1.0587898513468919e-26,7.328540433538705e-26,3.065876638299061e-30,4.9202128966182326e-26,9.999184029015627e-31,9.99999999721961e-31,9.99990652488583e-31,1.000133707078775e-30,9.999982965304792e-31,9.999999999567297e-31,9.630823572475646e-31,1.8492033869395226e-19,9.63890987978727e-21,1.518082641184473e-17,7.189957391405901e-21,9.999994907280945e-31,1.2545408602426631e-29,4.8225888866124955e-26,8.568059444606931e-19,1.000009348110175e-30,9.999986016109738e-31,1.3817804060945278e-27,1.197845610683183e-22,5.586595148919528e-28,2.0170860165287648e-23,1.2796923062898894e-24,3.575834447575113e-32,2.435824542584815e-23,9.993050878289325e-31,1.3117413392353278e-40,1.445402460276363e-13,2.177902744081408e-25,0.00014999997028084785,8.538273750904038e-16,1.4999993691587282e-07,2.7849963177918092e-08,6.581119813200474e-18,2.671488196602333e-10,3.890882947728785e-10,5.0678503122452415e-12,0.4999999995129253,5.761671644989252e-13,2.5827629674985146e-30,3.4875066800733e-17,5.489773701700008e-25,9.555900023681327e-23,1.5106568458813944e-22,2.5484732373693963e-23,3.89168315584057e-22,1.1879953920610475e-21,4.4958388316887845e-30,0.00010749990457944085,1.5669793784467534e-14,8.749978481388234e-06,3.0250262485698402e-12,9.999991583034064e-31,2.511028702407022e-21,9.999995794897174e-31,2.0317953106280672e-10,3.536283591761044e-11,1.7797191037727993e-12,1.0369650824959635e-30,1.417931943967407e-30,5.739895199703964e-40,1.2949979656361185e-07,1.6088976650315724e-17,5.886291273777088e-14,3.2479564953934075e-24,9.714304071120804e-12,1.3330269620268963e-14,1.0000000244356227e-30,6.640264117577546e-15,7.345880620243867e-15,2.1611152180715485e-30,8.38884781928242e-31,2.1600786565641403e-43,1.7123198254561047e-17,3.418167123792442e-30,4.1705699545851515e-23,1.4980315086668193e-24,7.587290171526951e-30,5.8433180806752235e-12,1.6489542380101613e-13,8.378432459246266e-12,1.272660734986198e-14,7.899745477690201e-27,7.039926688985551e-18,1.5027209608216482e-13,9.999998847627795e-31,1.0000001152372207e-30,8.714378881217629e-13,6.558729152710194e-24,1.9999997980863116e-05,1.9330497816433823e-35,1.583417327456411e-12,5.776315048381472e-23,4.626140442040681e-14,7.413970574493154e-24,1.4402577828383847e-13,4.228277212351601e-22,9.999983800221861e-31,3.124996934074537e-07,3.8945807305399123e-14,7.73256429679895e-14,2.239774970948889e-19,1.212513658738834e-25,1.000076849397754e-30,1.1214194459534624e-22,2.997763393729988e-22,2.1773225221176932e-11,2.6616209524941705e-22,6.948227713150876e-21,2.436271579734781e-24,9.999998879708742e-31,2.69690055159644e-30,8.638128218525766e-23,6.061187893120942e-17,6.470013111361118e-24,1.4692217348698848e-22,6.004109188787391e-11,4.904834027809374e-21,1.3040037673154643e-11,5.439865119607489e-15,3.024646534351642e-21,1.0379562780394062e-15,1.0385839632661272e-30,9.89251245842071e-31,1.0000192733037487e-30,9.999875223657224e-31,1.0000093554991767e-30,9.999812852190852e-31,9.999991581177165e-31,9.999812852190658e-31,1.0000198405748842e-30,9.604635147306595e-31,1.0000092492740271e-30,9.99969536100483e-31,1.0007870206036585e-30,9.999886801270544e-31,1.1906216508744882e-30,8.277429157214998e-40,1.8085897978340176e-30,1.000928744857427e-30,4.973320629893156e-40,2.06367999032994e-30,1.002188178581516e-30,9.999873656880738e-31,9.449537607762606e-31,1.5299975671299782e-06,3.9055386959585675e-13,1.85999694569834e-06,7.935883747727649e-14
61664292.40555029,1.9553618850060341,10000.0,250.0,1.0,1.0,21.2875,2.0574274615968475e-11,2.0163505671166546e-18,2.9918408556972684e-28,8.18893841820376e-31,9.887089498936558e-27,1.0911986804129118e-28,2.260120094752387e-28,7.641448172429948e-27,1.0000006033048859e-30,9.999972754260058e-31,9.99996954063379e-31,4.627338252980935e-26,2.0658819875557082e-25,5.33131409701225e-30,1.3915327833228807e-25,9.998701506581323e-31,9.999999994185653e-31,9.999804619334176e-31,1.0006510222537218e-30,9.99997536834244e-31,9.9999999990951e-31,9.47045932438663e-31,7.683862028839037e-19,1.8390161745641966e-20,3.174923359969408e-17,1.3742471413678662e-20,9.999992640760577e-31,1.023922888706168e-28,2.9348875922058866e-25,2.425979428502433e-18,1.0000195393183507e-30,9.999978903414586e-31,1.2127207681687597e-26,4.982896019112985e-22,3.42479631608102e-27,8.390727933370693e-23,7.638454066076876e-24,2.3485787992543532e-31,9.90138847919565e-23,9.990322782443345e-31,1.3124823644100427e-40,2.0892695163269992e-13,3.1526428046269364e-25,0.00014999994951029504,8.53827228489042e-16,1.4999990278656767e-07,2.784994278089315e-08,7.719464377898002e-18,3.8631708160031907e-10,5.64006633303497e-10,6.7743741441078846e-12,0.4999999993216946,5.761671635840686e-13,2.4151805934766685e-30,7.291026274439321e-17,2.284502739604511e-24,2.659442347446932e-22,4.273570809357792e-22,1.5357913907509013e-22,1.6886186200103075e-21,4.916853217217914e-21,2.219315481752833e-29,0.00010749984413461455,1.853209824788434e-14,8.749967811034166e-06,4.360802955817244e-12,9.999987808041943e-31,1.0695414688460769e-20,9.999993909710493e-31,2.672393059502664e-10,6.902665325124517e-11,3.601341838034306e-12,1.053040988409368e-30,1.5857871274445672e-30,7.032040023924152e-40,1.294996721905283e-07,2.1374588364727837e-17,1.1881069914030497e-13,1.3320029930090932e-23,1.8635761731311894e-11,2.550132550927389e-14,1.0000033595206364e-30,1.388221407675962e-14,1.4653055435896035e-14,2.2243476054320106e-30,7.756523945677716e-31,2.2240333773826296e-43,5.041059710061128e-17,1.595594034887454e-29,1.2611909830168636e-22,4.2675641614317065e-24,3.903462137065171e-29,1.1378966972897048e-11,3.155213041109835e-13,1.2160264484718595e-11,2.4019218127632242e-14,7.063374823536663e-26,1.8890545663338228e-17,2.9677617261160523e-13,9.999998016030686e-31,1.0000001983969316e-30,1.2601748859757712e-12,9.503871813726593e-24,1.9999996353837027e-05,2.8710070568746524e-35,3.0160733372462317e-12,1.2075715956360825e-22,6.690079996702741e-14,1.120269678574201e-23,2.082793633004273e-13,6.893813207856951e-22,9.999976573781393e-31,3.124995116079806e-07,5.6204269071945476e-14,1.5693858898112843e-13,4.687939698300349e-19,2.8859025015310845e-25,1.0004888573937878e-30,3.3998067556827325e-22,9.05628278133598e-22,3.1486370518136905e-11,4.0650970174988275e-22,2.097401737104157e-20,5.925425099398993e-24,9.999998342062453e-31,1.0780334347988864e-29,2.6112748688179014e-22,1.267425221639606e-16,1.972999466538305e-23,6.015456957561149e-22,8.681818513736997e-11,9.247459934391719e-21,1.885737598674245e-11,9.817787846891468e-15,1.1106808453908795e-20,2.1815070036640388e-15,1.0553373250755563e-30,9.841690675602204e-31,1.0000399430868413e-30,9.999739071174179e-31,1.000019563982435e-30,9.9996086452456e-31,9.99998780415884e-31,9.999608645244837e-31,1.0000407454533318e-30,9.433272593188067e-31,1.0000193426552115e-30,9.999358761646142e-31,1.0008045909094468e-30,9.99971528093684e-31,1.2698763790428806e-30,1.092278181768977e-39,1.7293167636225116e-30,1.0013676137097517e-30,7.068672185109628e-40,2.091375438984716e-30,1.0031560630689186e-30,9.9997357893744e-31,9.213751109810915e-31,1.5299964013674682e-06,5.677754002166419e-13,1.8599955180552376e-06,9.999651263905e-14
89171756.99243912,2.8276178650570496,10000.0,250.0,1.0,1.0,21.2875,2.973529893397962e-11,4.0777263962085766e-18,1.522859049968471e-27,2.1835527444521836e-30,4.2920544832925896e-26,4.331624854724534e-28,1.4536057012240955e-27,4.4474587913609406e-26,1.0000008652552172e-30,9.999961099810353e-31,9.999955908146955e-31,2.0219821432240686e-25,5.653382050929714e-25,1.0071610085568965e-29,3.8265634931295017e-25,9.997888127328656e-31,9.999999987840964e-31,9.999591675622559e-31,1.0040800254832332e-30,9.999964384615693e-31,9.999999998107623e-31,9.24315658114761e-31,3.160541166667701e-18,3.3838205645406244e-20,6.643905115077839e-17,2.531736966137578e-20,9.999989379748416e-31,8.711883094263209e-28,1.7778890324654866e-24,6.667942642835199e-18,1.0000408350544035e-30,9.99996793613116e-31,1.0407456531595266e-25,2.020922196339175e-21,2.0632391278739534e-26,3.4029746887266873e-22,4.4201257663833963e-23,1.4530589579686643e-30,3.883640397942333e-22,9.986699236252735e-31,1.3132978309496004e-40,3.019379250080512e-13,4.560723106381758e-25,0.00014999991414623627,8.538269865878647e-16,1.4999984966499024e-07,2.7849909615010978e-08,9.057547123861765e-18,5.586377848597349e-10,8.178700097164537e-10,8.780331466531415e-12,0.49999999906566844,5.761671623366462e-13,2.191845341736079e-30,1.5240935284339627e-16,9.270981080704483e-24,7.14180342347724e-22,1.173084826082589e-21,9.187233227674894e-22,7.306030246047169e-21,1.987169111562388e-20,1.2766339430619916e-28,0.0001074997422417797,2.1896647751954052e-14,8.749951377316219e-06,6.270031235962076e-12,9.999982332154837e-31,4.50818970532604e-20,9.999991175981054e-31,3.3892852327741936e-10,1.32196806562904e-10,7.20154588689622e-12,1.0759734840234426e-30,1.80948473365137e-30,8.559713419441326e-40,1.2949946109339054e-07,2.7587681714023802e-17,2.3679419574046206e-13,5.306282704757398e-23,3.462797604163233e-11,4.704430248767566e-14,1.0000343629090313e-30,2.901892667472021e-14,2.895149034513265e-14,2.3074527327421696e-30,6.925472672576064e-31,2.307969737216323e-43,1.468260890362536e-16,9.261999649841119e-29,3.8139401902717367e-22,1.2189559696838991e-23,2.166681576207469e-28,2.1624833904981185e-11,5.833798082465625e-13,1.7677018667492973e-11,4.48044293426578e-14,6.255903127478774e-25,5.0782813717599006e-17,5.729718117932541e-13,9.99999650875998e-31,1.0000003491240022e-30,1.8223283337926506e-12,1.3762848889024464e-23,1.999999355980397e-05,5.007731248651303e-35,5.529023661049939e-12,2.5241810019610092e-22,9.675512412146955e-14,1.700224162448519e-23,3.0120351665854156e-13,1.12686784645483e-21,9.999966123867353e-31,3.124992059573107e-07,8.084508115768315e-14,3.1510197020369285e-13,9.81597980144651e-19,6.993154111846721e-25,1.0030957207663098e-30,1.0318683551099226e-21,2.7321350219778307e-21,4.5532850565919417e-11,6.24355320823442e-22,6.339697087429175e-20,1.4545305200289518e-23,9.999997526438549e-31,4.152164373386847e-29,7.892669430031177e-22,2.6502076208650083e-16,6.030237557710827e-23,2.3841910557638128e-21,1.255352788491917e-10,1.6915912911521882e-20,2.7270351409409486e-11,1.7767199220965025e-14,4.154972982471656e-20,4.591146486937931e-15,1.0790791073976277e-30,9.768662011020158e-31,1.0000830050166454e-30,9.999454356584858e-31,1.0000409113281404e-30,9.99918162731457e-31,9.999982324034528e-31,9.999181627311582e-31,1.0000841335267304e-30,9.190780488574845e-31,1.000040452311851e-30,9.998652954485834e-31,1.0008395642586053e-30,9.99933520764e-31,1.378391874084762e-30,1.3902276486062477e-39,1.6207651775639822e-30,1.002026682096542e-30,9.959486426091434e-40,2.130331528980414e-30,1.0045470295560684e-30,9.999447482974813e-31,8.883036059002237e-31,1.529994650973841e-06,8.262930557779464e-13,1.8599934092505016e-06,1.211523608146067e-13
128949866.03953806,4.088973428448061,10000.0,250.0,1.0,1.0,21.2875,4.2964572756017724e-11,8.132489320895273e-18,9.842046526194003e-27,5.558239940840371e-30,1.8605995311387013e-25,1.6564985765621567e-27,9.412604379820536e-27,2.5029694666130853e-25,1.0000012370923643e-30,9.99994503565736e-31,9.999936145287125e-31,8.83250435184794e-25,1.4894785566963503e-24,1.9984073121008637e-29,1.0155286573673257e-24,9.99656580787519e-31,9.999999974572531e-31,9.999146783239535e-31,1.0337152703466167e-30,9.999948505650771e-31,9.999999996042643e-31,8.923843313473485e-31,1.2804849450342067e-17,5.950416390715074e-20,1.392776889652536e-16,4.4557064792262547e-20,9.99998493944377e-31,7.258307503363501e-27,1.0677307241165915e-23,1.765635751615903e-17,1.000085327144911e-30,9.999951036663791e-31,8.679885215848802e-25,7.93991315048401e-21,1.2154366843087527e-25,1.3369388364973764e-21,2.457239871257483e-22,8.427184284736749e-30,1.453877019238029e-21,9.981988918341382e-31,1.3140630217334866e-40,4.3623871151853857e-13,6.593889969614277e-25,0.0001499998558416597,8.538265968113684e-16,1.4999976874136882e-07,2.784985492119593e-08,1.0492777880487158e-17,8.078044143919155e-10,1.1864885558489745e-09,1.0931923354775052e-11,0.4999999987267418,5.761671606515239e-13,1.904826275962909e-30,3.1853804432125456e-16,3.6462096072203916e-23,1.8301662851821812e-21,3.100179413589087e-21,5.4288645430195375e-21,3.1517372876738156e-20,7.788668563897765e-20,7.46211916285467e-28,0.00010749957184652704,2.5505489483986245e-14,8.749925748370445e-06,8.973375736710882e-12,9.999974386096285e-31,1.8770605351059256e-19,9.999987210874663e-31,4.105793730670542e-10,2.4659980765457604e-10,1.420870485734332e-11,1.1091576088460285e-30,2.0969748310491186e-30,1.022452479597504e-39,1.29499098203735e-07,3.425192244461506e-17,4.651010019333756e-13,2.035190763695765e-22,6.159109336897135e-11,8.261195440061837e-14,1.0002964278351277e-30,6.064995819087713e-14,5.648657153351021e-14,2.4121365024303496e-30,5.87863497569414e-31,2.4134833275598806e-43,4.22139482619136e-16,5.557226385851806e-28,1.1534173707509144e-21,3.4641525152659745e-23,1.188504566866768e-27,3.977734863835054e-11,1.0316391977157979e-12,2.5753551890007384e-11,8.165987410903473e-14,5.477686625258065e-24,1.3531731502306857e-16,1.0748821301299968e-12,9.999993760074135e-31,1.0000006239925867e-30,2.6352752397236725e-12,1.992188215373714e-23,1.9999989060897825e-05,9.79883854524528e-35,9.621434460259675e-12,5.275360421353994e-22,1.3995548830707747e-13,2.581972136365637e-23,4.3560093521146127e-13,1.8303585367695758e-21,9.999951013405994e-31,3.1249868361611563e-07,1.1555072970215336e-13,6.250163880861945e-13,2.056539109516727e-18,1.716755095783905e-24,1.019583962500443e-30,3.136762201593005e-21,8.220020780507055e-21,6.584618006987928e-11,9.593207600718127e-22,1.917962779466997e-19,3.5648532735195355e-23,9.999996301716185e-31,1.5267142008278617e-28,2.385139499199843e-21,5.541566804372022e-16,1.8472773748986725e-22,9.059414055543612e-21,1.8151917045633381e-10,2.9711385308484977e-20,3.9437822691041235e-11,3.187648655279133e-14,1.570677764399006e-19,9.674818729320557e-15,1.112427252626238e-30,9.664018906153693e-31,1.000172815313238e-30,9.998858997123505e-31,1.0000855496181428e-30,9.998288730826768e-31,9.999974369115068e-31,9.998288730815363e-31,1.000174392570125e-30,8.850937009429568e-31,1.0000846013722732e-30,9.997174221886504e-31,1.0009073610825114e-30,9.99850954403574e-31,1.5233995347724187e-30,1.6912504554001825e-39,1.4756879992674132e-30,1.003031230979253e-30,1.3899497256871537e-39,2.184455297897358e-30,1.0065409077788645e-30,9.998844600291658e-31,8.42544821585703e-31,1.5299920179972465e-06,1.2033182906064186e-12,1.8599903037546645e-06,1.4080301586392127e-13
186472359.7744598,5.912999739169831,10000.0,250.0,1.0,1.0,21.2875,6.205693122883478e-11,1.591244965814389e-17,7.314615610972122e-26,1.340972788968531e-29,8.064300471906315e-25,6.055052695954949e-27,6.109376792672494e-26,1.350782084349422e-24,1.0000017613845046e-30,9.999936482707226e-31,9.9999074638043e-31,3.856388828953021e-24,3.746280832036184e-24,4.069847774188971e-29,2.582246224160573e-24,9.995070912558763e-31,9.999999946823581e-31,9.998217459110858e-31,1.3403698072859244e-30,9.99992555257561e-31,9.999999991724286e-31,8.481045476984015e-31,5.087166661959629e-17,9.92675587746489e-20,2.9343149228227734e-16,7.437245106231018e-20,9.999984368449038e-31,5.841913504692011e-26,6.332161894813895e-23,4.469766785676814e-17,1.000178265516359e-30,9.999925217434472e-31,6.98718548737594e-24,3.000208449942793e-20,6.968552960459532e-25,5.051569915338323e-21,1.2972881218740461e-21,4.544840012513924e-29,5.125834224931224e-21,9.975931582922777e-31,1.3145669802158128e-40,6.300417704439132e-13,9.527872025373416e-25,0.00014999976448123103,8.538259945573501e-16,1.4999965040962973e-07,2.784976369702914e-08,1.1842521661985417e-17,1.168037512956058e-09,1.7218253715804608e-09,1.295534479609704e-11,0.49999999827830927,5.761671583813652e-13,1.5548000472739078e-30,6.655873341296499e-16,1.380254096611246e-22,4.419636639116444e-21,7.824909853249967e-21,3.1540815889731285e-20,1.3559274961750752e-19,2.938363778781607e-19,4.321225275142407e-27,0.00010749929250171355,2.889938942497839e-14,8.749885270028328e-06,1.2740925097080932e-11,9.999962855546026e-31,7.71261120223054e-19,9.999981460882206e-31,4.714748062763517e-10,4.449612235894198e-10,2.765832303254032e-11,1.1613687491122205e-30,2.4476067931169412e-30,1.1854425394659873e-39,1.2949846881221753e-07,4.051926900800911e-17,8.999090584767664e-13,7.438042047317559e-22,1.034424756310115e-10,1.3596501774811742e-13,1.0024060609677563e-30,1.26728246323456e-13,1.086849549274993e-13,2.5361745865423204e-30,4.638254134574319e-31,2.538129079441632e-43,1.1960860860675824e-15,3.31413978082323e-27,3.4885716444673434e-21,9.704654442059337e-23,6.297530914852134e-27,7.023078244449518e-11,1.7244794512223631e-12,3.763478653489076e-11,1.4364731137786236e-13,4.735003865838462e-23,3.533533154826276e-16,1.9480573448601846e-12,9.999988761657696e-31,1.0000011238342304e-30,3.8109516822242015e-12,2.882901864080177e-23,1.9999982461489312e-05,2.035050881105989e-34,1.5632928849263452e-11,1.1022537791601592e-21,2.0252150924075523e-13,3.901304623820003e-23,6.300124423035147e-13,2.927161937924416e-21,9.9999291702077e-31,3.124977789777481e-07,1.6328452842694284e-13,1.2247460003373408e-12,4.312255801834204e-18,4.243126728838389e-24,1.1238710085056744e-30,9.556591575777264e-21,2.4607388739866185e-20,9.522304177726313e-11,1.463942746329596e-21,5.804786841725824e-19,8.614163798523295e-23,9.999994802915384e-31,5.318031348961878e-28,7.206190270235883e-21,1.1587553658233625e-15,5.6699165395806515e-22,3.261558737068943e-20,2.624888032013633e-10,4.9674870724789095e-20,5.70371199296137e-11,5.6041377460092746e-14,5.941603996778677e-19,2.040472404631998e-14,1.1586797448393394e-30,9.51468605831087e-31,1.00036025249135e-30,9.997614160226968e-31,1.0001788803819755e-30,9.99642188510303e-31,9.999962820034586e-31,9.996421885061204e-31,1.0003624361925948e-30,8.38127640641175e-31,1.0001769276309127e-30,9.994078296347456e-31,1.001034025397993e-30,9.996738648218717e-31,1.7104795212830974e-30,1.9521635715996167e-39,1.2884786628654084e-30,1.0045926236367392e-30,1.92083738984865e-39,2.258325025642694e-30,1.0093890763405404e-30,9.997584004635995e-31,7.804662569010747e-31,1.5299880675657055e-06,1.7519702090626271e-12,1.8599857681304183e-06,1.5712502395515387e-13
269654727.28132844,8.550695309529694,10000.0,250.0,1.0,1.0,21.2875,8.958622496904533e-11,3.0350154790990224e-17,5.721067726167356e-25,3.062084059553383e-29,3.508916513092661e-24,2.1038593527042115e-26,3.9669551790287676e-25,6.938700753334105e-24,1.0000024937190922e-30,1.0000327613340101e-30,9.999865773222218e-31,1.682565973518083e-23,8.93775841758108e-24,8.395256022224186e-29,6.2623156517479895e-24,9.998950881324695e-31,9.99999988878664e-31,9.99627660108776e-31,4.769139196591745e-30,9.999892379780834e-31,9.999999982693441e-31,7.878417899755169e-31,1.975673731238359e-16,1.5687754763377272e-19,6.264553417193444e-16,1.1757518403759522e-19,1.0000103865595848e-30,4.508177684944342e-25,3.695838564211969e-22,1.0760163445061037e-16,1.0003723637684329e-30,9.999886378052676e-31,5.392380589156072e-23,1.0833395312850821e-19,3.873107728987054e-24,1.8239221073217633e-20,6.420557614923303e-21,2.2578203585062547e-28,1.6780050500006224e-20,9.967956026187997e-31,1.3145291179377104e-40,9.094967842684613e-13,1.3758580115806736e-24,0.00014999963063087104,8.538251163806057e-16,1.4999948746174128e-07,2.7849609859773576e-08,1.2894077980874164e-17,1.6886815110008671e-09,2.4991238078573207e-09,1.4531699032692623e-11,0.4999999976755501,5.761671553009773e-13,1.1590006928767088e-30,1.3902586010223238e-15,5.000320042327698e-22,9.940195402831824e-21,1.8752059702383098e-20,1.7948734681766426e-19,5.82057755527242e-19,1.0599463050938596e-18,2.4802767963296208e-26,0.00010749884758076613,3.1543484770249646e-14,8.749820436984884e-06,1.7860282919075672e-11,9.999946131934235e-31,3.1301193533794742e-18,9.999973129182694e-31,5.125287527232617e-10,7.726690130005101e-10,5.325717213573627e-11,1.271775371236796e-30,2.8442037030476177e-30,1.3254471352259037e-39,1.29497367756489e-07,4.5401983129146046e-17,1.7193607675361348e-12,2.5640260837909592e-21,1.6177377360912306e-10,2.0627388887857875e-13,1.0186480570121257e-30,2.647053195296599e-13,2.0655372350148646e-13,2.6707536764457592e-30,3.2924632355398126e-31,2.6727746143086634e-43,3.3397829127147187e-15,1.9506113348760164e-26,1.0554133065963769e-20,2.6490800450046236e-22,3.2037310202150023e-26,1.1822863267744546e-10,2.6914054464682473e-12,5.522206061971522e-11,2.4094497275694904e-13,4.0405465649086292e-22,8.939627064373025e-16,3.3980193567151226e-12,9.999979775724814e-31,1.0000020224275188e-30,5.511343977678666e-12,4.171149447931722e-23,1.999997394087735e-05,4.31206880427771e-34,2.330310064403456e-11,2.3024191353417994e-21,2.932843293501656e-13,5.83256606064114e-23,9.113425882225791e-13,4.58189256589042e-21,9.999897642337808e-31,3.124961917127531e-07,2.2645491030258806e-13,2.376506538028817e-12,9.053144108334524e-18,1.050678716037671e-23,1.7836094137218194e-30,2.9204547584352283e-20,7.303114388868615e-20,1.377095847552779e-10,2.2034413291627084e-21,1.7566823795980064e-18,2.0279101857442578e-22,9.999996815413658e-31,1.7522600353886295e-27,2.1767330833209802e-20,2.4232216092652945e-15,1.742669901144634e-21,1.0986666177170665e-19,3.7967593664029007e-10,7.881577236340938e-20,8.249753757683708e-11,9.555822458037702e-14,2.2260752816473987e-18,4.3029265904229996e-14,1.221692218318485e-30,9.30283128424774e-31,1.0007515594907894e-30,9.995011838101182e-31,1.0003739706493572e-30,9.992519692285538e-31,9.999946057671065e-31,9.99251969213898e-31,1.000754511667913e-30,7.745216253480804e-31,1.000369957725394e-30,9.987601307241733e-31,1.0012585770013663e-30,9.992972870208812e-31,1.9398995439957476e-30,2.135338020135684e-39,1.0588298490950034e-30,1.0070806315755683e-30,2.629863592474071e-39,2.3565838118990837e-30,1.0134388109580606e-30,9.994948675755797e-31,6.9861247282659365e-31,1.5299821824963744e-06,2.5464545465386406e-12,1.8599792308063474e-06,1.6886245256919792e-13
389943432.0084529,12.365025114423291,10000.0,250.0,1.0,1.0,21.2875,1.292294928682128e-10,5.60136715357945e-17,4.498090450463802e-24,6.674871893101587e-29,1.549284446644111e-23,6.94649616857266e-26,2.5797532207624018e-24,3.3782287542994573e-23,1.0000035022393766e-30,1.0011237956953733e-30,9.99980503619422e-31,7.333655818439997e-23,2.019934193782358e-23,1.7418175899993358e-28,1.4501082875780963e-23,1.0052161398150082e-30,9.999999767387631e-31,9.992224446914156e-31,4.3767980525403963e-29,9.999844449307807e-31,9.999999963806677e-31,7.080264177158073e-31,7.493289601839825e-16,2.3685869152295884e-19,1.3821497514323786e-15,1.775573256230335e-19,1.0002592237670941e-30,3.319164736429993e-24,2.118463889740196e-21,2.463192353834598e-16,1.0007776054211473e-30,9.999829007213942e-31,3.97054883750555e-22,3.7255754348318757e-19,2.0837360135946738e-23,6.271638172061204e-20,2.9431011946993153e-20,1.0266762461752515e-27,5.041236838446654e-20,9.95654098478972e-31,1.313626800706794e-40,1.3121375864056745e-12,1.9854320856552936e-24,0.00014999944873346748,8.538239169855277e-16,1.4999927837091562e-07,2.7849346577112344e-08,1.3520596248692529e-17,2.440635906758853e-09,3.6274351574864707e-09,1.5470754028734935e-11,0.4999999968420713,5.761671510564448e-13,7.5756962068165425e-31,2.9024494074969784e-15,1.7305325810377854e-21,2.0672237471681457e-20,4.263349229562007e-20,9.983697894906685e-19,2.494056559050443e-18,3.643316776916173e-18,1.4224447969159235e-25,0.00010749816123040654,3.311872642718534e-14,8.749714723986299e-06,2.4555945194249213e-11,9.999921899079725e-31,1.259223277075815e-17,9.999961073069865e-31,5.324359754758416e-10,1.2890587207134296e-09,1.0201125548281907e-10,1.6707959984519327e-30,3.2467762792779995e-30,1.4300405652153321e-39,1.2949541590635123e-07,4.8310789083152794e-17,3.2626909578392398e-12,8.278256923701321e-21,2.329252325737406e-10,2.8436289557858177e-13,1.1381396983119045e-30,5.526238577199308e-13,3.8967355041543296e-13,2.799416379534484e-30,2.005836204652431e-31,2.8006803651493117e-43,9.215025511522499e-15,1.1336339065799472e-25,3.19483580038161e-20,6.944461859139379e-22,1.5698293790331317e-25,1.8924891951776538e-10,3.8784295471732995e-12,8.145429090386097e-11,3.814309452193849e-13,3.411245900392252e-21,2.168714692026664e-15,5.705716835437381e-12,9.999963933453675e-31,1.0000036066546327e-30,7.970972483030505e-12,6.034607679752838e-23,1.9999964604831787e-05,9.136857056149394e-34,3.140861650894122e-11,4.807966095987297e-21,4.2531250296797297e-13,8.606830766191303e-23,1.3188357395725562e-12,7.022778348842942e-21,9.999852480959048e-31,3.124933606727341e-07,3.05340059905925e-13,4.589049263724438e-12,1.903960956259144e-17,2.6056258000165618e-23,5.9592441761553465e-30,8.961248694067042e-20,2.137711783801212e-19,1.9916274520336325e-10,3.261203734560638e-21,5.3141699658434104e-18,4.613979260562136e-22,1.0000041190594127e-30,5.512629411101465e-27,6.574871257533497e-20,5.069092988603988e-15,5.361215824085745e-21,3.425833903879752e-19,5.495800229046534e-10,1.1948759162228663e-19,1.193411869409718e-10,1.5699150633299363e-13,8.182118685031305e-18,9.058764620336968e-14,1.3054229727614389e-30,9.004829141654376e-31,1.0015683505807158e-30,9.989574067513529e-31,1.0007815491675373e-30,9.984367498161857e-31,9.999921743773122e-31,9.984367497673224e-31,1.0015720403743545e-30,6.9086700060167035e-31,1.0007733108384742e-30,9.974064858073819e-31,1.0016278158433669e-30,9.985014112350007e-31,2.2013903178933063e-30,2.23356878553908e-39,7.969631018976577e-31,1.0111659140316483e-30,3.5707756665031307e-39,2.4825098508739362e-30,1.0191636757047829e-30,9.989441795946738e-31,5.950399148051108e-31,1.529973501207706e-06,3.6879158755751865e-12,1.859969946518341e-06,1.756052136436463e-13
563891023.5305918,17.88086705766717,10000.0,250.0,1.0,1.0,21.2875,1.8621082080916403e-10,9.931033975555734e-17,3.490971679349622e-23,1.4127454971647215e-28,7.114291241440978e-23,2.1932929112944083e-25,1.696387995876509e-23,1.560174578843318e-22,1.0000048592754585e-30,1.0265866111779852e-30,9.999716266544195e-31,3.191752606960064e-22,4.3464838121726533e-23,3.6215245874647047e-28,3.2326296291872187e-23,1.0454157100044914e-30,9.99999951339779e-31,9.983770073104924e-31,4.835623254086577e-28,9.999775221396482e-31,9.999999924304417e-31,6.064053505506304e-31,2.777624953819915e-15,3.4740326660836153e-19,3.2814974131529952e-15,2.6046540374332073e-19,1.0047931439683742e-30,2.3291269935740586e-23,1.1919276553273632e-20,5.397757710933653e-16,1.0016231049928209e-30,9.999745778030225e-31,2.7866490522530974e-21,1.2221168836716618e-18,1.088297421848113e-22,2.0568885908884344e-19,1.2398800453734093e-19,4.286059841745813e-27,1.383422940700731e-19,9.938088559828356e-31,1.3114378589714388e-40,1.8920912685408534e-12,2.8634722593108913e-24,0.0001499992176363586,8.538223702917801e-16,1.4999902598491782e-07,2.7848886532793286e-08,1.3776025757766285e-17,3.5249941391746864e-09,5.266095894705026e-09,1.585326787094153e-11,0.4999999956586441,5.761671451144666e-13,4.093243407679773e-31,6.054992567784528e-15,5.750875711367836e-21,3.9792458130652233e-20,9.247046852007347e-20,5.427271709886378e-18,1.066086932935e-17,1.1951855373623803e-17,8.224935993337584e-25,0.00010749713280537576,3.376060558993122e-14,8.749538267427411e-06,3.284613504308376e-11,9.999886820663458e-31,5.0502175063086924e-17,9.999943656340921e-31,5.384802122717578e-10,2.0699958384900763e-09,1.9569560015173013e-10,3.862774363748253e-30,3.596866801619225e-30,1.4988456768908135e-39,1.2949188598760371e-07,4.949567115753339e-17,6.196603329269906e-12,2.5037465823849333e-20,3.0726364671068906e-10,3.5382200955212525e-13,1.981368581824065e-30,1.1528560148782052e-12,7.346218460053127e-13,2.9020369443765363e-30,9.796305562318232e-32,2.901755998576504e-43,2.5264151819193385e-14,6.534941911991e-25,9.682858688930804e-20,1.7182196366156757e-21,7.48611587704597e-25,2.8871109473342693e-10,5.1229450023760654e-12,1.2092844222950285e-10,5.662433030687868e-13,2.862128901654219e-20,5.006263114474304e-15,9.264294228864016e-12,9.999936751119406e-31,1.0000063248880594e-30,1.1529503378284858e-11,8.730613773172248e-23,1.999995613395513e-05,1.9258845540184114e-33,3.809833540858129e-11,1.0039520535791552e-20,6.180922292899455e-13,1.2569723592589944e-22,1.910529142000279e-12,1.0601717620836958e-20,9.999790177288405e-31,3.124882038724387e-07,3.961197173975383e-13,8.871208438200116e-12,4.014418531915528e-17,6.513043256544948e-23,3.24152161572288e-29,2.7641594492747893e-19,6.130127672549717e-19,2.8807013254745224e-10,4.761140740713355e-21,1.6075340881668747e-17,1.013595824755066e-21,1.000046605677711e-30,1.6877494488751955e-26,1.9870624739671306e-19,1.0612688312648107e-14,1.6514310530905112e-20,9.832228504713373e-19,7.969316345687426e-10,1.7594564959913375e-19,1.726848958777109e-10,2.483002176204411e-13,2.929260750290583e-17,1.900083331823904e-13,1.4129855765143918e-30,8.590779025486714e-31,1.0032717443325709e-30,9.978222100583268e-31,1.0016320618555848e-30,9.967356263470396e-31,9.999886495853665e-31,9.96735626191263e-31,1.0032750789776292e-30,5.854127332502248e-31,1.0016151589480555e-30,9.945826097827297e-31,1.0021726551104197e-30,9.968277621447494e-31,2.4696146849882642e-30,2.2742726540182927e-39,5.281832176464635e-31,1.0181042193284349e-30,4.809361264947211e-39,2.63540334169366e-30,1.0272035042734921e-30,9.977945225828281e-31,4.7156674112210855e-31,1.529960819925138e-06,5.310975776260506e-12,1.8599568916608597e-06,1.7829887012417968e-13
815433881.7315582,25.857238766221403,10000.0,250.0,1.0,1.0,21.2875,2.6789214923560256e-10,1.68287008418845e-16,2.656147079200599e-22,2.9512041182476687e-28,3.5556367405361457e-22,6.6864873518543055e-25,1.1582695059957304e-22,6.8685173075248665e-22,1.000006612780554e-30,1.5589482846870356e-30,9.999585933331016e-31,1.3861664646679165e-21,8.980961014129093e-23,7.531037712484154e-28,7.0222842287508e-23,1.3118792859603003e-30,9.99999898180244e-31,9.966160579874308e-31,5.3545648065144364e-27,9.999675285542012e-31,9.999999841671672e-31,4.842611779759061e-31,1.0060378497791282e-14,5.026470982582896e-19,8.923645679770588e-15,3.76923599933854e-19,1.0826927161240576e-30,1.5625970005672797e-22,6.584091837478352e-20,1.1438600174444104e-15,1.0033843776535525e-30,9.999634208058062e-31,1.870025089931679e-20,3.846026480225143e-18,5.559550606148245e-22,6.470813426256028e-19,4.799403026368859e-19,1.6698685730427135e-26,3.485153637111111e-19,9.9058962538791e-31,1.3072487815113625e-40,2.729071835826543e-12,4.13070182130934e-24,0.0001499989359388422,8.538204402131421e-16,1.499987294931413e-07,2.784806344384929e-08,1.3837539346232652e-17,5.083541785603052e-09,7.652239658567272e-09,1.594465465005969e-11,0.4999999939551802,5.761671367173956e-13,1.6780158411481072e-31,1.2618275572847228e-14,1.861257256683688e-20,7.159760772477418e-20,1.9300035541681556e-19,2.884350187874759e-17,4.5343056337794104e-17,3.764348341360766e-17,4.816008063986444e-24,0.00010749563023799295,3.3914354099510944e-14,8.749235661391113e-06,4.234811540482936e-11,9.999836077591891e-31,2.0302037852560588e-16,9.999918536454634e-31,5.393963341161707e-10,3.208877628799392e-09,3.776024000350552e-10,1.8644240447962953e-29,3.841608788828713e-30,1.5378675275008977e-39,1.2948535429587974e-07,4.977836466989894e-17,1.1847295615358015e-11,7.173897230288712e-20,3.731867794577721e-10,3.9992646702677465e-13,7.761871099241847e-30,2.4024559430143393e-12,1.3898864199506234e-12,2.9652467670268005e-30,3.475323297291181e-32,2.963185563894142e-43,6.92768789337116e-14,3.764775067083498e-24,2.9421290394439815e-19,3.937505382955919e-21,3.514994476106089e-24,4.219408638946171e-10,6.195790552085602e-12,1.8095290079765406e-10,7.864581115184024e-13,2.3986230053093736e-19,1.0951227057520178e-14,1.4639729249744183e-11,9.99989165337253e-31,1.0000108346627472e-30,1.6678997133531356e-11,1.2631961819709486e-22,1.9999949557664943e-05,4.048295035962274e-33,4.209534820879291e-11,2.0982584158830122e-20,9.008088700300972e-13,1.8273310765919446e-22,2.7754085862003876e-12,1.5866327782297994e-20,9.999720470833288e-31,3.124786035340499e-07,4.897405823907241e-13,1.723278370029274e-11,8.495597262885708e-17,1.6598352132133178e-22,2.0039854279962248e-28,8.582058169936883e-19,1.7083978778429522e-18,4.1675931191806526e-10,6.903695016486577e-21,4.8700829577411145e-17,2.1630179777404168e-21,1.0003987379344647e-30,5.1244035545631776e-26,6.018540381362759e-19,2.2262426813896422e-14,5.099836242907341e-20,2.5997913351541742e-18,1.1602667922548992e-09,2.5609741447515953e-19,2.499954353211276e-10,3.799207997348126e-13,1.0177049583521582e-16,3.9616330108619087e-13,1.5453225145704224e-30,8.0256294851934e-31,1.0068160254635966e-30,9.954571161360245e-31,1.0034024850278427e-30,9.93194623437076e-31,9.999835398206589e-31,9.931946229562501e-31,1.006813414053989e-30,4.60397312664493e-31,1.0033678629084732e-30,9.88712483760944e-31,1.0028603528571366e-30,9.93326225097916e-31,2.7060402372817806e-30,2.2914148978012255e-39,2.910532342000211e-31,1.030301417182477e-30,6.414545510077627e-39,2.8068483310929034e-30,1.0384293818587244e-30,9.953992047613124e-31,3.3652480399719517e-31,1.5299424557435246e-06,7.589514095706398e-12,1.8599385206891525e-06,1.7889320202702655e-13
1179186026.6059425,37.39174361383633,10000.0,250.0,1.0,1.0,21.2875,3.8452406242380993e-10,2.7241953166951927e-16,1.9693008246461962e-21,6.147930412419722e-28,2.039886075819398e-21,1.9818839473272392e-24,8.608992799572838e-22,2.8952020689972366e-21,1.0000087153538105e-30,1.1587354478529364e-29,9.999393339753948e-31,6.0016738294098184e-21,1.7929600016215174e-22,1.5651059875226043e-27,1.50194423355197e-22,2.9814245384195064e-30,9.999997868350484e-31,9.929652967960235e-31,5.80399979267605e-26,9.999531132950336e-31,9.999999668769101e-31,3.495280376877153e-31,3.540285323034426e-14,7.226363851164019e-19,2.9196649002978734e-14,5.420752514018261e-19,2.3739094682606925e-30,1.0067178450096095e-21,3.564934605098661e-19,2.3620691848410705e-15,1.0070403291735447e-30,9.999699206036815e-31,1.2053030190114627e-19,1.1678420745272011e-17,2.8035059824793012e-21,1.963673678447809e-18,1.7191794199757782e-18,6.237749295914081e-26,8.156512906974303e-19,9.850673999687352e-31,1.2999686076451115e-40,3.9483859075800105e-12,5.976915158632787e-24,0.00014999859544180015,8.538180409324848e-16,1.4999837844948967e-07,2.7846562118165524e-08,1.3845649771337062e-17,7.308064622204479e-09,1.1149916302870095e-08,1.5955266142013056e-11,0.4999999914954138,5.761671248366905e-13,4.60783745066815e-32,2.6255377120215743e-14,6.022425005954936e-20,1.2245829112955394e-19,3.897344599029998e-19,1.4947747203429905e-16,1.9087274959090295e-16,1.145539835478225e-16,2.849756190369762e-23,0.00010749349020319234,3.393289637092337e-14,8.748703630817751e-06,5.209970729551886e-11,9.99976269480457e-31,8.19599645416401e-16,9.999882368382053e-31,5.393858136985966e-10,4.804581710729893e-09,7.319807710362842e-10,1.351972775289101e-28,3.9688542238413346e-30,1.553277654387984e-39,1.294730457640651e-07,4.980965113022881e-17,2.2815017554007444e-11,1.9974308656955595e-19,4.241153355797885e-10,4.1984350875844844e-13,4.7233675570368847e-29,4.9987696156686275e-12,2.6333666801709086e-12,2.992234572285477e-30,7.765427714239184e-33,2.98890962012665e-43,1.9075790390848457e-13,2.186207783251745e-23,8.988540538064137e-19,8.217552586221002e-21,1.6372207884894923e-23,5.927845254931311e-10,6.909068074977105e-12,2.7359323764932826e-10,1.0211716149332726e-12,2.012511579617664e-18,2.2672277325622335e-14,2.2630223332445975e-11,9.999819474889145e-31,1.0000180525110857e-30,2.4132475782452872e-11,1.827885051317368e-22,1.9999944289214824e-05,8.51410287477503e-33,4.362703727171736e-11,4.4032501966237446e-20,1.3174008998022456e-12,2.6561437396277877e-22,4.062353547045964e-12,2.366306616335269e-20,9.999758295711348e-31,3.124604588464405e-07,5.734238366142294e-13,3.3596561811881375e-11,1.8077090302174046e-16,4.360812670904348e-22,1.2719267860644779e-27,2.686569003197902e-18,4.5853730946280005e-18,6.032120256157596e-10,9.995408303117413e-21,1.4826609671048136e-16,4.5236275980414315e-21,1.0031477669162664e-30,1.5605999732380263e-25,1.8344698503351468e-18,4.6903577910541514e-14,1.5813137274742188e-19,6.369890134391327e-18,1.7036603786345886e-09,3.7243951062893004e-19,3.62287008734717e-10,5.664664796320811e-13,3.4306309089437113e-16,8.187969873980346e-13,1.7005555120173514e-30,7.273793643423086e-31,1.0141535003144567e-30,9.905504392933418e-31,1.0070687235508069e-30,9.858618803292598e-31,9.999761273449754e-31,9.858618788735814e-31,1.0141215333255124e-30,3.248144665433806e-31,1.0069981372582423e-30,9.765974655488305e-31,1.0035528706596528e-30,9.860517648627271e-31,2.873698501984702e-30,2.3009722562887062e-39,1.2267675765933797e-31,1.0524086109477811e-30,8.445384684809762e-39,2.977027437228514e-30,1.0540859152888722e-30,9.904294652909584e-31,2.061413997508402e-31,1.5299161011801474e-06,1.0734151746352709e-11,1.8599123404013933e-06,1.7888627235118467e-13
1705202244.4665277,54.07160846228208,10000.0,250.0,1.0,1.0,21.2875,5.501243355323837e-10,4.234026514570629e-16,1.4054771615540383e-20,1.2893641164616733e-27,1.3576393437489665e-20,5.715268749715651e-24,7.290287559221492e-21,1.1672084629692833e-20,1.0000110374406176e-30,1.8155546277847524e-28,9.999106152247134e-31,2.5871172318967145e-20,3.4631934268373807e-22,3.253865308928774e-27,3.179934915363766e-22,1.3042994588974156e-29,9.999995532312987e-31,9.855418987587322e-31,6.091065012182838e-25,9.999323777723491e-31,9.999999306802038e-31,2.2079127160763043e-31,1.1919484718192146e-13,1.0340603887442161e-18,1.125765006314296e-13,7.76411190113396e-19,2.363768442258952e-29,6.2316660100569575e-21,1.8787575005487105e-18,4.761063249031688e-15,1.0145719200297573e-30,1.0005362744095832e-30,7.466498133306954e-19,3.4233766956860827e-17,1.40267096562923e-20,5.7501481786059525e-18,5.758135756296195e-18,2.2993267922977383e-25,1.7942316712802782e-18,9.762756722879495e-31,1.2883672545249326e-40,5.77939303079074e-12,8.749527557823583e-24,0.00014999817997579117,8.53815031712208e-16,1.4999796626188366e-07,2.7843802510866843e-08,1.384806505619423e-17,1.0437368790345629e-08,1.6345855697792485e-08,1.5956163705070596e-11,0.4999999879473501,5.761671082019418e-13,7.081453381782045e-33,5.450949831158788e-14,2.0474385669864332e-19,2.0426250869010695e-19,7.601628725932783e-19,7.482011183640092e-16,7.878837893001166e-16,3.374246410230199e-16,1.6947052602306094e-22,0.00010749052846590893,3.393566175379877e-14,8.747752879666941e-06,6.058741412082719e-11,9.9996565774686e-31,3.310278790238169e-15,9.999830415055434e-31,5.392850258426438e-10,6.9242357251680715e-09,1.4151345761113393e-09,1.2178569474203584e-27,4.0166428726488466e-30,1.5526117011282015e-39,1.2944969466549284e-07,4.9808192718820525e-17,4.3999614622552524e-11,5.644658464372845e-19,4.6241066840570904e-10,4.227244956497182e-13,3.2860762149412274e-28,1.037763368354977e-11,4.94164367436226e-12,2.9991107502979596e-30,8.892497017558217e-34,2.995280965227543e-43,5.262144835016889e-13,1.2889255013010833e-22,2.7797834566747823e-18,1.5497756034716182e-20,7.602588149262675e-23,7.995844685514725e-10,7.227734488663404e-12,4.2076194168006546e-10,1.2374143859157405e-12,1.684258044071978e-17,4.4396021020537e-14,3.4312472020865445e-11,9.999707455429317e-31,1.0000292544570685e-30,3.492393579699569e-11,2.645465465762574e-22,1.9999938618694263e-05,1.7942848768007123e-32,4.3880714275958535e-11,9.365611509579767e-20,1.9348210948090917e-12,3.8672005638473075e-22,6.066511788978973e-12,3.5447054865307434e-20,1.0000811185101709e-30,3.124261744176798e-07,6.359940389419975e-13,6.521060363377411e-11,3.8783203225047103e-16,1.1881323381134382e-21,8.176211901166905e-27,8.51030348495768e-18,1.1738085029742405e-17,8.73855906233105e-10,1.4480929398525625e-20,4.563899468520088e-16,9.333550008846274e-21,1.0242786307201507e-30,4.804052011835137e-25,5.681704371087608e-18,9.970896260900234e-14,4.924851905520288e-19,1.4559780938462304e-17,2.543189158748899e-09,5.440993616233964e-19,5.262387797564969e-10,8.277234358083528e-13,1.1237025650916424e-15,1.6708479559726264e-12,1.876953674131352e-30,6.309996319639281e-31,1.0291825111912794e-30,9.804601224690723e-31,1.014579564391456e-30,9.70839696467578e-31,9.999653602457273e-31,9.70839692119705e-31,1.0290281518148033e-30,1.9558089868846985e-31,1.014437034736522e-30,9.519603169869198e-31,1.0040542325421532e-30,9.7111975031082e-31,2.9608130306340778e-30,2.305820874036165e-39,3.5022337660629507e-32,1.09332344021572e-30,1.0945162064924441e-38,3.1134766633214874e-30,1.0761505437433015e-30,9.80207974996404e-31,1.0102231661206175e-31,1.5298786949288057e-06,1.4963376812109398e-11,1.8598742923856868e-06,1.7877630786128186e-13
2465865969.34411,78.19209694774575,10000.0,250.0,1.0,1.0,21.2875,7.833427264168515e-10,6.370671825664819e-16,9.434032557875314e-20,2.7651012778681376e-27,9.812243387953908e-20,1.594547634192747e-23,6.974705590010543e-20,4.459614932427253e-20,1.0000196823676047e-30,2.7373654836223122e-27,9.998672412889203e-31,1.1081804383814852e-19,6.468830004644075e-22,6.80740600850148e-27,6.668248558986441e-22,7.126034946606756e-29,9.999990612178046e-31,9.724685057491368e-31,6.076629072675413e-24,9.999058930446591e-31,9.99999854834973e-31,1.4084194231674725e-31,3.728243378274512e-13,1.4722276760127e-18,4.694989286246392e-13,1.1082034096872167e-18,3.910311337458617e-28,3.6738225154005475e-20,9.485687734598876e-18,9.32773446000751e-15,1.0298578454138647e-30,1.01407711800499e-30,4.407558030144608e-18,9.603788326516292e-17,6.926549033523832e-20,1.610072972932347e-17,1.8185515329771293e-17,8.524389293504062e-25,3.7317590914111745e-18,9.632321753915998e-31,1.271154597086624e-40,8.751714278771823e-12,1.3250712069977998e-23,0.00014999767421065385,8.538112802320613e-16,1.4999754076796291e-07,2.7838782314161898e-08,1.3851673374501875e-17,1.4711262472614868e-08,2.4250817054595205e-08,1.5956874844164437e-11,0.49999998284567226,5.761670856801964e-13,4.896794926208226e-34,1.1280715740989849e-13,8.023969296860978e-19,3.457703997848463e-19,1.4189003704337925e-18,3.5447356595925116e-15,3.1397280445863582e-15,9.560830092461416e-16,1.008032410835528e-21,0.00010748655605960042,3.3939179136725935e-14,8.746051394266371e-06,6.626663017973879e-11,9.999503124689277e-31,1.3243744821978275e-14,9.999756078046296e-31,5.391458791663554e-10,9.527044642214196e-09,2.6915746323079197e-09,1.2610013515467426e-26,4.036278143445272e-30,1.543416067057401e-39,1.2940588075372804e-07,4.98012554788567e-17,8.393082450871292e-11,1.7214681267080557e-18,4.947619113603406e-10,4.192594588769697e-13,2.6174154002184258e-27,2.1474827404804743e-11,8.980942922448557e-12,2.99996126282299e-30,3.87371767260916e-35,2.996036283634617e-43,1.4364969588517658e-12,7.739210654762601e-22,8.834122578418455e-18,2.669988455952394e-20,3.5458617708563796e-22,1.0292972677327308e-09,7.27875549809944e-12,6.699913584597676e-10,1.3984419289500766e-12,1.3890711717487389e-16,8.208392936574055e-14,5.1053504910639854e-11,9.999537113860478e-31,1.0000462886139524e-30,5.055458529520925e-11,3.8296717539375444e-22,1.9999930874920958e-05,3.7926356593194966e-32,4.3765824800978414e-11,2.0716712969146728e-19,2.8567227192800973e-12,5.643709384829906e-22,9.515338673300775e-12,5.412713728663285e-20,1.0010836198862588e-30,3.123631397109906e-07,6.747457633353976e-13,1.238637313604381e-10,8.430240513285013e-16,3.3568186975791897e-21,5.367092801449973e-26,2.7540345425773544e-17,2.839417693776234e-17,1.2679724281440925e-09,2.1012869140343844e-20,1.4343241022364022e-15,1.907889372335635e-20,1.1938299569526466e-30,1.5096513109158957e-24,1.8267899992124482e-17,2.1557933267994763e-13,1.5356426870388419e-18,3.1186464721060765e-17,3.905842603072741e-09,8.023948618826785e-19,7.686188059359371e-10,1.1884256848557947e-12,3.5774436390541e-15,3.3437389805889737e-12,2.0838515141615366e-30,5.138845825544616e-31,1.059299749324567e-30,9.600787655822502e-31,1.0296327239589599e-30,9.407323044727702e-31,9.999496892276594e-31,9.407322917062874e-31,1.0586629720694091e-30,9.345301264256505e-32,1.0293498051442749e-30,9.033376695840079e-31,1.0042722026906857e-30,9.411593014212825e-31,2.9898780489581843e-30,2.3071232049287156e-39,5.682647542671066e-33,1.1694208447526565e-30,1.3927600303772396e-38,3.173179274013133e-30,1.1082034874213925e-30,9.595554900365548e-31,3.570799869533236e-32,1.5298263335304223e-06,2.0417222700650534e-11,1.859817958830738e-06,1.7862196828554808e-13
3565849739.2323394,113.07235347641867,10000.0,250.0,1.0,1.0,21.2875,1.107942353494698e-09,9.34640668259919e-16,5.727814591844224e-19,6.1871733164477475e-27,6.911738915797057e-19,4.259952731724975e-23,6.954981029210352e-19,1.58698579928358e-19,1.0002568810746947e-30,3.567681725114457e-26,9.998005488036322e-31,4.703993108331962e-19,1.175041556627251e-21,1.458804657342287e-26,1.3809199935194895e-21,3.9087556090137936e-28,9.999980155518603e-31,9.851257499482038e-31,5.585535508070912e-23,1.0001677070610966e-30,9.999996956740106e-31,2.7695746559003142e-31,1.0308670737881426e-12,2.0819718456140175e-18,1.9183929216780446e-12,1.5762302550088323e-18,7.51772607777743e-27,2.016157382807437e-19,4.460803666058052e-17,1.761475033469608e-14,1.0604179231973536e-30,1.2866283726599209e-30,2.4243029835372057e-17,2.525545857710382e-16,3.304818551054781e-19,4.220048371880873e-17,5.434917988134047e-17,3.1661419460678117e-24,7.333434724848629e-18,9.445583257516565e-31,1.246511792783071e-40,1.4336768123583093e-11,2.170883027061166e-23,0.00014999707490781947,8.538067657049962e-16,1.4999732875728e-07,2.782996603652566e-08,1.38579498050817e-17,2.0218953076384156e-08,3.671780381907992e-08,1.5957871895895706e-11,0.49999997555303355,5.761670575267734e-13,3.6636186128731957e-35,2.323841792556032e-13,4.037449221304569e-18,6.26866042775406e-19,2.4952160431774942e-18,1.535054198453489e-14,1.177510507599041e-14,2.5636897543958498e-15,5.9960655395112484e-21,0.00010748139442796143,3.394539160746309e-14,8.743067117930889e-06,6.853935501423676e-11,9.999281222910214e-31,5.162816796986752e-14,9.9996504686966e-31,5.389671043358535e-10,1.233255034805238e-08,4.929165707853347e-09,1.3821281064568665e-25,4.055405036408736e-30,1.5288503771169546e-39,1.293267181206767e-07,4.9788430609631846e-17,1.5516656864291018e-10,6.007979140059068e-18,5.234375057511137e-10,4.147410028496886e-13,2.6721545433696e-26,4.423248950433631e-11,1.5215352451990918e-11,2.999999578308234e-30,4.216914837469378e-37,2.996067772024112e-43,3.778074078705568e-12,4.700450863831597e-21,2.968887343955576e-17,4.3396249243276345e-20,1.6840436488826384e-21,1.2528445404470919e-09,7.220351090990591e-12,1.145227463103497e-09,1.4843011823678293e-12,1.103789164622448e-15,1.4282979779648894e-13,7.430939122764589e-11,9.99928146689399e-31,1.000071853310601e-30,7.320558657990559e-11,5.545752954130809e-22,1.9999919658712183e-05,8.050172530742753e-32,4.356958924724097e-11,5.066949746567616e-19,4.244731184849369e-12,8.260368620082749e-22,1.6465916134632382e-11,8.623974045272346e-20,1.0125568553899581e-30,3.122554371658506e-07,6.966686315737048e-13,2.2325896130349252e-10,1.872550407446539e-15,9.79159607419565e-21,3.6791552982057705e-25,9.312871370637851e-17,6.448445105910143e-17,1.844627716853259e-09,3.0570504318919547e-20,4.660266594924369e-15,3.887105964668701e-20,2.7454382001759357e-30,4.903920070797403e-24,6.355529956802624e-17,4.792164037019292e-13,4.744276847412684e-18,6.265807325404239e-17,6.243631152303646e-09,1.2009697571481737e-18,1.136894712917659e-09,1.6765789634766607e-12,1.1032947849462974e-14,6.487475237379784e-12,2.3594514463519647e-30,3.821509139800191e-31,1.1170999862238339e-30,9.20339023810097e-31,1.0585244752249017e-30,8.829462556363215e-31,9.999268146349975e-31,8.829462192739173e-31,1.1146628878144106e-30,3.199016038258498e-32,1.0579785959279451e-30,8.128896807457987e-31,1.0042974738593408e-30,8.836184685146254e-31,2.9950255873906914e-30,2.3067071208832725e-39,4.270851092355372e-34,1.3082749171737076e-30,1.72622762295942e-38,3.1030875241566642e-30,1.1572995111126277e-30,9.192631246953515e-31,7.834781542309852e-33,1.5297543222258453e-06,2.6973423336511268e-11,1.859733578973273e-06,1.7842232613575378e-13
5156518854.171731,163.5121402261457,10000.0,250.0,1.0,1.0,21.2875,1.5521086983181308e-09,1.3418864500828391e-15,2.9652064691810053e-18,1.4475465273065537e-26,4.250281638677502e-18,1.0784925045069016e-22,6.465104841048914e-18,5.1455447636912145e-19,1.0072631208670521e-30,3.784560019205794e-25,9.996954310402944e-31,1.9711196933194005e-18,2.1247685528115836e-21,3.317283905288309e-26,2.8203494798740346e-21,2.0288986641338127e-27,9.999957549778134e-31,1.693510528818268e-30,4.509228203477228e-22,1.0226669585006102e-30,9.999993611174092e-31,1.5600046743529651e-30,2.335127593966105e-12,2.9162808720127593e-18,7.011117353974477e-12,2.2285675426497e-18,1.5725394899663072e-25,9.909094434641769e-19,1.8732315110251464e-16,3.1817764042733355e-14,1.1352895194875767e-30,5.617652300941416e-30,1.195933431617891e-16,6.032985727309471e-16,1.464418454279819e-18,1.002622288620265e-16,1.536486953717969e-16,1.1377143538241995e-23,1.35842726427152e-17,9.181858553315948e-31,1.21170948149029e-40,2.668649828789146e-11,4.041118189434836e-23,0.00014999638571480735,8.538016256232437e-16,1.4999806477187962e-07,2.7815446229364132e-08,1.3869809710609039e-17,2.659202676078749e-08,5.717330536151705e-08,1.595923254140638e-11,0.49999996521974543,5.761670280193494e-13,2.7809452759113605e-35,4.755917865149111e-13,2.5786978225897945e-17,1.2770103942400582e-18,4.0686012075954074e-18,5.763809539790787e-14,4.002616758825858e-14,6.340766857491983e-15,3.581587114493922e-20,0.00010747483577452497,3.395652193237973e-14,8.738080771742051e-06,6.833196671872609e-11,9.998960342350764e-31,1.914918437620846e-13,9.999502447785228e-31,5.387627820195056e-10,1.4708874758217818e-08,8.421773597077428e-09,1.5192772288066394e-24,4.0817863335862305e-30,1.508264340708457e-39,1.291944223040459e-07,4.977400721448273e-17,2.6975681560210496e-10,2.4362706396969202e-17,5.448498071082661e-10,4.1176522988963176e-13,3.7027690922817074e-25,9.050391017833907e-11,2.2707197932385326e-11,2.9999999946710955e-30,5.32862001693468e-39,2.9960676329567304e-43,9.133212753399409e-12,2.8025213056122e-20,1.093481279629389e-16,6.925387024673545e-20,8.343974351468917e-21,1.4291272399442798e-09,7.134281736418935e-12,2.1861890827197023e-09,1.509286959323803e-12,8.160057022467042e-15,2.328268431757827e-13,1.0486567866580621e-10,9.99890266591353e-31,1.0001097334086471e-30,1.0604404127592784e-10,8.033654960882706e-22,1.9999903299874207e-05,1.7180002072968936e-31,4.334084793876992e-11,1.5206322332606715e-18,6.347752686869311e-12,1.2127585685322846e-21,3.2498645162552555e-11,1.469524243254716e-19,1.2023764186438119e-30,3.120963002843548e-07,7.111914827869787e-13,3.643362893143881e-10,4.309295003948038e-15,2.9323666886258974e-20,2.7273438787617197e-24,3.4155413584856554e-16,1.373208094222777e-16,2.6925810099245466e-09,4.462542011667721e-20,1.5790901949034467e-14,8.036870048399303e-20,2.0655585579115708e-29,1.6611456953889983e-23,2.533458947076776e-16,1.1044392643636887e-12,1.42218609265372e-17,1.181821442538587e-16,1.0380349805641684e-08,1.829142023871881e-18,1.7239576432511622e-09,2.319231018957261e-12,3.272268495689744e-14,1.198262126295106e-11,2.7728795150714224e-30,2.4960875873196217e-31,1.219447897057287e-30,8.477634638112051e-31,1.1096850547864742e-30,7.806187148749575e-31,9.998932841230084e-31,7.8061861690141715e-31,1.2109591249851187e-30,7.123853532704403e-33,1.1086776650644374e-30,6.62244498792837e-31,1.0042546847899425e-30,7.8168312806990815e-31,2.9953371704174468e-30,2.3058123916518457e-39,3.740272508168105e-35,1.5477603850687937e-30,2.0325356033117304e-38,2.837399079597314e-30,1.2375599189758974e-30,8.455965604993476e-31,9.009547137323393e-34,1.5296573278451107e-06,3.397809416078781e-11,1.859606901308759e-06,1.7818946238352282e-13
7456760278.169419,236.45231729355083,10000.0,250.0,1.0,1.0,21.2875,2.1451459121728798e-09,1.8857165934443513e-15,1.217411058932423e-17,3.3788012041676987e-26,2.062976858871402e-17,2.5727827739800505e-22,5.038694612600841e-17,1.4946119477628972e-18,1.18727235388352e-30,3.0576307805754202e-24,9.995243761799132e-31,8.11032629667606e-18,3.9463430863532284e-21,8.247136449839384e-26,5.770077102918002e-21,9.742948426703128e-27,9.999909650288138e-31,1.3419994507154744e-29,3.0064899644663204e-21,2.1830619578900463e-30,9.999986741647851e-31,8.935691109032196e-30,3.960744300643759e-12,4.029763989504407e-18,2.1103951231987355e-11,3.105365253579848e-18,2.8827456272546567e-24,4.169279465604001e-18,6.706728599281101e-16,5.487963520675113e-14,1.792124782877155e-30,5.347746864893558e-29,5.0587951415466e-16,1.2721089815060505e-15,5.739951138963545e-18,2.098217874064022e-16,4.110461906444054e-16,3.742733623240826e-23,2.3789045616682075e-17,8.813551011508845e-31,1.1631057992129733e-40,5.5625537137354964e-11,8.423498214577795e-23,0.00014999558677982578,8.537960472457088e-16,1.5000182115338171e-07,2.7793407960611757e-08,1.3893912986636925e-17,3.274140948961451e-08,9.140114500165086e-08,1.5961019140040934e-11,0.4999999506986111,5.761670082013628e-13,2.7716387724925527e-35,9.644041453524708e-13,1.7556249706727588e-16,2.9181619888845378e-18,6.1802903446495e-18,1.7609709361044858e-13,1.181913113855844e-13,1.4096750018897928e-14,2.1325943500044643e-19,0.00010746641016558057,3.3975591030080607e-14,8.73036492699552e-06,6.737169193903145e-11,9.998496339070048e-31,6.543742117686116e-13,9.999300120665935e-31,5.385733873301783e-10,1.5903053016892614e-08,1.2910652968009366e-08,1.7107693926212282e-23,4.11861718086543e-30,1.4796706213454743e-39,1.2900072636445516e-07,4.9780769063002334e-17,4.2466070528588246e-10,1.0880250544463962e-16,5.554248491530695e-10,4.134786333584135e-13,6.050397058780966e-24,1.8344791580915882e-10,2.80801008955533e-11,2.9999999952654464e-30,4.734269559346516e-39,2.996067219938354e-43,1.898412745236526e-11,1.534209075117227e-19,4.434768343811399e-16,1.1217386545017308e-19,4.4326556496249117e-20,1.5264546686363702e-09,7.050655879495722e-12,4.604807181222959e-09,1.5121457660429896e-12,5.358496020459464e-14,3.5390753588237137e-13,1.4146190298680672e-10,9.99834929605037e-31,1.000165070394963e-30,1.536556724696826e-10,1.164080153894813e-21,1.999987940530157e-05,3.6873540169417207e-31,4.312093327149698e-11,5.927114985968343e-18,9.534362022399722e-12,1.78463069812157e-21,6.951434060028238e-11,2.664764081708162e-19,5.131623220881018e-30,3.119094709379227e-07,7.239122246666728e-13,5.110715862723642e-10,1.0441401077248372e-14,8.99923779162331e-20,2.2367360856774765e-23,1.3909734714491173e-15,2.7548137680617395e-16,3.941362892509848e-09,6.532544817544821e-20,5.5359880102164435e-14,1.7680423360892792e-19,2.9051064126128393e-28,5.821932707216903e-23,1.1802487196717108e-15,2.6254230194002434e-12,4.031627313049537e-17,2.1079908010019025e-16,1.7507818886716357e-08,2.8167330728217337e-18,2.710288074183083e-09,3.135114389516626e-12,9.278593661490278e-14,2.0557567054554803e-11,3.3641849697645665e-30,1.360749342821396e-31,1.3775656181217687e-30,7.290127555037906e-31,1.1887215632811938e-30,6.225298341711533e-31,9.998438339997378e-31,6.22529593647765e-31,1.3522276729693146e-30,1.5732801829137168e-33,1.1869762791255255e-30,4.54536390197414e-31,1.0041844643511874e-30,6.241448770184402e-31,2.9952384129825013e-30,2.3049031573370158e-39,2.8741023043987315e-35,1.9172642622634746e-30,2.1740637167731255e-38,2.3224375569103833e-30,1.3760485843317003e-30,7.248391055218181e-31,1.0723423802131525e-34,1.5295287288541503e-06,4.0141376382284476e-11,1.859418448922784e-06,1.7796039805394508e-13
10783102984.506907,341.9299525782251,10000.0,250.0,1.0,1.0,21.2875,2.9094029517493605e-09,2.5867129055166065e-15,3.7743586387516476e-17,7.332509603103242e-26,7.387566832839237e-17,5.728966381312575e-22,3.0442685788272033e-16,3.860340214193246e-18,4.769169734176441e-30,1.8272616346561087e-23,9.992361290014257e-31,3.253221438036637e-17,7.340819531815786e-21,2.1610061757681474e-25,1.2519338624176338e-20,4.23567145290116e-26,9.99991059516431e-31,1.603958953677175e-28,1.5713673272837414e-20,3.8372333432934336e-29,9.9999855514615e-31,4.4696251774256203e-29,4.844186988056155e-12,5.463600540163036e-18,4.977964558967914e-11,4.2197458942849564e-18,3.643166471143936e-23,1.4623954578876865e-17,2.007604805631987e-15,9.004791662979573e-14,1.4555824888596934e-29,3.884589594004994e-28,1.785244454486936e-15,2.36126037997588e-15,1.926107696447409e-17,3.86372825548967e-16,1.0428708465500537e-15,1.0821766194627644e-22,3.942033901634869e-17,8.307102251711416e-31,1.096272091177422e-40,1.1708923841058197e-10,1.7731258513804121e-22,0.0001499945971768203,8.537899476339354e-16,1.500137559269238e-07,2.7761929953292325e-08,1.3943528468673275e-17,3.7272718605154426e-08,1.475376540949368e-07,1.596331393333172e-11,0.4999999302734468,5.761670136051926e-13,2.777980243879962e-35,1.930694746341293e-12,1.053752732457494e-15,6.977334655429002e-18,9.449127272455289e-18,4.206845771751869e-13,2.971957694910807e-13,2.7861118611831157e-14,1.2178273217008106e-18,0.00010745498035713994,3.400542590704183e-14,8.719377314581501e-06,6.69422092635195e-11,9.997825387117341e-31,1.978891506996427e-12,9.999035238650305e-31,5.38451938267985e-10,1.5802905980988838e-08,1.7204335647541472e-08,2.0468422281487492e-22,4.169261993476246e-30,1.4405650239262958e-39,1.2876487428783656e-07,4.98581711122298e-17,5.861744708750959e-10,4.835315784306812e-16,5.568290720876898e-10,4.2310668789917913e-13,9.206181169538811e-23,3.66988273312749e-10,2.838231628209704e-11,2.9999999952650152e-30,4.734702665382269e-39,2.9960669662958368e-43,3.185153262716706e-11,7.053768003432097e-19,1.8669340659103926e-15,1.8993384266372189e-19,2.5071484374639025e-19,1.5514203100305485e-09,6.9895383891797005e-12,9.838324292921578e-09,1.5276324391301973e-12,2.9770686229866004e-13,5.018684486117509e-13,1.7995082529001179e-10,9.997550090783656e-31,1.0002449909216344e-30,2.226508763959036e-10,1.6868010221769038e-21,1.999984453886735e-05,7.939582016526944e-31,4.296145458382761e-11,2.6163630915024132e-17,1.4320290933137697e-11,2.6270343723872503e-21,1.4412015303701894e-10,4.870119253986538e-19,8.041700234038074e-29,3.117363856931161e-07,7.372038849087248e-13,6.048194451363837e-10,2.6827038101754292e-14,2.8426134777659373e-19,1.964737206778075e-22,6.0609603957026744e-15,5.256616851216932e-16,5.771520648477081e-09,9.566493504246302e-20,1.9500101639854126e-13,4.465057780799123e-19,5.100334799195289e-27,2.0503544366566765e-22,5.904035547147927e-15,6.287225919843501e-12,1.0712741496194518e-16,3.5787454527312377e-16,2.882103264422505e-08,4.316747567407178e-18,4.390876834045752e-09,4.126483246839893e-12,2.5417654375626944e-13,3.196024246043377e-11,4.026721665328478e-30,5.891304046686921e-32,1.5770206960030526e-30,5.6349503541025825e-31,1.288411046134474e-30,4.231139132088397e-31,9.997702807317283e-31,4.231133977749591e-31,1.5164220237218549e-30,1.2009158610432384e-33,1.2856022311868693e-30,2.393638927895372e-31,1.0040817233163594e-30,4.25353258215245e-31,2.9950788296346136e-30,2.3042008971734127e-39,2.810674110432397e-35,2.39571821903441e-30,2.0385285302181108e-38,1.602283659896014e-30,1.6181919270302025e-30,5.561266544966586e-31,8.59364628994357e-35,1.529356724656401e-06,4.412627480428077e-11,1.8591442568939697e-06,1.7778245531772181e-13
15593274510.230906,494.45949106516065,10000.0,250.0,1.0,1.0,21.2875,3.845302941576315e-09,3.44542512118862e-15,9.090694464889623e-17,1.4405110218020135e-25,1.9773505210029075e-16,1.1672863797541921e-21,1.398318316279954e-15,8.783698072310901e-18,5.608227748254232e-29,8.605148291648497e-23,9.9873688580876e-31,1.260079734125274e-16,1.2451611646437366e-20,5.3675847821288155e-25,3.165599492714829e-20,1.6078862311637862e-25,1.0003249901474146e-30,1.565858727004075e-27,6.41562247689151e-20,7.051015413119075e-28,1.0000562817963167e-30,1.8891819497470134e-28,4.763850052004551e-12,7.219276917036946e-18,9.418736530687112e-11,5.570540042607093e-18,3.001009114809498e-22,4.3172479163830827e-17,5.17531743527959e-15,1.3877309272426645e-13,2.2240423920575123e-28,1.9377143711462015e-27,5.297878085807064e-15,3.945811019857096e-15,5.5451326176128903e-17,6.41615713963135e-16,2.50240124766253e-15,2.7569860006505744e-22,6.11708570902178e-17,7.626113703214254e-31,1.0064048876477802e-40,2.2344678137100414e-10,3.3838398506202893e-22,0.00014999327589879455,8.537826896936011e-16,1.5004528268625633e-07,2.7717408896250684e-08,1.404236110827687e-17,3.9619821979506504e-08,2.3540394912860523e-07,1.5966311238834492e-11,0.4999999010902977,5.761670552627136e-13,2.801304836835544e-35,3.797407517584801e-12,5.103580473908258e-15,1.600358194310097e-17,1.7432090859033818e-17,8.099104763187257e-13,6.591868481817388e-13,4.919384041534062e-14,6.393415547213012e-18,0.00010743870831810141,3.404824381768943e-14,8.704390989871884e-06,6.746319080420191e-11,9.996855209572435e-31,5.094377507769534e-12,9.99871235796828e-31,5.38423847484745e-10,1.5229844455849575e-08,1.9932437078461304e-08,2.328854158907287e-21,4.2373606151414126e-30,1.3881726223865515e-39,1.2852823641835916e-07,5.005519751193917e-17,7.057362468867378e-10,1.964078777779556e-15,5.549594664565174e-10,4.425107931125986e-13,1.1200030407557914e-21,7.209189720864608e-10,2.5772738772649476e-11,2.9999999952644386e-30,4.735283469911028e-39,2.9960669367287698e-43,4.254408550555774e-11,2.571291395104503e-18,7.544700605560901e-15,3.4667222247958345e-19,1.4172108468774846e-18,1.5448239349972295e-09,6.958303245553109e-12,1.9591746375212636e-08,1.5738610168453517e-12,1.3522611295136996e-12,6.715808172339919e-13,2.1479322408344775e-10,9.99640028319301e-31,1.000359971680699e-30,3.225303056919112e-10,2.4435071138704948e-21,1.999979382800334e-05,1.705300086787614e-30,4.2883727347859114e-11,1.0417340319959062e-16,2.140431493067165e-11,3.859276401786137e-21,2.7071449121012567e-10,8.484123234588744e-19,1.1713222387411065e-27,3.115730871086129e-07,7.528020820448349e-13,6.341824329803393e-10,7.22863815888078e-14,9.25356348866805e-19,1.7126373415178427e-21,2.605691423907207e-14,9.664473550999667e-16,8.433196806679958e-09,1.3979375010728286e-19,6.677722512593575e-13,1.3384693170679577e-18,9.151098705528633e-26,7.021192784139118e-22,2.764819004216193e-14,1.4749045581527124e-11,2.719552859544505e-16,5.758398579172191e-16,4.523786530771517e-08,6.496789805139878e-18,7.1347912466466895e-09,5.27625408275831e-12,6.987088985098862e-13,4.441450217941265e-11,4.480705655013161e-30,2.105093378028205e-32,1.7706385317013245e-30,3.7474697304612425e-31,1.3851571206064556e-30,2.2954396318043375e-31,9.996596041025e-31,2.2954303148228406e-31,1.6589138479029027e-30,1.3016395041186426e-33,1.3809064895681348e-30,8.713327089013476e-32,1.0039305108689621e-30,2.323336149170924e-31,2.994839082381867e-30,2.30377493018125e-39,2.753295177245272e-35,2.8930499944373704e-30,1.7016734623253285e-38,8.706323196069124e-31,2.0223932202786684e-30,3.6352004238393033e-31,1.0136627821725877e-34,1.5291138213866813e-06,4.570519044749814e-11,1.8587594076521208e-06,1.7767377678617102e-13
22549187400.02521,715.0300418577249,10000.0,250.0,1.0,1.0,21.2875,4.910240249467038e-09,4.423047187650847e-15,1.8789987516970038e-16,2.6194057639363986e-25,4.321429005026678e-16,2.1586196468629426e-21,5.121700274051251e-15,1.7548785154653167e-17,6.091263363934288e-28,3.608164259562357e-22,9.978719731788674e-31,4.655936212843427e-16,1.8362167125633672e-20,1.1459669833407695e-24,9.833389087810808e-20,5.154351968617065e-25,1.0082542121762131e-30,1.1742251644874643e-26,2.1655847618369816e-19,8.796074862327749e-27,1.0018013699032986e-30,6.551580090160107e-28,4.571774582860554e-12,9.218863792369278e-18,1.5556620005471905e-10,7.117791720913934e-18,1.8513267635439094e-21,1.1086008415161982e-16,1.2068643565102967e-14,2.0091923208256448e-13,2.7351588024902538e-27,7.634009743945123e-27,1.3649915431219992e-14,6.076697659884909e-15,1.4053640874617966e-16,9.83551721672043e-16,5.656252997471903e-15,6.382846280955404e-22,8.896912670886535e-17,6.739553221643669e-31,8.894088871478149e-41,3.682275438419653e-10,5.576754370342333e-22,0.00014999146387088298,8.537732170160282e-16,1.5011992188151312e-07,2.7653806635068483e-08,1.4230394561046147e-17,4.040464583727006e-08,3.6750437036606906e-07,1.5970375254720373e-11,0.4999998584540632,5.761671353659341e-13,2.840722227115763e-35,7.29125683846314e-12,2.0348002899467635e-14,3.3927359692135006e-17,4.2777429194646697e-17,1.3742832374162059e-12,1.378610444892059e-12,7.858666262702093e-14,3.0558200278202856e-17,0.00010741563597810781,3.410700392227659e-14,8.683584711221122e-06,6.881453086527195e-11,9.995452409631158e-31,1.1017061372272556e-11,9.998367693063695e-31,5.384736325426192e-10,1.4913999433876388e-08,2.0933428475183598e-08,2.1501408368771233e-20,4.326016269204371e-30,1.3200693889621066e-39,1.2831948363603487e-07,5.0367104000805e-17,7.643135895334129e-10,7.15772379883132e-15,5.538771464415484e-10,4.725645789768737e-13,1.0677251523714213e-20,1.3813373475910525e-09,2.4049255615630156e-11,2.9999999952636843e-30,4.736036833506584e-39,2.9960670980669475e-43,4.7853121693281656e-11,7.518327834356581e-18,2.8248094994046838e-14,6.988490919791325e-19,7.433493031093896e-18,1.5384781931991446e-09,6.948267907196422e-12,3.538377944983539e-08,1.6586072508529658e-12,5.0027805701581215e-12,8.62837613543013e-13,2.418119858515607e-10,9.994741685232398e-31,1.0005258314767602e-30,4.669460961696753e-10,3.537630152810262e-21,1.9999720316669477e-05,3.6329026625557356e-30,4.286568104873088e-11,3.333781569330495e-16,3.1757076817901075e-11,5.650158408062325e-21,4.6278826779194476e-10,1.3921016869942837e-18,1.2874683319044775e-26,3.113672664984309e-07,7.739002386142167e-13,6.364675827322987e-10,2.0015456087556578e-13,3.0564350380853448e-18,1.4017218417153526e-20,1.0435017793358181e-13,1.7298068599010472e-15,1.2286448590744571e-08,2.0368794697459653e-19,2.1890775321578725e-12,4.463209476636718e-18,1.5132192669116844e-24,2.3019342387563134e-21,1.1128571507577983e-13,3.338891606165317e-11,6.683538343028868e-16,8.850203811443799e-16,6.77902796957388e-08,9.580677978742e-18,1.1346952353777836e-08,6.559195815338249e-12,2.006847170164568e-12,5.5393478796539297e-11,4.448182239557823e-30,8.552019012128871e-33,1.9084902174195553e-30,2.032352746740532e-31,1.4539870037912578e-30,9.173707972461911e-32,9.994905166528068e-31,9.173568080704084e-32,1.748175845709548e-30,1.2823701633947042e-33,1.4477443009924325e-30,1.985864549565327e-32,1.0037059668902426e-30,9.49223458296438e-32,2.994479284348129e-30,2.3035099394509585e-39,2.716529257562483e-35,3.3119712320755374e-30,1.3088913111464442e-38,3.481608779795246e-31,2.6347613016911312e-30,1.8953602094637103e-31,1.278262477246488e-34,1.5287341507412752e-06,4.594809691168481e-11,1.8582509721612243e-06,1.7761223532881742e-13
32608022905.506226,1033.9936233354333,10000.0,250.0,1.0,1.0,21.2875,6.000899205790943e-09,5.4251808532761955e-15,3.6374961429021965e-16,4.528128561061238e-25,8.373822627228933e-16,3.637693999133902e-21,1.6055842971636513e-14,3.1148060550880055e-17,5.448826826573161e-27,1.4447683246956852e-21,9.964986247471288e-31,1.6175434185076448e-15,2.457044786888377e-20,2.00312942576285e-24,3.5110752548796185e-19,1.3727092980488253e-24,1.1437905069262177e-30,6.856680955397052e-26,6.5212961686770675e-19,8.439668128954937e-26,1.0392531166967939e-30,1.845362442828516e-27,4.62058293683334e-12,1.1269801717590903e-17,2.419569664203903e-10,8.729618552615796e-18,9.972850724477825e-21,2.5661179307136137e-16,2.630081121618205e-14,2.7694002049745124e-13,2.5854248722349905e-26,2.7077716449757996e-26,3.16495868018875e-14,8.772682596774569e-15,3.231187781974532e-16,1.4136778428238607e-15,1.2095068334022493e-14,1.3805223344924962e-21,1.2300982326637988e-16,5.637952815620477e-31,7.440344418912028e-41,5.240671643774319e-10,7.937895839715705e-22,0.00014998898521684,8.537602630043895e-16,1.5028465186072828e-07,2.756564657186225e-08,1.4571211766573826e-17,4.055087391435699e-08,5.624944883053826e-07,1.5976007219708694e-11,0.49999979508100395,5.761672537697865e-13,2.893148404064407e-35,1.355887639091856e-11,7.115828518304573e-14,6.679876412688108e-17,1.2489186840245643e-16,2.2239522524018123e-12,2.780257878561782e-12,1.1561678308021978e-13,1.3315252901905306e-16,0.00010738398199994696,3.418591067645785e-14,8.653663427191841e-06,7.091007443963514e-11,9.993424174962807e-31,2.0560031459669368e-11,9.998109008733211e-31,5.38576433520648e-10,1.4866389908790211e-08,2.107225297369062e-08,1.5402056014788635e-19,4.4361757856440484e-30,1.2354794876238753e-39,1.2814427959779318e-07,5.072591997873281e-17,7.81944595853231e-10,2.4079805790188385e-14,5.538256208219968e-10,5.14247030680973e-13,8.415253380988383e-20,2.5597662194292692e-09,2.36499112489987e-11,2.999999995262618e-30,4.7371046981693505e-39,2.9960673850057113e-43,4.934887345081208e-11,1.8689126501357756e-17,9.854708731033579e-14,1.560675465224698e-18,3.480354017095492e-17,1.5371871247573071e-09,6.9472729506269886e-12,5.898602404489316e-08,1.7902824589465152e-12,1.5510044909414663e-11,1.0782551010858358e-12,2.592416920561732e-10,9.992340351640109e-31,1.0007659648359893e-30,6.754896467157759e-10,5.117599474363731e-21,1.999961394632785e-05,7.660364073181806e-30,4.287460155561914e-11,8.615297727868888e-16,4.6787978659602826e-11,8.243400916275175e-21,7.426351510633098e-10,2.183915526743121e-18,1.1344699445430383e-25,3.1107070525205483e-07,8.045080364173531e-13,6.35268161162516e-10,5.601107796616715e-13,9.970424181156335e-18,1.0659101844882292e-19,3.851450007406986e-13,3.0217306456778254e-15,1.7855129642382132e-08,2.9604740024579314e-19,6.876502796172596e-12,1.5146022675980876e-17,2.2731795616992057e-23,7.232498089238567e-21,3.774956689594001e-13,7.282587127628774e-11,1.5727105871388602e-15,1.328288165257839e-15,9.78598582961267e-08,1.3886933694933087e-17,1.7571799480679523e-08,7.980257728073164e-12,6.057664740459739e-12,6.31641740686491e-11,3.854669842327127e-30,4.554880861578047e-33,1.976184316697861e-30,8.31685438953152e-32,1.4877032257019975e-30,2.4049121937631211e-32,9.99227107898975e-31,2.4047362693880353e-32,1.787244091883797e-30,1.113812655054814e-33,1.4785635999786878e-30,3.2710355666205024e-33,1.0033679151840494e-30,2.7477658870907905e-32,2.993942606515723e-30,2.3032199056923357e-39,2.7006568993262144e-35,3.6282938427531485e-30,8.8439442654283e-39,9.973340338019504e-32,3.452348109451036e-30,7.103483986451196e-32,1.667632924104098e-34,1.5280638461648978e-06,4.595401128945222e-11,1.8576595091239927e-06,1.7757069195376997e-13
47153945680.75787,1495.2418087505669,10000.0,250.0,1.0,1.0,21.2875,6.962283812897756e-09,6.310016396479301e-15,6.82357269438179e-16,7.555168207513921e-25,1.4889887271633347e-15,5.5981514816107496e-21,4.52488511921722e-14,4.965738520059693e-17,4.107903844461009e-26,5.554221403092409e-21,9.952436816095523e-31,5.203952727273646e-15,3.225511113684066e-20,2.8520727231685616e-24,1.2666486955366808e-18,3.0044088932348218e-24,2.9782361107483765e-30,3.184337271322459e-25,1.8460624322333126e-18,6.875622800773553e-25,1.7046528239590686e-30,4.225263147300503e-27,4.876579810233691e-12,1.3082183537631603e-17,3.666188079687141e-10,1.019859919642489e-17,5.03757783978325e-20,5.501252016237258e-16,5.4410476506207746e-14,3.670928934787859e-13,1.9351721847939343e-25,9.113372771352693e-26,6.789508740109676e-14,1.20107674380609e-14,6.899722843020757e-16,1.924897957346241e-15,2.466879467219456e-14,2.834402073543132e-21,1.6341924058168112e-16,4.358127477702895e-31,5.75139588878464e-41,6.569772186178234e-10,9.953047943854831e-22,0.00014998557954721146,8.537421381313454e-16,1.506304873378323e-07,2.7461415209659164e-08,1.5158187569478868e-17,4.055682042501503e-08,8.494247574256025e-07,1.5983807512148944e-11,0.49999969992344123,5.761674142253854e-13,2.9549870125584335e-35,2.4200575685874144e-11,2.2919695193460645e-13,1.2311571569087102e-16,3.8283463637098967e-16,3.563543219579837e-12,5.292269821152123e-12,1.5914684434676316e-13,5.292022897142275e-16,0.00010734201267338205,3.4288953120712673e-14,8.609955983657321e-06,7.396551538920984e-11,9.990491872659368e-31,3.4790310627592866e-11,9.998192178332295e-31,5.3872409510341e-10,1.4903571699467828e-08,2.1003002237907693e-08,8.793059212015872e-19,4.5641577011648794e-30,1.13721009782987e-39,1.2800746193045068e-07,5.104625186039913e-17,7.851390473354039e-10,7.706414163387351e-14,5.541244378162714e-10,5.687411039609326e-13,5.8022132373214775e-19,4.540968827440864e-09,2.367646706539558e-11,2.999999995261044e-30,4.738679199483998e-39,2.996067756909064e-43,4.9535134952378256e-11,4.195917046378517e-17,3.2617942364603746e-13,3.7814343285636456e-18,1.4530293616153522e-16,1.5374691281473116e-09,6.9496149789729315e-12,9.332436744583083e-08,1.9872519164743293e-12,4.21688393724494e-11,1.3320597441082596e-12,2.6772893948908393e-10,9.988855930925622e-31,1.0011144069074378e-30,9.760669252756873e-10,7.394838454370022e-21,1.9999460116379197e-05,1.6010018087061002e-29,4.28934550616827e-11,1.8830223136798187e-15,6.857635340409816e-11,1.1992259559214594e-20,1.1466830296608029e-09,3.3285130526589686e-18,8.64076010297048e-25,3.1063995683434967e-07,8.486400238017728e-13,6.341272193919973e-10,1.5660454039241765e-12,3.146665579001149e-17,7.627580222613194e-19,1.3306909385665054e-12,5.1493791189320025e-15,2.5886004517036014e-08,4.2928404540712405e-19,2.079761326447779e-11,4.979430748845431e-17,3.1613768966829676e-22,2.1880495121612557e-20,1.089670342128972e-12,1.5350690211107601e-10,3.5146376740232004e-15,1.986038546211433e-15,1.366207616039759e-07,1.98220915135667e-17,2.6701924629807012e-08,9.647217728029316e-12,1.8853564037897778e-11,6.759454538265266e-11,2.8651056491801178e-30,2.029037904528423e-33,1.9966470860126595e-30,2.2805582505334668e-32,1.4977829759478294e-30,3.465314161022483e-33,9.988067854282027e-31,3.463384995771377e-33,1.7981960084733437e-30,8.29227290722838e-34,1.4842666778094681e-30,1.3724859755004535e-33,1.002848247049197e-30,7.003398759629742e-33,2.9931485006318618e-30,2.3027259562153605e-39,2.697029323960987e-35,3.882562513968491e-30,4.86156676773766e-39,2.692784611792558e-32,4.39662142161294e-30,1.6058087971907078e-32,2.135729127726306e-34,1.5267603534680291e-06,4.6056133532962573e-11,1.8571784538302383e-06,1.7755189415850696e-13
68188574318.26701,2162.245507301719,10000.0,250.0,1.0,1.0,21.2875,7.648565949777977e-09,6.943997261490393e-15,1.2553818437921555e-15,1.2380742904114574e-24,2.4580327659684914e-15,7.953200096616434e-21,1.174444355424707e-13,7.239167310847222e-17,2.6612986274772273e-25,2.0472457910577713e-20,1.0001878122262879e-30,1.5305373353662784e-14,4.5259217014168843e-20,3.406297749499411e-24,4.20782943369318e-18,5.428592535336669e-24,2.3087953014450758e-29,1.2021045165517724e-24,5.04058141604085e-18,4.9908598974266864e-24,1.2107670586020161e-29,8.051826429076675e-27,5.4560338187854215e-12,1.438354168592008e-17,5.471106752534327e-10,1.133700541165631e-17,2.4815081753459113e-19,1.1130040020728072e-15,1.079901501768695e-13,4.742078393808559e-13,1.1754475095893295e-24,2.992079348886262e-25,1.37413796222103e-13,1.5872051238181142e-14,1.3920870765795595e-15,2.5242868247936735e-15,4.842397603413479e-14,5.594754047407137e-21,2.1149004618981746e-16,3.0083003151217493e-31,3.9700584502474506e-41,7.440034620500427e-10,1.1275032732355786e-21,0.00014998079943541435,8.537161627273982e-16,1.5132603012951387e-07,2.7413607170722237e-08,1.6120468282864332e-17,4.054378818385459e-08,1.2723414578222704e-06,1.5994490630909085e-11,0.49999955623143233,5.761676228919982e-13,3.0207716433174683e-35,4.106268768546094e-11,6.957632582019743e-13,2.145066705826655e-16,1.1581754385303242e-15,5.7562461691742324e-12,9.351691830597755e-12,2.0903899519646882e-13,1.93957396912105e-15,0.00010728835019049663,3.4417935074399314e-14,8.545980186319411e-06,7.841591936533337e-11,9.986252974431032e-31,5.5785861013789357e-11,9.999151733896752e-31,5.389231685717295e-10,1.496880937899883e-08,2.08854987667063e-08,4.155208471285328e-18,4.699139759698129e-30,1.0335807462483594e-39,1.279181994000702e-07,5.127362067420497e-17,7.865750647197268e-10,2.380055145214324e-13,5.545700806945539e-10,6.364438581790548e-13,3.6131079242312755e-18,7.619564706888368e-09,2.3865587658444556e-11,2.9999999952586974e-30,4.741023240345767e-39,2.9960681836103745e-43,4.9521415161589846e-11,8.871714402561301e-17,1.0397716945103029e-12,9.622446442197838e-18,5.514283495874297e-16,1.5380519730277802e-09,6.955884441425287e-12,1.428645678999814e-07,2.284552007406424e-12,1.0502135544498077e-10,1.6879655014764984e-12,2.702748353745782e-10,9.983791132231131e-31,1.0016208867768869e-30,1.4077461526657447e-09,1.0665340357878342e-20,1.9999237675206965e-05,3.3243101198023363e-29,4.2918849029350436e-11,3.631538716524e-15,1.0018144339582692e-10,1.7403861007137414e-20,1.7284867788766342e-09,4.9798902787301876e-18,5.967472951282493e-24,3.100166867626515e-07,9.122307182236187e-13,6.32776798125107e-10,4.3325351140181176e-12,9.540219660580554e-17,5.2140500124555286e-18,4.387071568313837e-12,8.606815225078806e-15,3.741367071918166e-08,6.206135200959977e-19,6.065082802824329e-11,1.559301593918347e-16,4.123646386109892e-21,6.383270691571575e-20,2.713092589924015e-12,3.1353730026730073e-10,7.488548153365883e-15,3.017234031450672e-15,1.8413927503738141e-07,2.785605000036954e-17,4.026006011782884e-08,1.1848765981429992e-11,5.948958036945271e-11,6.990013849060774e-11,1.7797161880713833e-30,6.752284488812568e-34,1.9994407170653225e-30,3.5231561339969264e-33,1.4990567325523323e-30,2.1562100298723396e-34,9.981170766651919e-31,2.136488161163725e-34,1.7992019608112725e-30,5.143084396236243e-34,1.478703957441906e-30,1.3014019975692521e-33,1.0020299747370732e-30,3.779153685596678e-33,2.9919824260741964e-30,2.3018025328368563e-39,2.6977819962314105e-35,4.105956119034272e-30,2.5604997138142058e-39,1.458258545367101e-32,5.319154069870984e-30,1.6336615983848043e-33,2.5985602728584286e-34,1.5241308844772372e-06,4.622845431606627e-11,1.8573385481071652e-06,1.7760429953721863e-13
98606417775.45288,3126.7889959237978,10000.0,250.0,1.0,1.0,21.2875,8.017226893438489e-09,7.288153314266263e-15,2.309884134232967e-15,2.054695778281512e-24,3.823763086496511e-15,1.0729197957839829e-20,2.850116319992091e-13,9.996810891778632e-17,1.5296670304793806e-24,7.3505420856869e-20,1.0480642002043034e-30,4.0873247471466724e-14,7.280599457031692e-20,3.5963543134578695e-24,1.2389116163906491e-17,8.437343747929526e-24,2.072332735731945e-28,3.8537313951554076e-24,1.3507687609584417e-17,3.3336362625680067e-23,1.59976286254696e-28,1.3783810033078655e-26,6.744005133938095e-12,1.5095498413649294e-17,8.08498682144632e-10,1.211365211141107e-17,1.245002499724405e-18,2.1625450719822498e-15,2.0841851553105758e-13,6.092481719250784e-13,5.977765504968056e-24,9.993060150256575e-25,2.6730643863547625e-13,2.0781472496842762e-14,2.700207390623484e-15,3.269485611212647e-15,9.261434950055847e-14,1.0788075254004472e-20,2.722001896913005e-16,1.7691892310815832e-31,2.3348190422700996e-41,7.849240403869814e-10,1.19008742309859e-21,0.00014997388155246153,8.536779406827873e-16,1.526654845017367e-07,2.771913385624904e-08,1.7645479159002924e-17,4.0522411493454e-08,1.8962992211439856e-06,1.6008939043734596e-11,0.49999933912443656,5.761678840368677e-13,3.0820424616595807e-35,6.55569816897057e-11,2.00529966288895e-12,3.5875155066405515e-16,3.3700554947254486e-15,9.551971720125494e-12,1.518924494990889e-11,2.6918883762346375e-13,6.665401957546373e-15,0.00010722268756139242,3.4570188229714474e-14,8.452457988130101e-06,8.486581578779398e-11,9.980126225854861e-31,8.750845614014777e-11,1.0001997157360415e-30,5.391847595018943e-10,1.506545175815207e-08,2.0713696440425655e-08,1.6864894897741078e-17,4.823050255505391e-30,9.385054732514876e-40,1.278745058274668e-07,5.140936242866522e-17,7.891605265474306e-10,7.095263181565251e-13,5.551746014306871e-10,7.153151031617166e-13,2.053222640209326e-17,1.1910323247436956e-08,2.444807133911337e-11,2.999999995255191e-30,4.744529103228889e-39,2.9960686058141326e-43,4.9526872999163326e-11,1.8176210784651636e-16,3.220636408519254e-12,2.4905142548091152e-17,1.9446100121329275e-15,1.5388320280276465e-09,6.9703258970444016e-12,2.1345215818501403e-07,2.746107317318048e-12,2.478830958956614e-10,2.326771599195181e-12,2.702455789968174e-10,9.976412736147478e-31,1.0023587263852524e-30,2.0233831793725614e-09,1.5329561032066662e-20,1.9998916031398406e-05,6.864262872977873e-29,4.29511366632093e-11,6.378608737600971e-15,1.4612353429585613e-10,2.5196382800658218e-20,2.5636389300843547e-09,7.357976096541999e-18,3.8256217326522016e-23,3.0911811496399024e-07,1.0046738235317786e-12,6.309178809607586e-10,1.1744279871522185e-11,2.7789369249576144e-16,3.4350144688914894e-17,1.3978449555434394e-11,1.427954094720895e-14,5.3800916625770954e-08,8.927517250436076e-19,1.7003444171384258e-10,4.627026596885485e-16,5.029857576522671e-20,1.7904227821428452e-19,5.8689238250868925e-12,6.22393720229746e-10,1.5335353839651426e-14,4.734164701477101e-15,2.38314831359476e-07,3.847690143706785e-17,6.104607215755905e-08,1.5124552669836943e-11,1.8891475924217127e-10,7.168795547058897e-11,8.876334128112366e-31,2.511154071999385e-34,1.9983877324167026e-30,2.57508232400391e-34,1.4985657637166625e-30,9.567500078085881e-36,9.969509374943924e-31,7.586567466448471e-36,1.7966280997404353e-30,2.555972905851084e-34,1.467207175559131e-30,1.3054756678467344e-33,1.0007173789776117e-30,3.57077348570339e-33,2.9902807452060954e-30,2.3000711613738207e-39,2.69941005513854e-35,4.290543203519284e-30,1.894843630536257e-39,1.3680325272398706e-32,6.053166625890209e-30,5.720325444127896e-35,2.9705795860002544e-34,1.5189768727088416e-06,4.645336714315257e-11,1.85926466265458e-06,1.7783734803885994e-13
142593179630.42352,4521.600064384307,10000.0,250.0,1.0,1.0,21.2875,8.162872844460955e-09,7.429402232123584e-15,4.4076435292959055e-15,3.6078460102853224e-24,5.756675792012243e-15,1.43264543484563e-20,6.583955335588307e-13,1.3720768675481503e-16,8.205375361867242e-24,2.656726588890282e-19,1.3374110784339691e-30,9.911819171948367e-14,1.335223733477606e-19,3.548918407548869e-24,3.219541587391771e-17,1.2153768967233194e-23,1.699437541158142e-27,1.131492832771912e-23,3.638594794114213e-17,2.1383946563875363e-22,2.1395341024760384e-27,2.408191605968694e-26,9.640210090581885e-12,1.5398103918599874e-17,1.1919851647590406e-09,1.271354434571896e-17,6.680882905626644e-18,4.109779103994304e-15,3.980787049925911e-13,7.967692315221837e-13,2.6847929686400126e-23,3.604953405235509e-24,5.100090297307708e-13,2.771009197280873e-14,5.134716660990927e-15,4.296230832095778e-15,1.7540193060628548e-13,2.0718085655609014e-20,3.566951961245645e-16,8.366927787311619e-32,1.1042039476997343e-41,7.987220004656975e-10,1.2118690975242646e-21,0.0001499636290794855,8.536207282196766e-16,1.5512393898887586e-07,2.931300345686718e-08,2.0055693287291154e-17,4.049052973057169e-08,2.814963883112961e-06,1.602834544930997e-11,0.49999901380318607,5.761681990325976e-13,3.1296264421907163e-35,9.704573411670074e-11,5.493247903930219e-12,5.859503847196498e-16,9.334950611128879e-15,1.674251119312834e-11,2.227009277170555e-11,3.4927546519012046e-13,2.1766681380557415e-14,0.00010714617425274379,3.473662963097728e-14,8.316014374086199e-06,9.40864283366273e-11,9.971272834701802e-31,1.3816526106745257e-10,1.0008457535228138e-30,5.395209426632061e-10,1.5208111842320822e-08,2.0456877143147066e-08,6.126350326525389e-17,4.916299424984346e-30,8.670961017108816e-40,1.278611000892034e-07,5.150104515843211e-17,7.933590602354074e-10,2.0155033994068125e-12,5.559849090390377e-10,7.996192710839267e-13,1.063065281446445e-16,1.6923908205310182e-08,2.6232884597134624e-11,2.9999999952499123e-30,4.749807279467339e-39,2.9960689128514822e-43,4.956029893078914e-11,3.740867761235937e-16,9.723882146101772e-12,6.387743279017598e-17,6.466572819831699e-15,1.539838473057349e-09,7.0003564086433134e-12,3.110949132030761e-07,3.497156436617814e-12,5.699834394791074e-10,3.7504768715511954e-12,2.691661204006068e-10,9.965630165797262e-31,1.003436983420274e-30,2.8897539232747708e-09,2.1893426411955636e-20,1.9998450963035026e-05,1.4065067324400298e-28,4.299065128860673e-11,1.0477352128361102e-14,2.1319176369755273e-10,3.636722551868172e-20,3.7562310941688745e-09,1.0772436262744941e-17,2.2984058882779265e-22,3.0782827470961806e-07,1.140272665511407e-12,6.282247849455892e-10,3.0877923374978127e-11,7.777440988762789e-16,2.1821429009338697e-16,4.322316872497149e-11,2.3801402961532233e-14,7.665142923785098e-08,1.2725144444881659e-18,4.550592236112255e-10,1.295810947911981e-15,5.619927199832139e-19,4.794662177941578e-19,1.095246879563798e-11,1.2110318327843894e-09,3.057737786090251e-14,7.740448611896272e-15,2.939980696778114e-07,5.209951626818093e-17,9.491473032219332e-08,2.0499397262012087e-11,6.043239161452375e-10,7.416215445994346e-11,3.4466509626931237e-31,1.0296805859241945e-34,1.9953277728624736e-30,3.3748089343583025e-35,1.4975333615338952e-30,5.9390684954185887e-36,9.949223977945791e-31,3.9502335587834724e-36,1.7889512356616596e-30,9.886664481843351e-35,1.4480175432170157e-30,1.309436400167907e-33,9.986004585268568e-31,3.554484777273322e-33,2.9878068834363112e-30,2.2969083806290628e-39,2.701039799340541e-35,4.4240512681903025e-30,1.7599381294271344e-39,1.4033948617352514e-32,6.499774213648022e-30,1.3386528479065168e-35,3.2027246382516524e-34,1.5096975133135126e-06,4.6744578221788756e-11,1.864892818925853e-06,1.7843934773910707e-13
206201739560.36282,6538.614268149506,10000.0,250.0,1.0,1.0,21.2875,8.228244964050545e-09,7.49935835205768e-15,9.14243046109594e-15,7.034413255212156e-24,8.701921054140952e-15,1.9790208405244423e-20,1.4854117297749748e-12,1.9660671677294576e-16,4.368204013285846e-23,1.0115018764973025e-18,2.928720827741183e-30,2.182161607326734e-13,2.5859630866232597e-19,3.398733013141122e-24,7.431322766497403e-17,1.7564964099470582e-23,1.3247440981178067e-26,3.3361954830553566e-23,1.0220663360742526e-16,1.4022270717332415e-21,2.842428567197655e-26,4.843874432484422e-26,1.627393800783124e-11,1.5565429045323e-17,1.783060328671819e-09,1.34510612492017e-17,3.986824193467296e-17,7.778806414847825e-15,7.674229737012751e-13,1.0867568326442338e-12,1.1478017842865258e-22,1.4938918947149062e-23,9.753522862801956e-13,3.8641346439924014e-14,9.77765339038088e-15,5.879571903888115e-15,3.353715981519685e-13,4.0472505047842596e-20,4.876814340399615e-16,3.080478575503741e-32,4.0654372395621e-42,8.051383086993778e-10,1.2228788683754445e-21,0.00014994836720405195,8.535351616315267e-16,1.5939829245276302e-07,3.4459290110250064e-08,2.3933370187669244e-17,4.0444257767003554e-08,4.158129231194111e-06,1.6054641979229776e-11,0.4999985370222178,5.76168572868006e-13,3.15899299222602e-35,1.2929722229974455e-10,1.4339423118103061e-11,9.520951646754602e-16,2.459476837252183e-14,3.2139344657074914e-11,2.8263161809580216e-11,4.6817377094594e-13,6.800232025055929e-14,0.00010706034406151648,3.490271334144047e-14,8.117468056372703e-06,1.0689318585769633e-10,9.958483498942644e-31,2.264759133839404e-10,1.002120423557668e-30,5.399472163609476e-10,1.5418396476221438e-08,2.0064387374034004e-08,2.0833225359155244e-16,4.969163623484088e-30,8.269102198925206e-40,1.2787065571150872e-07,5.1603636479489234e-17,7.995905831020321e-10,5.306718453287092e-12,5.570744011136636e-10,8.805175766831483e-13,4.991848917373436e-16,2.0846702948965556e-08,3.1218983658279124e-11,2.9999999952418727e-30,4.757846265302529e-39,2.996068946642235e-43,4.96133212076035e-11,8.337025562613914e-16,2.854446454964842e-11,1.5930215698414283e-16,2.033580525465932e-14,1.5411161483004517e-09,7.056469340515525e-12,4.3723181724014907e-07,4.802239766023579e-12,1.31184371415003e-09,7.538944400139854e-12,2.6721358090432226e-10,9.949804725810285e-31,1.0050195274189717e-30,4.079991131467985e-09,3.0911038606983876e-20,1.9997778567630192e-05,2.8414586727387986e-28,4.303733545997627e-11,1.6468909221531746e-14,3.116555201561425e-10,5.224545521704343e-20,5.444330551264462e-09,1.564918529091733e-17,1.299689987008004e-21,3.059870793416908e-07,1.3416804049894444e-12,6.242001914787171e-10,7.801699783247404e-11,2.0908073827051206e-15,1.3249195912972158e-15,1.2894288945663162e-10,4.0109319874188e-14,1.073658780778271e-07,1.78353464038612e-18,1.150835578362078e-09,3.4037707139772024e-15,5.518321412550635e-18,1.2135188578795453e-18,1.6993697251267332e-11,2.3610070020050947e-09,6.092432034666905e-14,1.3325994150423529e-14,3.433787196884012e-07,6.889198816547864e-17,1.554155185568781e-07,3.0325300946868013e-11,1.9605268036979158e-09,7.863541387066806e-11,1.2090611702627168e-31,4.2353245550448733e-35,1.988428088084566e-30,3.748412569338036e-35,1.4956886219660708e-30,5.9381040473245256e-36,9.913165043393938e-31,3.936879564552532e-36,1.7693089055399617e-30,3.470301381512136e-35,1.4157059272210546e-30,1.3084100418901827e-33,9.952200439695112e-31,3.524434111655924e-33,2.984213993960285e-30,2.2913803453535945e-39,2.702309366061791e-35,4.5273703419242616e-30,1.7279859459833565e-39,1.445103407429127e-32,6.689942554118746e-30,1.2000769680285027e-35,3.3115681297634243e-34,1.4952025098621578e-06,4.717460492649429e-11,1.8769458566225854e-06,1.796768052275083e-13
298185071038.61444,9455.38657529853,10000.0,250.0,1.0,1.0,21.2875,8.304770943570536e-09,7.583592410672464e-15,2.1341052447888515e-14,1.573928651232472e-23,1.374346740875015e-14,2.948166879990505e-20,3.3890178378716145e-12,3.075644433226332e-16,2.451860129373625e-22,4.28334630143811e-18,1.1739393859483972e-29,4.3016969199128376e-13,4.853803709920952e-19,3.198771744298847e-24,1.5144815823664727e-16,2.710819509767092e-23,1.0507194702024281e-25,1.0805593821355483e-22,3.1255913522074675e-16,1.0112482085169743e-20,3.977280226938061e-25,1.1768447978211264e-25,3.181630569559134e-11,1.5784465266798485e-17,2.78257253709847e-09,1.472769408571042e-17,2.674206236624339e-16,1.4937818570809287e-14,1.5244145102944963e-12,1.590941259511443e-12,5.097945609502177e-22,7.370416567612807e-23,1.9170647958572257e-12,5.80548880026813e-14,1.910773975309378e-14,8.633085056030089e-15,6.629916253537383e-13,8.230422837371033e-20,7.159786442646908e-16,1.076693050254397e-32,1.4209827649026879e-42,8.128694688629511e-10,1.2365049516359708e-21,0.00014992598193257155,8.534094697017503e-16,1.6640909844728695e-07,4.655697142349125e-08,3.000919896285465e-17,4.038035042687041e-08,6.097620147665609e-06,1.6091551336814723e-11,0.4999978651604883,5.761690334526184e-13,3.173913247977178e-35,1.4585544098912268e-10,3.608517773572306e-11,1.5770020599679774e-15,6.229269124487064e-14,6.981657546581296e-11,2.864931935908646e-11,6.660097808152574e-13,2.0289612258058982e-13,0.00010696316645524762,3.5054953932020957e-14,7.829649087396071e-06,1.237155522518111e-10,9.940017103180615e-31,3.9433001427880287e-10,1.0043958109626276e-30,5.404932842465899e-10,1.5726346776818286e-08,1.9446333128065123e-08,6.928254579682182e-16,4.9892013295513425e-30,8.122388597750974e-40,1.2792211471538252e-07,5.175887999348507e-17,8.084245631519988e-10,1.2447549577479052e-11,5.585746962124192e-10,9.498899273222876e-13,2.1301961831281124e-15,2.0460382958487367e-08,4.263338819650477e-11,2.999999995229397e-30,4.770324390619548e-39,2.9960685345572168e-43,4.9673629489018046e-11,2.289353600912894e-15,8.070125014159912e-11,3.822891010318973e-16,5.973120179509358e-14,1.5427425313045985e-09,7.151194062476902e-12,5.759037156877264e-07,7.223599298405052e-12,3.1067359120169854e-09,1.9000707896558057e-11,2.64741687434341e-10,9.926444836597366e-31,1.0073555163402635e-30,5.6521887881197365e-09,4.282258788633929e-20,1.9996806569122617e-05,5.591855488343874e-28,4.30913859490908e-11,2.520543186478008e-14,4.55583173694523e-10,7.438599550796067e-20,7.798461834195304e-09,2.2532021046110144e-17,6.96549846710299e-21,3.0337957687866847e-07,1.6468499003294662e-12,6.178846314689579e-10,1.885006324182405e-10,5.4240366811470774e-15,7.539289171553094e-15,3.6416723547182417e-10,6.818183637533973e-14,1.461051251636958e-07,2.429200548039991e-18,2.7185854447036635e-09,8.317899177591044e-15,4.461091983865814e-17,2.869557384450838e-18,2.0226514707349363e-11,4.75496286806091e-09,1.256207050660101e-13,2.4601464576527572e-14,3.7874301602040894e-07,8.848214752619527e-17,2.7397160828276233e-07,5.0499022755422324e-11,6.46635421922213e-09,8.814588735890847e-11,6.916825566760553e-32,2.9502463895479454e-35,1.9738337332383902e-30,5.442622023767739e-35,1.4923557270292597e-30,5.948225280279583e-36,9.848543024874447e-31,3.9269354244557265e-36,1.7208439608116793e-30,1.9882208316982337e-35,1.3611663872715862e-30,1.2898913183381874e-33,9.899383439214852e-31,3.458204220552452e-33,2.978991824414719e-30,2.2822251161256722e-39,2.702921027689925e-35,4.659927917446978e-30,1.7780605681853476e-39,1.5052753117718089e-32,6.744235550886391e-30,1.0583572753833965e-35,3.3603430873103635e-34,1.477402499612352e-06,4.799517336377235e-11,1.8985475863761086e-06,1.8186268128934798e-13
431200710429.8694,13673.284830982668,10000.0,250.0,1.0,1.0,21.2875,8.440660011102501e-09,7.730054713063043e-15,5.552266538597798e-14,3.9878250372084363e-23,2.2834981100300813e-14,4.801061458193581e-20,8.105335770789691e-12,5.352128259736988e-16,1.523690382990458e-21,2.1118868031934738e-17,6.334069586005615e-29,7.360270330143607e-13,8.227590865419575e-19,2.95597156438366e-24,2.6540921769341735e-16,4.574952820828024e-23,8.981323570593464e-25,4.0953516846982436e-22,1.0669875373883697e-15,8.457317174212536e-20,6.201363882500991e-24,3.3918214219980986e-25,6.786159140411851e-11,1.6176715936590784e-17,4.531397282426855e-09,1.7137418879587222e-17,1.967176252855026e-15,2.9530634457671735e-14,3.158487891836215e-12,2.5133668901050483e-12,2.5789011905944706e-21,4.30031363771958e-22,3.973459620889125e-12,9.479325445151616e-14,3.92892707122929e-14,1.3692462565972794e-14,1.3893783913241767e-12,1.7621449380847217e-19,1.1351024696109442e-15,6.517282909282171e-33,8.601521884241584e-43,8.230534955736006e-10,1.254688691009061e-21,0.0001498940274775299,8.532302513766555e-16,1.7727762702061644e-07,6.593630027183654e-08,3.822684201433576e-17,4.0301110644009705e-08,8.858012605277269e-06,1.6146480024510177e-11,0.4999969654386124,5.761696642902398e-13,3.1830947961096636e-35,1.274103385718413e-10,8.882751229096959e-11,2.678834433421165e-15,1.537636504750676e-13,1.723134532768634e-10,2.1473366972928417e-11,1.0081319933875245e-12,5.717069714733108e-13,0.0001068418469246353,3.519155700098057e-14,7.414319573573511e-06,1.4371483799550342e-10,9.913371708877768e-31,7.161449551296676e-10,1.0081497957733458e-30,5.412306237147502e-10,1.6171171040093515e-08,1.8452320260650515e-08,2.347771999990263e-15,4.993450885331796e-30,8.101263393987492e-40,1.2804888070592435e-07,5.200587735331405e-17,8.202568508718628e-10,2.4901386382546465e-11,5.607376663460392e-10,1.006142376512431e-12,8.372181151348419e-15,1.4799281169778694e-08,6.154955130439082e-11,2.9999999952096117e-30,4.790111248584579e-39,2.9960675308906143e-43,4.970269309333681e-11,8.489000999035817e-15,2.159727347379167e-10,8.84835071562512e-16,1.5889315279391588e-13,1.5448839502013312e-09,7.298123669568412e-12,6.726212113948806e-07,1.1805845184017282e-11,7.672518676214277e-09,5.526301084909373e-11,2.6338853989135594e-10,9.891716849023256e-31,1.0108283150976746e-30,7.627896750061876e-09,5.779143628528004e-20,1.999540191674758e-05,1.0523486247908118e-27,4.3155554546385535e-11,3.7970374670291177e-14,6.551727723349776e-10,1.038231297616508e-19,1.1000157485221813e-08,3.1951234727072615e-17,3.5780501701779945e-20,2.9973098186413323e-07,2.1197987288328476e-12,6.074720433986604e-10,4.378244179334802e-10,1.3815704785263474e-14,3.9046305949053126e-14,9.400514179330022e-10,1.1566058649555476e-13,1.9098264759154041e-07,3.1795133733450716e-18,5.9435662139289316e-09,1.8776538840649524e-14,2.7167194934335236e-16,6.282176840553181e-18,1.7109544742309944e-11,9.872568776358498e-09,2.6870151520087957e-13,4.8253436700317746e-14,3.966321592197908e-07,1.098562486804383e-16,5.128052772419664e-07,9.476828663591131e-11,2.105304301499706e-08,1.0954166747570745e-10,6.851397763326093e-32,3.4298901724475467e-35,1.9448234286689315e-30,9.131165187140119e-35,1.4863497008009415e-30,5.956612864803155e-36,9.73395212321448e-31,3.902766068603724e-36,1.603177026160173e-30,1.9467952022731626e-35,1.2711126842848778e-30,1.2211258187134553e-33,9.819092013983477e-31,3.322885440086886e-33,2.971392956407747e-30,2.267902016369742e-39,2.702871374888631e-35,4.899238193195074e-30,1.9191303608093743e-39,1.6090882528179343e-32,6.7707706038222e-30,9.52474626026053e-36,3.4083021505864924e-34,1.4653220030900706e-06,4.9871451924389976e-11,1.9327404216979773e-06,1.853199403027438e-13
623552520679.8375,19772.720721709713,10000.0,250.0,1.0,1.0,21.2875,8.688467671500352e-09,7.994139438090177e-15,1.4761580504063898e-13,1.0435857002127684e-22,3.645868485289089e-14,7.890779170118279e-20,2.0117324218060623e-11,9.719477577441786e-16,1.0342740774930751e-20,1.1694139970844396e-16,3.699944473991313e-28,1.07274607445923e-12,1.2158285710580645e-18,2.6731458941790775e-24,3.9313122968216224e-16,7.855522090812621e-23,8.368938791540258e-24,1.7195494817268977e-21,3.933791264286216e-15,7.91581794024744e-19,1.078497298018375e-22,1.115725167107985e-24,1.4049214334906665e-10,1.686729019370764e-17,6.980531320879864e-09,2.1066323667134493e-17,1.4452709396706852e-14,5.82016111634754e-14,6.523510488416549e-12,3.914353926365501e-12,1.5478849176955872e-20,2.7357357903320345e-21,8.590343896331744e-12,1.5559863503027925e-13,8.394301745341996e-14,2.1440091937650416e-14,3.057041967316351e-12,3.7493833643015705e-19,1.776714427281952e-15,6.232739794456419e-33,8.226342339976628e-43,8.358368478936947e-10,1.2775413193591697e-21,0.00014984994480273707,8.52983972237245e-16,1.9336160753351245e-07,8.621710520399193e-08,4.7143220237072627e-17,4.0216065189961675e-08,1.275828334120647e-05,1.623218208323126e-11,0.499995803253135,5.761706371299819e-13,3.193675688943678e-35,8.54859433375968e-11,2.0906520267908102e-10,4.32512626664219e-15,3.612197237085628e-13,4.547009230365967e-10,1.3554325342858478e-11,1.4744858551245375e-12,1.4963544797863721e-12,0.00010666388309907506,3.532975997605724e-14,6.817417315751134e-06,1.64042315740682e-10,9.874962133000467e-31,1.2512430582138297e-09,1.0139897760642355e-30,5.423191684240087e-10,1.680374389695578e-08,1.689801206906956e-08,8.290664934017704e-15,4.993735322636127e-30,8.117293412777903e-40,1.2825846705691011e-07,5.2388181774756585e-17,8.355395465868583e-10,3.9958321279426765e-11,5.640196068069431e-10,1.0570827378141466e-12,3.0529666806175715e-14,8.980489699371937e-09,8.330352457036213e-11,2.9999999951783207e-30,4.821401524594834e-39,2.9960658342152302e-43,4.963623069828002e-11,3.845470845643319e-14,5.356328734226629e-10,2.0142182941356216e-15,3.6570242319872575e-13,1.547922552871083e-09,7.514288034074352e-12,6.394633350976234e-07,1.983908438187665e-11,1.9166675276730492e-08,1.5920237744972329e-10,2.6666429008853657e-10,9.839681274669703e-31,1.0160318725330296e-30,1.005687043291577e-08,7.619471098743401e-20,1.9993373294062247e-05,1.8603861196378213e-27,4.32424324834051e-11,5.663774126738897e-14,8.882258835215043e-10,1.3919014460412536e-19,1.5176528679249858e-08,4.396113251668719e-17,1.7505633037253056e-19,2.9471590342291566e-07,2.8548420826845793e-12,5.907748892772062e-10,9.98068017602264e-10,3.569965650460539e-14,1.7847876426862752e-13,2.1133899599962426e-09,1.929350660001802e-13,2.41535122590697e-07,4.0293304765410065e-18,1.203345883279639e-08,3.92509240637843e-14,1.1037539277753467e-15,1.2744540060592194e-17,1.1458065068589538e-11,1.9969838828730396e-08,5.65462139159031e-13,9.390407176120111e-14,3.9966349937169643e-07,1.330435477779882e-16,9.502974751595112e-07,1.8824674256483626e-10,6.168265232294868e-08,1.5303741018636166e-10,7.77545018569783e-32,4.5798215163181325e-35,1.8904754079242187e-30,1.672471820780002e-34,1.4756452521210268e-30,5.958167670876417e-36,9.535599337221881e-31,3.852341234331042e-36,1.3366140924453207e-30,2.1634434326887693e-35,1.1295386765299824e-30,1.03596590542986e-33,9.700159062865867e-31,3.069787338960796e-33,2.9603266216028007e-30,2.246626718584944e-39,2.702827717841022e-35,5.332518766645392e-30,2.1974358738830106e-39,1.7898800062416055e-32,6.83692729526562e-30,8.755075851833208e-36,3.489380912517852e-34,1.477663037545493e-06,5.416251829623064e-11,1.9827494688283342e-06,1.904169306976493e-13
901709428211.6584,28593.018398390996,10000.0,250.0,1.0,1.0,21.2875,9.108786499404336e-09,8.442354902699923e-15,3.3506929751609093e-13,2.3486323649949523e-22,4.799785680462173e-14,1.12813573597454e-19,4.662802949337519e-11,1.6270480533625305e-15,6.454272917451294e-20,6.077474152147075e-16,1.7753730367882263e-27,1.3863777678116015e-12,1.622248879231019e-18,2.363379855489326e-24,5.136335982914954e-16,1.1987065751372954e-22,7.48311840430641e-23,6.5528959164776476e-21,1.382244916099193e-14,6.747100528916115e-18,1.8366132596232455e-21,3.929067590325334e-24,2.4148592900722944e-10,1.791688572292828e-17,8.646399111090116e-09,2.527776918616557e-17,8.759447959621853e-14,9.919537693147997e-14,1.1452772140789981e-11,5.1160567022711795e-12,9.932479262751705e-20,1.5617299784749172e-20,1.769508223461102e-11,2.2441304117942148e-13,1.6963527186082488e-13,2.8187683306536282e-14,6.506052289677136e-12,6.771417849186747e-19,2.3409478157626738e-15,6.423296051426903e-33,8.478425530369915e-43,8.548645299210618e-10,1.3095622028959758e-21,0.00014979165565723302,8.526600118227665e-16,2.16444465722701e-07,1.0341817667237478e-07,5.583478112733437e-17,4.012389464280985e-08,1.8326074664285832e-05,1.636506526981643e-11,0.49999424819712057,5.761722107201137e-13,3.2102548907499814e-35,5.513745856663239e-11,4.31485796216763e-10,5.825256147411483e-15,7.421298506681515e-13,1.124972233325978e-09,9.218656240756486e-12,1.7582440556073327e-12,3.603613085787946e-12,0.0001063668433720876,3.550259778193134e-14,5.968488383892851e-06,1.8110272523950468e-10,9.819671891095467e-31,1.9023343137831146e-09,1.0227993568402309e-30,5.44051873543525e-10,1.77107591035004e-08,1.4692027378381629e-08,2.9279845839835916e-14,4.993544600584144e-30,8.147039666273653e-40,1.2854975894722288e-07,5.2967699584343823e-17,8.57880806625519e-10,4.787332508922935e-11,5.69162733518804e-10,1.117803808146229e-12,1.0019128057525469e-13,5.798565775388854e-09,1.0513431688233229e-10,2.999999995131741e-30,4.867980608338522e-39,2.9960634700593498e-43,4.95257528583873e-11,1.6998703682553566e-13,1.2128754077855387e-09,4.66962513454936e-15,6.999211352442431e-13,1.5526745646223924e-09,7.829499241812163e-12,4.625591416382492e-07,3.1640612774289e-11,4.480157837991923e-08,3.8567863491209404e-10,2.7952360633791735e-10,9.761189881913874e-31,1.0238810118086128e-30,1.3266349447594158e-08,1.0051203954937671e-19,1.9990446829149307e-05,3.0923132056326468e-27,4.339070635609163e-11,8.399344415309011e-14,1.0619935128767744e-09,1.751781053764234e-19,2.024397738850739e-08,5.73663561810001e-17,7.698867882197864e-19,2.879820010786267e-07,3.950235802401946e-12,5.67979902676882e-10,2.311494910124307e-09,9.687442353528404e-14,7.076484661516765e-13,3.968994754265817e-09,3.125642230349194e-13,3.090997309476371e-07,5.17274173488811e-18,2.3029526387548586e-08,7.80838803857349e-14,2.5897937812762558e-15,2.446811587919446e-17,7.663288227893815e-12,3.765942367672782e-08,1.1263382114908344e-12,1.7081411068872513e-13,3.943354105336948e-07,1.6369667033986456e-16,1.594363758623099e-06,3.6179321919196575e-10,1.433818293299964e-07,2.2234932531350016e-10,9.37105366295138e-32,6.458103513509744e-35,1.792205131933196e-30,2.9790526098738923e-34,1.4563988325494753e-30,5.942850642930826e-36,9.196437051676955e-31,3.7551841136513606e-36,8.578592106456295e-31,2.50350171802653e-35,9.20735971265999e-31,6.799787033379467e-34,9.526954123618117e-31,2.6380810837258462e-33,2.9441935062248995e-30,2.2160789629184274e-39,2.7044728593582195e-35,6.079156624363346e-30,2.7201065762903264e-39,2.0987835298150107e-32,6.935506238139986e-30,7.333242413536594e-36,3.5797653772556026e-34,1.5394453759129666e-06,6.313821893737174e-11,2.053899992934382e-06,1.9774771505741567e-13
1303947728475.74,41347.91122766806,10000.0,250.0,1.0,1.0,21.2875,9.70661439889974e-09,9.093366432103021e-15,5.277121415686835e-13,3.68911399248822e-22,4.8271417853223104e-14,1.283973314680091e-19,8.929662068820768e-11,2.337441299592913e-15,2.7960169535012395e-19,2.4188043079940228e-15,4.624959773671596e-27,1.6880373522883092e-12,2.0764724849914845e-18,2.0491367548670878e-24,6.321563641204329e-16,1.5409591025797294e-22,4.797868443084681e-22,1.929980160977224e-20,3.827975579439501e-14,3.901646617082118e-17,2.400729925288967e-20,1.326713401570604e-23,3.1612875493670384e-10,1.9223415133079546e-17,7.935267427781693e-09,2.746566313107879e-17,3.658611972692707e-13,1.1684146745999043e-13,1.408454450553796e-11,5.179791858980329e-12,5.530997496296245e-19,6.488488278663741e-20,3.101496367351878e-11,2.7166125046462053e-13,2.8774984892858833e-13,2.871579843715088e-14,1.2163106284607876e-11,8.965584677409434e-19,2.400491631445375e-15,6.72056575575238e-33,8.87170164882471e-43,8.882842912766375e-10,1.3615078769799478e-21,0.00014971876433672826,8.522559181557766e-16,2.4918441496602523e-07,1.1533510004021358e-07,6.28028357255827e-17,4.000407277389115e-08,2.6435934775683857e-05,1.6562636239655354e-11,0.4999919594543706,5.761746746314703e-13,3.2377846592487824e-35,3.809178372645349e-11,7.142968347538039e-10,6.2572758231070515e-15,1.2287166420088805e-12,2.29990404156572e-09,6.210211118461768e-12,1.5756983290907069e-12,7.927916949433656e-12,0.00010584395000660172,3.574470909444682e-14,4.805782403659756e-06,1.908775967287691e-10,9.74024328370604e-31,2.4128168055319695e-09,1.0362053546611528e-30,5.46869372844605e-10,1.905576119196319e-08,1.1857633285172124e-08,9.384086980723973e-14,4.9932470555776586e-30,8.191414910168682e-40,1.2897581638439144e-07,5.384526585210722e-17,8.966772598108306e-10,4.314177209037397e-11,5.772990595605902e-10,1.2093217188841096e-12,2.800494352960468e-13,3.6358559610415466e-09,1.2591085298168914e-10,2.999999995068801e-30,4.930926325604186e-39,2.996060720418747e-43,4.967087915503508e-11,6.299958498217353e-13,2.4677932344641696e-09,1.1418992214340247e-14,1.107706228821438e-12,1.5604857160771741e-09,8.308302186023634e-12,2.7873758750564876e-07,4.603419078272288e-11,9.074719265404031e-08,7.375705225966222e-10,3.085293257793091e-10,9.642368894934475e-31,1.0357631105065527e-30,1.7940962637392355e-08,1.3593125780428935e-19,1.998623471966605e-05,4.973133306339447e-27,4.3675645448130135e-11,1.2454588377200533e-13,1.0704220611988082e-09,2.0754197648088293e-19,2.555397873743027e-08,6.958660833642745e-17,2.7812737196551985e-18,2.791659014409646e-07,5.482524482000278e-12,5.425931021399393e-10,5.62346205870796e-09,2.826143813515712e-13,2.394857098407561e-12,6.1724667438188735e-09,4.833703960452709e-13,4.180533782551648e-07,7.02880937240328e-18,4.333021767576423e-08,1.5581792969373953e-13,3.5203807846894476e-15,4.627475122315188e-17,5.411722546133708e-12,6.600477142865957e-08,2.1332249073464007e-12,2.903106187279751e-13,3.8865108477440373e-07,2.1369175758212388e-16,2.343118850203118e-06,6.560795525817169e-10,2.522447366683691e-07,3.050165827121686e-10,1.227446697601789e-31,9.801390232643538e-35,1.6166472199884685e-30,4.811455957682643e-34,1.4198696626360446e-30,5.882397568227324e-36,8.605311471601436e-31,3.5681714327770736e-36,3.3172066916336793e-31,3.078524429527285e-35,6.371904799555994e-31,2.735157224203355e-34,9.275049197377008e-31,1.9656356910923213e-33,2.9206055448977266e-30,2.172334779379919e-39,2.710617403829074e-35,7.3357348540731e-30,3.692974943050456e-39,2.6276217657308093e-32,6.76172774723107e-30,4.7793354423357e-36,3.510749784188766e-34,1.6820925646211338e-06,8.095015738251982e-11,2.1584894968825293e-06,2.0859801321781405e-13
1885618166341.203,59792.559815487155,10000.0,250.0,1.0,1.0,21.2875,1.0367699510034706e-08,9.860825800805152e-15,5.378605504601359e-13,3.768701684900308e-22,3.975641530331547e-14,1.1970454415605027e-19,1.3946228945432083e-10,2.9809873966333405e-15,7.419456151581576e-19,6.99680283458744e-15,4.7647460334484195e-27,1.9807802674965923e-12,2.61253485190086e-18,1.753771332689762e-24,7.51552252947652e-16,1.8558548470270064e-22,1.7088132628915266e-21,4.590442811344042e-20,7.143775076574653e-14,1.3357248631485708e-16,2.0149764811832856e-19,3.944961101227781e-23,3.3370918390782067e-10,2.0596226269817495e-17,5.796262237540814e-09,2.76760221027993e-17,1.0258687974738395e-12,8.141997934341123e-14,1.2131043932475994e-11,4.370857778559379e-12,2.34212567367451e-18,1.847526795975985e-19,4.422240348629475e-11,2.9791524336023136e-13,3.88110030445332e-13,2.43730855409628e-14,1.953887810782497e-11,9.176347365048731e-19,2.066147447736108e-15,7.15912285952937e-33,9.452014198196147e-43,9.454217217315163e-10,1.4478891458592477e-21,0.00014963464994535345,8.517885742186799e-16,2.9589704287097053e-07,1.1270591367242534e-07,6.311035371406781e-17,3.987947813350139e-08,3.8378913817502616e-05,1.6847861957648138e-11,0.4999884226807146,5.761782729506969e-13,3.2833192884022254e-35,2.6535352209128822e-11,9.258743991221662e-10,5.813098129410865e-15,1.6122859234781356e-12,3.735256932708024e-09,3.673275144799336e-12,1.1620596964349998e-12,1.5008443512098174e-11,0.00010491663813435563,3.606747440593795e-14,3.3432201825305587e-06,1.8172495284466156e-10,9.626473245570007e-31,2.5648215690626646e-09,1.0573946736735292e-30,5.513634139208722e-10,2.10235355732208e-08,8.392928947338742e-09,2.5761291304264847e-13,4.992808043121109e-30,8.255639673132795e-40,1.2962072843265174e-07,5.5158886272776876e-17,9.616911968236254e-10,3.2061808822861024e-11,5.901612932985345e-10,1.3558662557863625e-12,6.476698914383507e-13,1.9511114996921676e-09,1.3534350482353996e-10,2.999999994991333e-30,5.008392596802668e-39,2.996057419642295e-43,5.041621162159726e-11,1.93199661470193e-12,4.22527594528525e-09,2.9392894665348345e-14,1.449565803967167e-12,1.5729626851454845e-09,9.105800699883189e-12,1.5834548345426532e-07,6.154785998909728e-11,1.5261255571471657e-07,1.1629925636077064e-09,3.6410042257927785e-10,9.46240739722074e-31,1.053759260277926e-30,2.4707117930548025e-08,1.8720004656753138e-19,1.99802100474213e-05,8.188305072500883e-27,4.4203130026367736e-11,1.8623407211734308e-13,9.76595672909327e-10,2.454453409695215e-19,2.9304403254055567e-08,7.744371953013547e-17,7.747290253507939e-18,2.6784537215563023e-07,7.543054144569614e-12,5.170640495372115e-10,1.4304149942576659e-08,8.929560828864562e-13,6.285787537240203e-12,7.921638434236592e-09,6.897547604033487e-13,5.922639382892011e-07,1.0024810795743238e-17,8.281085895719981e-08,3.248963149615962e-13,3.5463098674285807e-15,8.916338954939692e-17,4.054133073276189e-12,1.0662006416313511e-07,3.826996970171233e-12,4.648608720389193e-13,3.8778107961481505e-07,2.951481360547012e-16,3.120413883499031e-06,1.1888420973127853e-09,3.528817758792393e-07,3.795683484533095e-10,1.7672430559125066e-31,1.7194456243429847e-34,1.3205306988582167e-30,7.02843957010286e-34,1.3455066956482619e-30,5.690048111959024e-36,7.563845530173635e-31,3.202211164988085e-36,6.70616315615072e-32,4.1666960084507065e-35,3.1730361438808833e-31,5.930079027854418e-35,8.904545142226808e-31,1.082477203526078e-33,2.885914418647806e-30,2.1081141655550622e-39,2.725225997228568e-35,9.344822985017126e-30,5.463151765657403e-39,3.533748934219443e-32,5.800161940578464e-30,2.5828381309072185e-36,3.0551105150923186e-34,1.9551311887975393e-06,1.170849026819808e-10,2.3281396776085204e-06,2.2619309454989482e-13
2726762577662.728,86465.07412679883,10000.0,250.0,1.0,1.0,21.2875,1.061412118751605e-08,1.0306521685897477e-14,3.8268220252446637e-13,2.695994609928402e-22,2.6340394953208715e-14,8.648961929632051e-20,1.854294658132259e-10,3.3967384271688377e-15,1.3266643227662794e-18,1.515209334702115e-14,1.912013967005853e-27,2.2199853912645126e-12,3.1922757429730676e-18,1.4813090684510434e-24,8.539999831150152e-16,2.2690813327771797e-22,3.340801796351957e-21,9.496678227824361e-20,8.156138988796375e-14,2.9229280353829803e-16,1.0861795796503573e-18,9.879283700154803e-23,2.7702485175753286e-10,2.1171906796194662e-17,3.308108238405014e-09,2.5454813357934046e-17,2.020561900563315e-12,3.68218612304724e-14,8.753929248644828e-12,3.0226794847043617e-12,7.308791469475685e-18,3.6861575684559928e-19,5.0368722633314966e-11,2.91098485795612e-13,4.031895113089801e-13,1.6888967964554972e-14,2.748129207207997e-11,8.248340421277776e-19,1.484348763365504e-15,7.815969834279086e-33,1.032135127279494e-42,1.030767585839127e-09,1.5768106358338829e-21,0.00014954900785035504,8.513095225024963e-16,3.634111794394423e-07,8.579248307125819e-08,5.092308604555028e-17,3.989838122175325e-08,5.621813339209473e-05,1.7245676780598835e-11,0.49998273701081136,5.761829978296211e-13,3.3579692467874743e-35,1.743659538085736e-11,9.264585232905798e-10,4.5958440380375e-15,1.6610157596277715e-12,4.871887889836475e-09,1.6315137442868676e-12,7.733413155791794e-13,2.1347629803972355e-11,0.00010327732315211278,3.644166803530972e-14,1.7878981252085054e-06,1.3733386417126013e-10,9.464208625263516e-31,2.1796639566653357e-09,1.0922338680950196e-30,5.583826781788042e-10,2.3601021731289995e-08,4.5976207461236e-09,6.106552627690523e-13,4.9921504496376765e-30,8.345762417883712e-40,1.3056247759995578e-07,5.704671588825725e-17,1.0543288281536886e-09,1.9428229825753167e-11,6.104001778009437e-10,1.5879269344444204e-12,1.2381773830696485e-12,7.712579344499688e-10,1.1492658744066839e-10,2.9999999949119188e-30,5.087808797223111e-39,2.996051594343106e-43,5.200668352617783e-11,4.891143938466242e-12,5.369149606629645e-09,7.424272835356001e-14,1.4490108285269428e-12,1.5918904154568805e-09,1.0599513442047962e-11,7.590717916660523e-08,7.397541389100656e-11,2.030805235667508e-07,1.475839158577122e-09,4.564831201923663e-10,9.189648005475158e-31,1.0810351994524844e-30,3.417087957076478e-08,2.589136874523676e-19,1.997174411992048e-05,1.434969048039789e-26,4.5144534466522135e-11,2.8337660329563166e-13,9.138493142204331e-10,3.0397597866532263e-19,2.8463447986964324e-08,7.581392719208643e-17,1.6124944979965624e-17,2.5313385325442873e-07,1.0176691777054749e-11,4.915892571460343e-10,3.530283028767559e-08,2.9123813911839734e-12,1.0566592286187377e-11,7.749204121031114e-09,8.61817480134365e-13,8.717648143156598e-07,1.4893168986770616e-17,1.6291084144617606e-07,7.132564922121045e-13,2.922239984873061e-15,1.7763627014423204e-16,3.2311038903684294e-12,1.527701896661823e-07,6.191704135979211e-12,6.768749403002852e-13,3.9272557312160183e-07,4.287398201456924e-16,3.8046619279371223e-06,2.239619292706713e-09,3.900046484461668e-07,3.9800469645839474e-10,2.6166851782798773e-31,3.3294486741941647e-34,9.008561407906654e-31,8.846532066673188e-34,1.1876507176681728e-30,5.1420467031895916e-36,5.818901521032217e-31,2.522818027910722e-36,1.5127179914570387e-32,5.770157819907017e-35,8.254966935723281e-32,1.492667108388478e-35,8.35284693623185e-31,3.201676682298619e-34,2.8344272640443188e-30,2.0107842050448945e-39,2.7542148556030494e-35,1.216042693788539e-29,8.313509333161199e-39,4.966275865869645e-32,3.996357215722183e-30,1.5006307700273956e-36,2.177723493876163e-34,2.4050326613022947e-06,1.9003017986584916e-10,2.640285292673467e-06,2.58348803899955e-13
3943128194065.3853,125035.77479913068,10000.0,250.0,1.0,1.0,21.2875,9.492097134412948e-09,9.472548805013033e-15,1.6234930514288763e-13,1.1535946605665507e-22,1.2814821258818065e-14,3.6553749865140375e-20,2.1247780121105427e-10,3.3471251677672796e-15,1.6050915293868057e-18,2.345393869632305e-14,3.7289406046312098e-28,2.243467170526414e-12,3.540491324064936e-18,1.2040345917072317e-24,8.718165908405843e-16,2.8135901969499876e-22,3.823614610870682e-21,1.5953570256489226e-19,4.379587146978368e-14,4.3830358788110416e-16,3.954450525602734e-18,1.9153315597162036e-22,1.417301147501146e-10,1.9102836901475133e-17,1.1523492770575547e-09,1.9118020747946473e-17,2.766977856973276e-12,1.096927384124551e-14,5.0713381732304905e-12,1.393664617659375e-12,1.5532655263576744e-17,4.992044138981256e-19,4.164131042857595e-11,2.1557145405572962e-13,2.8610964422390833e-13,7.73213983093842e-15,3.332325390647199e-11,5.895265349343342e-19,7.550482692730916e-16,8.820240589074505e-33,1.1650782295352058e-42,1.125065833885431e-09,1.7176159938649806e-21,0.0001494679164494304,8.508485888009223e-16,4.621347468115466e-07,4.1951137128773476e-08,2.766371972522087e-17,4.0332807490001694e-08,8.337712753171866e-05,1.7778552235668422e-11,0.4999732491667864,5.761883939948472e-13,3.480391851410386e-35,9.626354921693273e-12,6.365160086586533e-10,2.58485072842011e-15,1.1883539637793246e-12,5.20799786259828e-09,3.956053719026774e-13,5.54242284188007e-13,2.0068004443874603e-11,0.00010044592637756899,3.6805320871669805e-14,5.940753615023792e-07,6.468102548756345e-11,9.234213161105902e-31,1.358921432936865e-09,1.1514582500142427e-30,5.692728738680745e-10,2.6114489324827472e-08,1.5343625880278627e-09,1.2603441069443563e-12,4.991144954644486e-30,8.467910032764974e-40,1.316982733789777e-07,5.951207410235837e-17,1.1468325145453013e-09,7.789969043100929e-12,6.422507065690916e-10,1.953996137807929e-12,1.9259526188630224e-12,1.6471159753562923e-10,6.130539806411134e-11,2.9999999948628257e-30,5.136910132094124e-39,2.996038496218521e-43,5.413012048639516e-11,8.986214039560326e-12,4.620881444431453e-09,1.6620522437620245e-13,9.152658680917937e-13,1.6197586478635771e-09,1.365556932086526e-11,2.5310723646580802e-08,7.484313697653179e-11,1.956843776137843e-07,1.2727866508249485e-09,5.763113315334126e-10,8.771727441641069e-31,1.1228272558358933e-30,4.6784891271330593e-08,3.5450818004998073e-19,1.9960322945141236e-05,2.5712936839543666e-26,4.680483284432226e-11,4.3964444165584367e-13,8.698280408701486e-10,3.8513464854328757e-19,2.1339229932925728e-08,6.064042893856836e-17,2.4324693632209455e-17,2.3247245514838472e-07,1.294506629872692e-11,4.596465197183868e-10,7.577262848272241e-08,8.617894946759998e-12,1.0341613585591243e-11,4.795093393748092e-09,8.914227493992966e-13,1.3488959106230407e-06,2.332908144596041e-17,3.3384021512480714e-07,1.6341587908231911e-12,1.630894070661569e-15,3.711021829293372e-16,2.701125256440058e-12,1.815965884918047e-07,8.101571879470574e-12,8.398098001073838e-13,4.0210034463602424e-07,6.629859471645794e-16,4.065460499414309e-06,4.092474992714712e-09,3.0273213835472505e-07,2.940057996096065e-10,3.369668206517343e-31,5.740364755384178e-34,4.760490970186966e-31,8.202937533523333e-34,8.63940364557678e-31,3.819118049517959e-36,3.3199033868816843e-31,1.4699746366271059e-36,7.484872622640819e-33,6.602636168796711e-35,9.520193681010733e-33,8.155830060150089e-36,7.523648551783612e-31,4.638471838965143e-35,2.7569917572588227e-30,1.858925909399553e-39,2.806139855124965e-35,1.526236157504284e-29,1.1489432067305297e-38,6.693846225925839e-32,1.982269940094745e-30,9.843620447127926e-37,1.1422759112348503e-34,2.978525436608717e-06,3.117829753264405e-10,3.2613365537604543e-06,3.219262612187294e-13
5702095254718.041,180812.25439872022,10000.0,250.0,1.0,1.0,21.2875,7.2111706743529994e-09,7.467070030516952e-15,4.4107209541945156e-14,3.188090804343878e-23,7.458252278363083e-15,9.95924012849331e-21,2.1850271837065715e-10,3.2503478968999625e-15,1.2715400606978412e-18,2.5355732374246304e-14,4.143516540111408e-29,1.8081011570669459e-12,3.2143575978784114e-18,9.155729488536293e-25,7.172152824319764e-16,3.493199980752249e-22,2.7457702070789646e-21,2.1023811253620986e-19,6.634129037833138e-15,4.841997151456319e-16,9.68876983162205e-18,2.8013652723583804e-22,3.9729820872473114e-11,1.48521519097769e-17,2.1845342200145623e-10,1.2457181518723901e-17,2.802392980571299e-12,2.3725454294067974e-15,2.250117045605125e-12,4.922753369878109e-13,2.252587878767129e-17,4.81966908257833e-19,2.2300052954949997e-11,1.1082695038095049e-13,1.208942805488834e-13,2.6387045476425693e-15,3.484309519192696e-11,3.780668654119174e-19,3.40753743872753e-16,1.0350948717017461e-32,1.3677978279769592e-42,1.18908841121554e-09,1.810578160001646e-21,0.0001493677203044142,8.502739665781579e-16,6.068527048832848e-07,1.2403003742142296e-08,9.585785852384948e-18,4.0780014590133125e-08,0.00012471828526041266,1.8505336188150174e-11,0.49995776005545767,5.761940570931648e-13,3.6844725951665736e-35,4.227639247851466e-12,2.3913276207337806e-10,1.0451566958153982e-15,4.690979039687861e-13,4.953561939714522e-09,5.3294466377465383e-14,4.960320907359279e-13,1.2818927657368223e-11,9.587141308871294e-05,3.715478436607416e-14,8.494297047630143e-08,1.2994228798649552e-11,8.911146697469105e-31,6.567096036582376e-10,1.252972099286693e-30,5.863220736306752e-10,2.7721454711656508e-08,2.1329046799893964e-10,2.250391150630896e-12,4.9896122056920215e-30,8.636712491467745e-40,1.3233732335800163e-07,6.236192883308185e-17,1.2113455739012614e-09,1.819721969323524e-12,6.941344629936031e-10,2.5447664312310456e-12,2.363206147957793e-12,1.3919024785352361e-11,1.9030496392328608e-11,2.999999994873149e-30,5.1265851564013576e-39,2.996011795476853e-43,5.6014432173708396e-11,1.1008651210560543e-11,2.812353448949005e-09,3.1582438976643895e-13,3.3408973903262037e-13,1.6646393351037518e-09,1.9832361469030158e-11,5.090786530960707e-09,6.148095825681783e-11,1.26199694146105e-07,5.775952365082833e-10,6.783321118413095e-10,8.13541972906718e-31,1.1864580270932822e-30,6.141131297139127e-08,4.653725175173771e-19,1.994605788708034e-05,4.321135115837302e-26,4.9694755409008375e-11,6.840821342601492e-13,7.92240133979454e-10,4.769456933029755e-19,1.2049819978668432e-08,4.0179663292007504e-17,2.7247089749955242e-17,2.017025335321126e-07,1.3049995915899604e-11,4.0755591392330505e-10,1.3402514184752875e-07,1.823399108752076e-11,6.754443900272668e-12,1.6923430392162427e-09,7.718057238705665e-13,2.1648732410475393e-06,3.8063859609059534e-17,7.214868108416277e-07,3.9488002209860395e-12,5.535299798401186e-16,8.259980740158574e-16,2.4032871323823542e-12,1.6995522411039294e-07,7.905262179739597e-12,8.556993881346916e-13,4.1302183101888534e-07,1.0802536207073908e-15,3.5517945109529347e-06,5.566170485214075e-09,1.313048210877023e-07,1.4135619536870136e-10,3.31180974720698e-31,7.1619356321666745e-34,1.7879452025908471e-31,3.9584621092597155e-34,3.6228294042447537e-31,1.652244712426302e-36,9.362295608531739e-32,4.277128782103359e-37,6.0227773973620656e-33,5.324984556660387e-35,2.9835307350257528e-33,6.925323307813881e-36,6.288169983847577e-31,1.9335535563477182e-35,2.6384781897626714e-30,1.6201637859604653e-39,2.8946704048569076e-35,1.7548797380418337e-29,1.210603764595226e-38,8.055021253974266e-32,8.742192333400498e-31,6.108429023275731e-37,5.498493646525907e-35,3.3865350628514977e-06,4.160961373174172e-10,4.425710179644751e-06,4.417081458064213e-13
8245709673556.404,261469.73850698897,10000.0,250.0,1.0,1.0,21.2875,5.214880193232804e-09,5.6986095051777325e-15,1.961763170727142e-14,1.4556382873464578e-23,6.635154503210199e-15,4.075228795742861e-21,2.159298658831009e-10,3.355334505631822e-15,7.64005762164744e-19,2.1670081184190917e-14,4.154596487492323e-30,9.978677416378928e-13,2.218954599465246e-18,6.554300858647191e-25,4.211507484971273e-16,4.162798354560831e-22,1.7355466471761824e-21,2.5195855478343677e-19,1.0314476352069283e-15,4.619973585780472e-16,1.5770942270576305e-17,3.5732231218194893e-22,1.2138687020686229e-11,1.123013856007516e-17,4.5350752267573475e-11,8.822407816329726e-18,2.4082750801554285e-12,7.500311681918865e-16,9.1398336014776e-13,2.677552861414794e-13,2.6984821899145498e-17,3.943361353208093e-19,8.367386376467752e-12,4.6564739435599e-14,3.623392478125959e-14,1.3060426071451287e-15,3.358246314309493e-11,3.35505544079607e-19,2.41081935144057e-16,1.2613620502361526e-32,1.6677465347468972e-42,1.2166471391083787e-09,1.848699455713029e-21,0.00014920644147268462,8.49359346481628e-16,8.191262741273578e-07,4.318213525231182e-09,3.696439617509183e-18,4.023972703676811e-08,0.00018600817035468108,1.9584446406668698e-11,0.4999339983697938,5.761998811627451e-13,4.021629366655306e-35,1.6281517563842217e-12,4.143837358656929e-11,5.257796280325133e-16,8.813780892377791e-14,4.489967346492394e-09,2.1129262621396423e-14,4.83016365324232e-13,6.95127282344448e-12,8.916968386629893e-05,3.7599928971422105e-14,2.729294710495342e-09,7.617123400997556e-13,8.463217107593643e-31,2.723979248399976e-10,1.4135255837515099e-30,6.127732654179042e-10,2.8917268796600423e-08,6.784240461159727e-12,3.529190944947586e-12,4.9873461623134485e-30,8.888824620733939e-40,1.3087198123283424e-07,6.532276199016256e-17,1.277325588126821e-09,3.657557861869522e-13,7.813718868159981e-10,3.5552025290622e-12,2.342396666197456e-12,6.817909983562987e-13,7.017957331023848e-12,2.9999999949269607e-30,5.0727573201224063e-39,2.9959637846112854e-43,5.7422145489790725e-11,1.0331303630783592e-11,1.4406221843795346e-09,5.393982808398401e-13,1.0801046562706965e-13,1.740371792634229e-09,3.079172159250128e-11,7.963064908249839e-10,4.23082347941901e-11,5.3857844540031297e-08,9.901342392742829e-11,7.09108633264882e-10,7.267338294245411e-31,1.273266170575459e-30,7.319296633929474e-08,5.5471154142813495e-19,1.993050832279762e-05,6.11903636366917e-26,5.45156897355488e-11,1.045241434461402e-12,6.711997693172925e-10,5.464764158012481e-19,5.9906589409822335e-09,2.624459864135148e-17,2.5685221568040542e-17,1.6056931400951683e-07,8.759773861847308e-12,3.332503790460293e-10,2.0467358801734494e-07,2.4499781758351607e-11,3.5657275167902714e-12,5.049119319985833e-10,5.641564516369036e-13,3.3616252294886165e-06,6.054121451705236e-17,1.6268344018758873e-06,1.0337154074458812e-11,1.7338114297613298e-16,1.946396089157018e-15,2.4546896660315783e-12,1.31176032240965e-07,6.28471552417167e-12,7.616485832009537e-13,4.295138342926852e-07,1.7385292625183582e-15,2.4260256875855613e-06,4.788006690523174e-09,2.1366967799425214e-08,6.75984747962999e-11,2.7744126547123603e-31,7.055254726871907e-34,1.9696012964784537e-32,3.562893975117028e-35,3.577556006138828e-32,1.7566380331493551e-37,5.286793557419664e-33,2.5997755401667287e-38,4.690080324471751e-33,3.4909624517605766e-35,1.3910290508189889e-33,5.7754689033306665e-36,4.602407383460579e-31,1.2373526921450202e-35,2.454988475030975e-30,1.271589602987922e-39,3.0346976631281694e-35,1.8681552798417202e-29,1.030892734010215e-38,9.095585710113954e-32,5.535909339718313e-31,3.0508431240921294e-37,3.979361533891612e-35,3.2601830742151095e-06,4.149515548721754e-10,6.1802896055671676e-06,6.268435613456912e-13
11923990214706.387,378107.249324784,10000.0,250.0,1.0,1.0,21.2875,3.977521823651919e-09,4.712628412311988e-15,1.3806485280931255e-14,1.06496724970844e-23,6.437188536437655e-15,2.5391781283077635e-21,2.1077721205129734e-10,3.641430390151792e-15,3.828171388335505e-19,1.6133122240885395e-14,7.326680371671756e-31,3.210188859222063e-13,1.2116771105122042e-18,4.254694057200837e-25,1.502225876201471e-16,4.907980005290492e-22,1.2444404864817291e-21,2.9924268897879033e-19,4.58829986960817e-16,4.0994867123713997e-16,1.658187785719834e-17,4.536413664023963e-22,4.977857989453504e-12,9.153490068441403e-18,1.2784537249448155e-11,7.029820973843879e-18,1.7363935103154173e-12,3.430299302426417e-16,4.590070463467581e-13,2.05787102213537e-13,3.0762166386324875e-17,2.977307216368606e-19,3.387575785171439e-12,2.300308171799363e-14,1.5010031888107213e-14,9.041877453134251e-16,3.152717981945674e-11,4.015776050543578e-19,2.2443244527013184e-16,1.5890833036763487e-32,2.1029211151169888e-42,1.1803872044948163e-09,1.7917492130212696e-21,0.00014894511787648385,8.478880284321978e-16,1.1326403107563169e-06,2.13789946902827e-09,1.814465883419371e-18,3.9296719161906216e-08,0.0002748195714147684,2.126948254284077e-11,0.4998987082039614,5.762043022299471e-13,4.556701483584383e-35,5.989355285463028e-13,6.219229209005829e-12,4.573345880414528e-16,1.4653920355221507e-14,3.882061518165743e-09,1.8492502158054208e-14,4.709794298921351e-13,3.5263603106780015e-12,8.014121984168677e-05,3.8062513413459203e-14,8.637542130705927e-12,1.2458323287102208e-13,7.853689773515542e-31,7.733052557998925e-11,1.6140530834372407e-30,6.523640914683093e-10,2.9946461270161265e-08,1.3602778946772915e-13,4.934093291552832e-12,4.984063599018031e-30,9.2830003264481e-40,1.2418690589214126e-07,6.729723003809398e-17,1.3016392569064999e-09,8.982507594292157e-14,9.269169453744726e-10,5.345914989121971e-12,2.0277417423323994e-12,6.078312165553836e-14,3.702633712373855e-12,2.999999994984722e-30,5.015013408585985e-39,2.9958784791659206e-43,5.644150021675798e-11,8.37120000719611e-12,6.862453300453116e-10,8.875568249647075e-13,3.592062810602178e-14,1.8544212889413365e-09,4.7140148057673636e-11,1.340133179090268e-10,2.3761536976354767e-11,1.4416981255092204e-08,3.813815310080063e-12,6.532876171347017e-10,6.205851319461279e-31,1.3794148680538757e-30,7.593538962330345e-08,5.755795808391947e-19,1.991670985387549e-05,6.833185095868626e-26,6.2177967044207e-11,1.532402710847868e-12,5.622400288247892e-10,5.5801741618148345e-19,2.9972884889365867e-09,1.9144875852388585e-17,2.2432827422425906e-17,1.1439065250635539e-07,4.259853530672142e-12,2.43556849419149e-10,2.867080410983587e-07,2.451618844150584e-11,1.6064552048489263e-12,1.4849305446893522e-10,3.3558874502897326e-13,4.681102728971245e-06,8.742775091457467e-17,3.6446607451546757e-06,2.7717293113413293e-11,7.359317280158597e-17,4.641971488873396e-15,2.7861888784832935e-12,8.955240565374747e-08,4.445025752000603e-12,6.426192388152088e-13,4.518097242532648e-07,2.568229953498281e-15,1.2781602554852908e-06,3.03100765011141e-09,7.595912596577929e-10,2.925752190885979e-11,2.2734957055506037e-31,6.7241371534322696e-34,1.260382186013257e-34,1.3960458668502107e-37,2.2923870711373436e-34,1.265901917300119e-39,1.231530430935692e-35,6.764327355339997e-41,3.0094687055417893e-33,2.1798904787823527e-35,6.213987969509448e-34,3.999919169706227e-36,2.8264467592949264e-31,8.588338045341632e-36,2.178073548177504e-30,8.761146718073338e-40,3.239431298984747e-35,1.9188559494631587e-29,1.078267257252736e-38,9.981990891302436e-32,4.047264191375307e-31,1.3590525548515784e-37,3.5355793519041595e-35,2.6530308426585085e-06,3.4442903434887885e-10,8.106111000834841e-06,8.430682130255437e-13
17243093471552.01,546774.9071395234,10000.0,250.0,1.0,1.0,21.2875,3.345616886438129e-09,4.4855391192324384e-15,1.2656015042466248e-14,1.0391259519806194e-23,6.289024444568315e-15,2.1021451753583127e-21,2.042645558712406e-10,4.228368677205289e-15,1.5044636008181261e-19,1.0447795830336324e-14,2.944073705715799e-31,7.627026044596846e-14,8.500610639654063e-19,2.2330038971839724e-25,4.250641952346844e-17,5.80669431741089e-22,9.68516899326901e-22,3.5607289552318724e-19,2.8874782709720403e-16,3.425417637088896e-16,1.1910043350815199e-17,6.0327742907659295e-22,2.290680722829948e-12,8.45486711754941e-18,4.110405158131891e-12,6.417274713866661e-18,8.910187522837895e-13,1.8715945764882166e-16,3.2460580445272906e-13,1.9033423723825467e-13,3.532793472167566e-17,2.074395192110498e-19,2.1575163147182962e-12,1.6306651100843597e-14,9.94682737882736e-15,7.229777702883928e-16,2.950612811670854e-11,5.796145313490469e-19,2.4229275395367086e-16,2.060010782768957e-32,2.730055992171425e-42,1.0184139213908772e-09,1.5457390513023085e-21,0.00014854666767522622,8.45652252410098e-16,1.5862945134222722e-06,1.2226135997705129e-09,1.0363325923673037e-18,3.8645442520690874e-08,0.0004022471542852488,2.4026901200918256e-11,0.4998468057733337,5.762043241917741e-13,5.42233791039921e-35,2.1152625371602672e-13,2.838627200719806e-12,5.295262049455424e-16,7.506316663847955e-15,3.1214138507744928e-09,1.6669796438343864e-14,4.445429005078844e-13,1.5801222968198832e-12,6.84070347639852e-05,3.824179920475408e-14,7.302611203487228e-13,5.9522237158887e-14,7.0463569954992435e-31,1.1286321131232879e-11,1.7928033772370586e-30,7.116725484666118e-10,3.06004811677286e-08,4.782921885535999e-14,6.032662761446841e-12,4.97934566779778e-30,9.927307489252427e-40,1.0683443342707302e-07,6.524549103612413e-17,1.1841118396915901e-09,2.8297022397400163e-14,1.1819864038980283e-09,8.60737568661294e-12,1.5764848115331597e-12,8.828937931675781e-15,2.222768825284559e-12,2.9999999950161744e-30,4.98356328473788e-39,2.9957308228139485e-43,4.98783197457059e-11,5.8422021718872e-12,2.932065959189999e-10,1.4581377284555973e-12,1.2797386262025396e-14,2.0209540643155163e-09,6.8955770955374e-11,1.9993566905619323e-11,1.1430226559076715e-11,2.007182367712694e-09,1.4040133925852212e-13,5.938590106563559e-10,4.92386144558657e-31,1.5076138554413501e-30,7.102034840659956e-08,5.384315598182131e-19,1.9906948645316478e-05,6.453377719269864e-26,7.45959649353891e-11,2.060757814695322e-12,4.936240603393607e-10,5.241665350821834e-19,1.4710008156997251e-09,1.5876993791977388e-17,1.8343561327015094e-17,7.01382077785261e-08,1.6877369276252722e-12,1.5192110872232314e-10,3.752046492933605e-07,2.176880652824037e-11,6.014251604928536e-13,4.500470364768143e-11,1.7707347671078347e-13,5.792667050790807e-06,1.1451666036553856e-16,7.589315392143133e-06,6.809183501426986e-11,4.65835505881848e-17,1.0543883038091808e-14,2.9726223790527905e-12,5.390678323236345e-08,2.7608677222268677e-12,5.277123405010233e-13,4.63427248582188e-07,3.4649213215236455e-15,5.654643731595545e-07,1.6179776154433248e-09,2.4927126892662065e-11,9.64231093103424e-12,1.835898220900525e-31,6.578459700612898e-34,1.8100726695632203e-35,1.1131405259833374e-38,4.3615816548489254e-35,2.8385592686681086e-40,1.4287604634939766e-40,9.048820694574236e-46,1.6006866964004783e-33,1.310525663063813e-35,2.9400035255374374e-34,2.2735435374206377e-36,1.6068902828351806e-31,6.52687607389352e-36,1.794593777930598e-30,5.866021914752143e-40,3.5781746127163713e-35,1.9656624569968938e-29,1.2169739914953946e-38,1.0740860570360018e-31,3.0158379041657815e-31,5.807341439427385e-38,3.5008997094607283e-35,2.0502122898223075e-06,2.7105528098118785e-10,9.487179856356822e-06,1.0278722504278477e-12
24934964480428.45,790682.5367969447,10000.0,250.0,1.0,1.0,21.2875,3.0650457284197067e-09,5.0366179753048724e-15,1.3440619190552163e-14,1.2256375473428394e-23,6.073735890924068e-15,2.1012808901950006e-21,1.961927578426566e-10,5.397505138692704e-15,3.8603971393687935e-20,5.55138743729769e-15,1.2859623908450021e-31,4.196310805538953e-14,1.0746725565328833e-18,7.606878871932771e-26,2.882682849723772e-17,6.532167726091409e-22,5.483819956855842e-22,4.28300307113359e-19,1.7673755486430795e-16,2.7323735970099515e-16,7.285422049552482e-18,8.334301425975269e-22,1.2882138001641255e-12,8.913422306083905e-18,1.637123787673351e-12,6.727589712334403e-18,2.278964551115822e-13,1.0533391628034292e-16,2.3554042304902674e-13,1.9895794072928849e-13,4.2467195693987337e-17,1.2612704435126331e-19,1.542128610919308e-12,1.1775917290932686e-14,7.48413834464539e-15,5.808337823917793e-16,2.7730653732322393e-11,9.798944691433666e-19,3.0077314570308183e-16,2.7334342581671354e-32,3.632121603939494e-42,6.892050066978517e-10,1.0471185577214592e-21,0.00014800456061463824,8.426261503812695e-16,2.189402759370417e-06,9.021262873122291e-10,8.47257641775349e-19,3.8656652615220446e-08,0.0005836504728392774,2.9186138590914996e-11,0.49977196843515004,5.761991889747385e-13,7.022782222939975e-35,6.608212319588557e-14,1.915389383588442e-12,7.288040207626566e-16,5.795633103092523e-15,2.219350342635211e-09,1.4453335299898174e-14,3.9946503653345725e-13,5.675336566606198e-13,5.262612901917185e-05,3.825134114172083e-14,2.302883853499005e-13,3.573055939463434e-14,6.0175380151096284e-31,6.232295455518696e-13,1.9188433653564455e-30,8.097103635703355e-10,3.044073130844532e-08,2.3041607009936208e-14,6.029112274404439e-12,4.972595428480159e-30,1.1123491077241604e-39,7.415360772454195e-08,5.4707774042338403e-17,8.406857184120776e-10,1.2082848991603004e-14,1.7269238680348182e-09,1.4977727197951193e-11,1.0449540119787007e-12,2.900532183261286e-15,1.66875329848888e-12,2.99999999500896e-30,4.990776122075662e-39,2.9954995751453163e-43,3.50589546093598e-11,3.37665298423265e-12,1.0363938425444565e-10,2.5161491200822196e-12,6.133831618930052e-15,2.2898640751574934e-09,1.033185398850531e-10,4.6444834572644015e-12,7.172936764857005e-12,1.0915592864848895e-10,3.28550038254126e-14,6.700709959114886e-10,3.3118397044422946e-31,1.6688160295557793e-30,6.787812990646332e-08,5.147512872468122e-19,1.9903095072558386e-05,6.31017602613066e-26,9.774791599516283e-11,2.3611593263382688e-12,4.147342710035545e-10,5.032279240679625e-19,6.037989190609797e-10,1.4345203415312063e-17,1.3701011830001714e-17,3.462163064696925e-08,6.972122403431473e-13,7.498955496676709e-11,4.561366867961415e-07,2.2831156299453636e-11,1.9784847982297088e-13,1.7063123198873907e-11,1.2249057725366698e-13,6.993584427470631e-06,1.5255177519817025e-16,1.4135461182804132e-05,1.4707959620895993e-10,4.49344776707839e-17,2.2341450912313286e-14,2.400189381897413e-12,2.6987014487333203e-08,1.4107366753146083e-12,4.3749495621360433e-13,4.4185278283339856e-07,4.7654502483124594e-15,3.133856581045262e-07,1.1088290563925675e-09,6.1626561975973244e-12,3.3490877566396436e-12,1.4396323043713066e-31,6.923047245438836e-34,1.1038685137201241e-35,4.600304706064519e-39,2.6974122851419217e-35,2.1629612599196722e-40,3.5935902810335104e-49,2.7744619680629565e-54,7.37176479100491e-34,7.474193623145409e-36,1.5753828072051017e-34,1.1237099102594445e-36,1.0023928752779715e-31,5.1997819221768104e-36,1.3231502834343986e-30,4.404698415119203e-40,4.345019121124689e-35,2.0195874453006394e-29,1.4762793745025329e-38,1.1148995794694395e-31,2.047195916012849e-31,2.4117123423464796e-38,3.750638357115236e-35,1.8289236117300674e-06,2.5858903112849765e-10,9.99301838285691e-06,1.1690205497720925e-12
36058057370390.44,1143393.4985537303,10000.0,250.0,1.0,1.0,21.2875,2.9277419713574244e-09,7.128459419644318e-15,1.522160287793198e-14,1.692669716771215e-23,5.634646192873718e-15,2.3342272837903654e-21,1.8329694904184678e-10,8.051793327910112e-15,4.813017251867905e-21,2.0918676890644554e-15,3.3288574937550027e-32,3.044232545633102e-14,2.143344328302806e-18,1.331769017938814e-26,2.8462002611278015e-17,6.493906322859598e-22,1.2786740437428666e-22,5.256579316735792e-19,6.807856049172836e-17,2.1336613217029202e-16,4.412713953823492e-18,1.2537655549030268e-21,8.629866396173955e-13,1.0823418387926698e-17,7.846803799739683e-13,8.145615994490286e-18,1.407914675157847e-14,4.838263963454949e-17,1.3950130925187682e-13,2.2855506473894463e-13,5.582971357246848e-17,5.847939852606307e-20,8.471973287383726e-13,6.168601386450134e-15,4.8727669454917824e-15,3.7143768296926693e-16,2.611144462029939e-11,2.0801628098194372e-18,4.632648877985909e-16,3.692119295960437e-32,4.9373258708131094e-42,3.0079575318630797e-10,4.591898310043684e-22,0.00014739728921247362,8.392937722269539e-16,2.8527519625987287e-06,8.455173939269759e-10,1.0694807540973531e-18,3.9657318659178084e-08,0.0008379846637546223,4.19458952607996e-11,0.4996674789277095,5.761924976078762e-13,1.0879010335983413e-34,1.5720331120020872e-14,1.2117111829961152e-12,1.3948623556973137e-15,4.562507471876049e-15,1.2297232598642764e-09,1.1734194177018304e-14,3.495010525615784e-13,1.4498179100594646e-13,3.004255335615327e-05,3.924857305530276e-14,1.4083731112481082e-13,3.600768027816187e-14,4.774949784763458e-31,9.479237334155913e-15,1.999154906603232e-30,1.0062873540150996e-09,2.8246672382668283e-08,1.899647460358207e-14,4.323492188874631e-12,4.962970015529425e-30,1.402719542906514e-39,3.410716618687815e-08,3.579896581088418e-17,3.7659663107471333e-10,6.8559636625592734e-15,3.5751711883166902e-09,3.0094881716193986e-11,5.120897472657716e-13,1.4409154260377303e-15,1.5220006908129452e-12,2.9999999949655983e-30,5.034137892964106e-39,2.9951757238274374e-43,1.6006516816950876e-11,1.5156399851822967e-12,2.7237768808395546e-11,5.229651463173854e-12,4.193155793773057e-15,2.8236521721039196e-09,2.0130101034127217e-10,1.8385227589888462e-12,7.923403590551423e-12,1.6435196675061139e-12,1.1268028849212143e-14,1.164600383148378e-09,1.373467004370546e-31,1.8626532995629525e-30,7.38087415582639e-08,5.5994348856342205e-19,1.9912456460272675e-05,7.395609377997847e-26,1.5478178858372443e-10,2.1539831310380435e-12,2.924121633940161e-10,5.411201096038566e-19,1.617292625763088e-10,1.4756138028536166e-17,8.98083458147665e-18,1.2369184456416385e-08,3.067764567710162e-13,2.6132694332272257e-11,4.9523655713277e-07,2.946001927336451e-11,5.877630141743677e-14,7.3896572817003e-12,1.3305737197585377e-13,9.499755340343044e-06,2.551981966250749e-16,2.3864155507745543e-05,3.1002936880080395e-10,6.955794498455046e-17,4.686749862076745e-14,1.18184911015657e-12,1.0655100254986724e-08,5.664085522084984e-13,4.854290811627345e-13,3.6792345476334324e-07,8.089590365709481e-15,2.6306744884471313e-07,1.3180450681495115e-09,2.2312872731246894e-12,1.5366282776849823e-12,1.0692547187105525e-31,9.172090315407927e-34,5.5676162248770774e-36,2.4487947296601316e-39,1.3750628331900138e-35,1.5909921386908511e-40,5.4514409096537366e-65,5.939185205913059e-70,2.8036829835738793e-34,3.952424321760075e-36,7.730419302905249e-35,5.083364127639274e-37,6.389439875293993e-32,4.001002324303669e-36,7.984493775435517e-31,3.577355586623597e-40,7.332187739238882e-35,2.081148698438841e-29,2.1269941135701137e-38,1.0795592182954508e-31,1.107063337757336e-31,1.0345242385434423e-38,5.058724676784832e-35,2.012531270052368e-06,3.3194455385089545e-10,9.876472378165621e-06,1.3854568801666786e-12
52142985900256.234,1653443.236309495,10000.0,250.0,1.0,1.0,21.2875,3.2691038843219225e-09,1.9451702878203853e-14,1.3286809238308778e-14,2.2262970660583155e-23,4.4720122803109866e-15,2.5942475522774413e-21,1.513608827168972e-10,1.119167517068421e-14,2.7258118207920137e-22,3.759222414044729e-16,1.890212090163584e-33,1.8814856729982414e-14,6.900600205303666e-18,3.4944962738175725e-27,2.840556822156401e-17,6.118641051300761e-22,5.19110009714539e-24,3.6859881018336e-19,8.573107176569632e-18,1.5859831487214304e-16,2.832057668591843e-18,2.983143395100976e-21,8.259243236655854e-13,1.755729371655716e-17,5.44525984965564e-13,1.3193145408539204e-17,6.156836820904173e-17,3.633500994622674e-18,4.733109520185129e-14,2.674996565206401e-13,8.430549714647479e-17,1.3674393801851072e-20,3.217217567134658e-13,1.6368851888800166e-15,6.929670872980811e-16,3.199575779837658e-17,2.2712132761634615e-11,5.469662289608371e-18,8.911569861734302e-16,5.025104178522409e-32,6.879921649010302e-42,7.539326613555343e-11,1.225005592092223e-22,0.00014720205811773917,8.386004847238504e-16,3.063920238067012e-06,1.350474516537659e-09,3.6347484596466784e-18,4.9628358563211696e-08,0.0011668942838762369,9.082938120728435e-11,0.4995305027851565,5.761740173486784e-13,2.1155301495361154e-34,2.7598122188569573e-15,5.474185489718717e-13,5.742706508082963e-15,2.6597701441028823e-15,2.455420188677726e-10,5.8800404234927415e-15,2.1490570159666569e-13,1.979381643311895e-14,2.742768003639473e-06,4.9303401090356875e-14,4.083525724118234e-13,1.385954224865869e-13,3.36782150401861e-31,2.3523060698781163e-15,2.0862769980362516e-30,1.4025596068632663e-09,8.702538614621184e-09,5.360347841789699e-14,1.8563518051273643e-12,4.949537402716132e-30,2.4768617603504843e-39,9.804017727985226e-09,2.184701993967438e-17,7.351166912952237e-11,5.839090985138299e-15,1.992190470921619e-08,5.6604119979775935e-11,1.2527379184282837e-13,7.406558291968513e-16,1.7014007332478534e-12,2.9999999948082812e-30,5.1914641387304286e-39,2.9947182154447685e-43,3.89978470730597e-12,4.801421354984999e-13,5.289107180696112e-12,1.5042684834335026e-11,8.105172306314839e-15,3.8116188752704436e-09,7.341019258361455e-10,9.335554893273328e-13,3.05930868982375e-11,2.2441466102787805e-13,3.0522654978854416e-15,6.571477187633245e-09,6.921379968636315e-33,1.9930786200313694e-30,1.3338573064445022e-07,1.0124187361362906e-18,1.9956088922693637e-05,1.984869981777133e-25,3.149891106468542e-10,1.5315312030818469e-12,2.2549911284414265e-10,9.664775577179736e-19,1.9770813168547983e-11,3.926042633694011e-17,4.8747659821584316e-18,2.719851868036889e-09,2.369248362169644e-13,4.8404106516453745e-12,3.827921705622715e-07,5.5769085348515045e-11,1.5966666834022527e-14,4.670215000162137e-12,4.0416160493377766e-13,1.9336022254337522e-05,8.932226122146008e-16,3.3702380591539726e-05,6.329242412037288e-10,2.41943447032866e-16,9.22383134241493e-14,2.8988326077769585e-13,2.4176586192831088e-09,1.2327029885800914e-13,1.8916936669818545e-12,1.0044212666651693e-07,2.3441277017831635e-14,4.4096539201977e-07,6.430982441228565e-09,8.178685693202452e-13,1.3241723629520748e-12,5.46196254191244e-32,4.8394684621815205e-33,1.1430174864472283e-36,1.545413712555988e-39,2.8640764346586085e-36,6.129700513436172e-41,6.2217799145633535e-102,1.19561872693849e-106,4.577486302679979e-35,1.286902879363038e-36,2.5729602742025406e-35,3.588014525155984e-37,4.4222478687533215e-32,1.696181889850954e-36,1.9456135260779898e-31,3.0129507844211598e-40,2.7440187711682297e-34,2.1538823086071666e-29,4.6365429212422324e-38,5.27141824245501e-32,2.348725867130655e-32,6.347183074153867e-39,1.0223967598799944e-34,3.7084447462729266e-06,7.690144584584167e-10,7.999872842339276e-06,1.876909470144026e-12
75403146394319.33,2391018.0870852144,10000.0,250.0,1.0,1.0,21.2875,8.835761376045914e-09,9.333891576500171e-14,1.9455337398431855e-15,5.058276303866208e-24,2.371303965359648e-15,6.764410609448422e-21,8.492481646558157e-11,3.0083968656094817e-15,1.1540558923607118e-23,1.4034647619854844e-17,1.6034581377908444e-35,6.352712992014067e-15,3.1654473727694244e-18,2.357835903818061e-27,9.08586260626786e-18,4.390079316286585e-22,5.681503128726208e-26,1.367366000154965e-19,2.293412917722951e-19,3.527340314616231e-17,5.531764638574573e-19,2.3494918673483152e-21,1.0732974974362929e-12,4.4434342403587715e-17,5.846494834083005e-13,3.335392109658966e-17,1.7794393441120293e-18,6.947476683200263e-19,7.532908614388453e-15,3.469257366981584e-13,1.0018955495134286e-16,5.529631809555727e-23,2.545552630270599e-13,5.615307109058651e-16,2.0050043893957461e-16,5.83452955128341e-18,5.417669748657228e-12,4.7253814927751235e-18,5.959543408234423e-16,6.444541601706378e-32,9.03845176789788e-42,2.6562506373561866e-11,6.145312714797407e-23,0.0001484576868768561,8.467800233260418e-16,1.8141869334916995e-06,3.2083641635824222e-09,1.5295684980044454e-17,7.745566541916702e-08,0.00153194123822537,1.418363578225981e-10,0.4993501672926398,5.760418144455346e-13,1.943836337687645e-34,3.636144845953312e-16,1.4486296010658692e-13,1.6034802858307678e-14,7.309829104721431e-16,8.168203510234426e-12,1.7689222116661048e-15,5.402672293925694e-15,6.044629862375427e-16,6.110409922291864e-07,1.2305574031230407e-13,2.492047301817586e-12,6.552076918604668e-13,1.9468288348167369e-31,1.3224478391925085e-14,1.7589828370975184e-30,1.3408151575360724e-09,2.457871445965186e-09,1.0373052082714162e-13,4.2596457401050256e-13,4.935360196776605e-30,3.563561033913619e-39,4.509267069244431e-09,1.5488742532569474e-17,1.3843575583438211e-11,9.610445888531736e-15,1.5014525942994306e-08,2.082212787319455e-11,1.1973011129851545e-14,8.758200112021385e-16,1.6769979349728722e-12,2.9999999942526864e-30,5.7470815385155203e-39,2.9938036145514182e-43,1.1460337472877691e-12,9.251182148900407e-14,3.949917441833484e-13,3.540651545045059e-12,2.532112114997547e-15,3.395371271804969e-09,1.5777870050833311e-10,2.8210900628751822e-12,7.548879960444238e-11,3.418883512518824e-12,1.4173873774656723e-15,7.282948902361942e-09,7.921616185872899e-33,1.992078383814136e-30,3.419793230490282e-07,2.5967171048379738e-18,1.99940367565505e-05,1.0525624609868373e-24,2.8415983604322527e-10,6.062254898515579e-13,9.717141712039971e-11,2.3151969504740264e-18,8.176178162589419e-13,2.3355682260498458e-17,2.0144859974118867e-18,1.7732634800472952e-10,8.70611526026849e-14,2.7707759925727556e-13,1.0648814029852898e-07,5.44043252784466e-11,2.238645798384458e-15,2.9013376391834964e-12,9.19744289024072e-13,5.7624731822070285e-05,3.8235231521049614e-15,2.0143658486374223e-05,3.351701635427708e-10,2.9483493590484954e-16,5.271993380514442e-14,4.5927705094186846e-14,2.5970419663280895e-10,2.4713598143351357e-14,2.1816382483216033e-13,2.592219540764499e-08,6.790411247372513e-14,1.8868630478434307e-06,4.537263596302145e-08,2.9300099513452706e-13,6.405701959655608e-13,4.987691020858674e-32,3.1921444321205366e-32,1.876917591626289e-37,1.1572273157800461e-39,4.8462480158888196e-37,1.3033473433437592e-41,1.2930467382806947e-257,1.2062127637946226e-261,9.117851935421626e-37,5.648157712812798e-37,1.395825258558888e-38,5.88655143682242e-37,6.112489967013569e-35,3.2104717928669406e-39,4.449519976616802e-34,5.176512496900949e-43,4.0375932699694384e-37,2.2136486722928452e-29,7.461713189455528e-38,1.9218344574270397e-32,2.9967065222023416e-33,2.791519022119769e-39,7.720370393686184e-36,8.16876278940268e-06,1.4978751692439507e-09,2.0543399777710537e-06,6.630635634855921e-13
109039296235147.36,3457613.4016726078,10000.0,250.0,1.0,1.0,21.2875,1.986983687290961e-08,3.3059273316523707e-13,6.1175888006401055e-16,5.765038627053924e-24,9.742768471472176e-16,1.7316006901667408e-20,3.5311115729476536e-11,5.994176092417011e-16,2.5974292229727268e-24,3.0522748750884965e-18,5.979012603778032e-36,9.405671600985902e-16,5.324777550006168e-19,5.374509579290462e-28,1.1965124669555115e-18,1.3163636345642262e-22,1.2207800813058074e-26,3.2796787580562464e-20,6.074917852535893e-20,1.2959398169212658e-18,2.354969056153962e-20,6.534874734634948e-22,1.0354199255440526e-12,9.085215637091082e-17,5.152421603746317e-13,6.818065159244425e-17,7.630943270729031e-19,1.1236677670902538e-18,5.613585697224563e-15,3.9827994556103406e-13,1.0119115457476923e-16,1.4015377275047394e-24,6.382093062315265e-13,3.9539676201777975e-16,7.816346352684654e-16,6.1156888166883105e-18,1.2353240071622242e-12,5.168911055746864e-18,4.820667059467838e-16,8.646715838013939e-32,1.2397591939565607e-41,2.6405853662010486e-11,1.1853678375878354e-22,0.00014950421631759959,8.537056333425902e-16,7.625515795814537e-07,4.336423197495859e-09,3.039268245101323e-17,1.65863613282532e-07,0.0020897272217834002,1.8912141786642842e-10,0.4990706948106491,5.75834224030581e-13,1.4462385376582445e-34,8.113753625154239e-17,1.0937956112815185e-13,1.3113516900464355e-14,1.5709126993889572e-16,3.469761031673221e-12,2.2427059514447784e-16,1.0405352935325525e-15,5.918040423331271e-17,1.198591355733559e-06,1.7359832523414854e-13,7.316887810398216e-12,1.4747064619701872e-12,8.348802177774876e-32,1.0714724085401246e-14,1.1522069531949016e-30,1.2504692178279527e-09,1.488713501407349e-09,8.178092138524195e-14,7.151972189986961e-14,4.9133882131827774e-30,4.570958034255086e-39,6.506051552674494e-09,2.962981837489716e-17,5.430418179512509e-12,8.862532303874897e-15,7.046533555515148e-09,5.317728159670757e-12,6.193698890186034e-16,1.0953394731612047e-15,6.304868953885899e-13,2.9999999938717094e-30,6.128044985430051e-39,2.992396925871251e-43,9.630688744316225e-13,1.7786897647874257e-14,1.4735135996074048e-13,1.0938080979008938e-12,1.037846333360322e-15,2.567950469106488e-09,2.592076684512477e-11,4.840874331842272e-12,7.82022436719373e-11,1.1169357478550035e-11,4.571386882360562e-15,1.635754969579309e-09,1.576265864302882e-32,1.9842373413569812e-30,6.051939646442351e-07,4.597991876830798e-18,1.9884057813431022e-05,3.2363355767224387e-24,2.161673771269175e-10,7.138477774301959e-14,1.022777734396192e-10,4.0774366976478906e-18,2.944245683041253e-13,2.7482725507490547e-17,5.611212483834417e-19,2.3807041819932043e-11,4.067664106720895e-14,4.034314260816778e-14,6.153891691199981e-08,4.630478566537756e-11,8.145644579277465e-16,4.585128567641534e-12,8.272091682713516e-13,8.577773629744125e-05,7.295098910672572e-15,8.215318633651086e-06,8.255823088227023e-11,7.201668601044352e-17,2.006235617239034e-14,1.370923410733418e-14,1.370750347709091e-10,6.537482491297363e-15,5.605022011809681e-14,2.6173780113072555e-08,9.554543990827487e-14,4.213230538062095e-06,1.503261837784721e-07,7.328682720142568e-13,5.363072539761675e-13,6.001062422485678e-32,4.9225182345464183e-32,6.082097966355503e-38,8.442223691188707e-40,1.6275001580783655e-37,2.869908637376653e-42,-1.2590746820026917e-301,5.937056354793131e-302,1.2939556776773213e-36,2.761804296180966e-37,1.1019607482008313e-40,4.923481129702811e-37,1.46204265657044e-39,6.933935939134479e-41,1.5232160307614887e-38,1.5978236351502337e-47,3.439155545969147e-42,2.2731544456718178e-29,1.0282499482896201e-37,5.627181943709707e-33,1.382228862600289e-33,1.6431923523030035e-39,9.644627371793424e-37,7.082319922485375e-06,8.922884950816703e-10,7.14819216781824e-07,2.736953064193339e-13
157679999999999.66,4999999.999999989,10000.0,250.0,1.0,1.0,21.2875,3.21481861902365e-08,6.537397748827983e-13,4.80411179937117e-16,1.1420025255328118e-23,3.882269289184713e-16,3.023923484904303e-20,1.309594190766227e-11,2.858106323546273e-16,2.9757812432845755e-24,4.155954557450116e-18,8.854143481864955e-36,1.0039221412728027e-16,2.756922419301286e-19,4.9467315276727915e-28,4.954012619856552e-19,5.62042951788205e-23,1.598498249716865e-26,1.2523025195720948e-20,7.201175585828052e-20,9.082956756942585e-20,2.3051156062244383e-21,2.2736791331918913e-22,1.0185535513508572e-12,1.3938027261981842e-16,4.500664043489329e-13,1.0460058292677923e-16,6.03405956724761e-19,1.2996493453992918e-18,7.15320442089844e-15,4.2969983393511695e-13,1.0114792620431621e-16,1.844541747862454e-24,1.6554142798335957e-12,4.503825587591234e-16,1.7308572263067998e-15,5.7754540676847186e-18,6.725254375221289e-13,6.462574868879884e-18,4.3391578708087103e-16,1.169530724356059e-31,1.6981180524363975e-41,3.4219908682251206e-11,2.361343130516108e-22,0.00014997220338732275,8.57006085156075e-16,2.801886865754727e-07,5.109221625831525e-09,4.173758501184717e-17,2.6899208441947906e-07,0.002909692432230655,2.1544360877062932e-10,0.498660206705566,5.755368132363583e-13,1.1250834727391919e-34,5.404415053042718e-17,1.1699203625657988e-13,9.68321450954133e-15,6.849666905019529e-17,3.6448536559837586e-12,5.464221911649105e-17,5.555545383274224e-16,2.5038621489174905e-17,1.7050214432302747e-06,1.8615845419339429e-13,8.655436818668655e-12,1.8212274300776858e-12,2.314120676795288e-32,6.183271448252013e-15,6.066125818775626e-31,1.2052033234513326e-09,9.665502747828492e-10,5.311622079035937e-14,2.036397658510956e-14,4.88293441405354e-30,5.1466434478300405e-39,1.1288624039888828e-08,5.848354656347421e-17,4.2203243647221064e-12,6.328034909143347e-15,4.217224948492012e-09,1.4655486209403247e-12,7.851088966422342e-17,1.0072003733219647e-15,3.414625514114308e-13,2.9999999937226245e-30,6.2771324180784e-39,2.99036538432889e-43,1.214113583226204e-12,8.892971460680325e-15,1.4414385062536778e-13,5.647777266001095e-13,6.80261042157739e-16,2.02311293093164e-09,7.587667584901565e-12,4.6482295467282265e-12,6.603754661397113e-11,1.6483357589206654e-11,5.519601412633487e-15,5.687257314400169e-10,1.933364467685519e-32,1.980666355323159e-30,9.854253770598801e-07,7.492978125691243e-18,1.969799280078985e-05,8.530541141786145e-24,1.740566282275262e-10,1.5548823911318335e-15,1.1856594376489758e-10,6.618817796287278e-18,3.5247268224087003e-13,3.925337060276933e-17,8.830534044950924e-20,1.3275397190887394e-11,3.8954120161154366e-14,2.2484677436112695e-14,4.8731710129417756e-08,3.856260061914388e-11,6.211814903538388e-16,6.838629271549952e-12,8.56173186357376e-13,9.397493025480697e-05,8.971564320156334e-15,5.226933685418049e-06,3.707045226378644e-11,2.4503060121595582e-17,1.2311631560765272e-14,8.185702523601789e-15,9.346451400137017e-11,2.5708822551278914e-15,2.541301264224751e-14,2.577760369090884e-08,1.0162343645514067e-13,5.9467326778567594e-06,2.5887659761244965e-07,9.526690644079717e-13,3.9840414408799483e-13,6.372112401424718e-32,6.130514259968071e-32,2.131221674298401e-38,5.851878207679313e-40,5.848653869823849e-38,7.798386628408449e-43,-1.2590746820026917e-301,5.937056354793131e-302,1.7280533654214538e-36,1.4703990780279203e-37,5.788082484468515e-41,4.302144058905777e-37,3.636645173009782e-44,2.4631604081237246e-41,2.3297624441820777e-43,3.266126395713675e-52,1.6883165409492189e-46,2.3264711756063338e-29,1.2026533274541319e-37,2.7304720774213754e-33,9.161144916501945e-34,1.0148120855659787e-39,3.0182090090992236e-37,5.610992481474622e-06,5.839739823287382e-10,3.447565168638679e-07,1.3340523086423698e-13
