0,19
0,20
1,20
1,157
2,20
2,155
3,20
3,231
4,20
4,288
5,20
5,427
6,20
6,437
7,20
7,457
8,20
8,455
9,20
9,463
10,37
10,38
11,38
11,55
12,38
12,74
13,38
13,87
14,38
14,107
15,38
15,122
16,38
16,132
17,55
17,56
18,56
18,74
19,56
19,87
20,56
20,107
21,56
21,122
22,37
22,75
23,55
23,75
24,74
24,75
25,75
25,87
26,75
26,107
27,37
27,88
28,55
28,88
29,74
29,88
30,87
30,88
31,37
31,108
32,55
32,108
33,74
33,108
34,37
34,123
35,55
35,123
36,37
36,133
37,19
37,22
38,19
38,38
39,19
39,40
40,19
40,56
41,19
41,60
42,19
42,70
43,19
43,75
44,19
44,77
45,19
45,88
46,19
46,90
47,19
47,108
48,19
48,110
49,19
49,123
50,19
50,125
51,19
51,133
52,19
52,135
53,19
53,142
54,19
54,144
55,19
55,156
56,19
56,456
57,19
57,464
58,19
58,483
59,157
59,456
60,180
60,227
61,180
61,464
62,155
62,456
63,155
63,455
64,155
64,464
65,230
65,483
66,37
66,245
67,39
67,245
68,19
68,245
69,180
69,245
70,155
70,245
71,226
71,245
72,230
72,245
73,244
73,245
74,245
74,359
75,245
75,427
76,245
76,438
77,245
77,437
78,245
78,455
79,245
79,463
80,20
80,246
81,246
81,456
82,20
82,244
83,22
83,244
84,24
84,244
85,38
85,244
86,40
86,244
87,56
87,244
88,60
88,244
89,70
89,244
90,75
90,244
91,77
91,244
92,88
92,244
93,90
93,244
94,104
94,244
95,130
95,244
96,108
96,244
97,110
97,244
98,123
98,244
99,125
99,244
100,133
100,244
101,135
101,244
102,142
102,244
103,144
103,244
104,29
104,244
105,31
105,244
106,150
106,244
107,35
107,244
108,156
108,244
109,227
109,244
110,244
110,456
111,244
111,464
112,244
112,483
113,38
113,427
114,40
114,427
115,56
115,427
116,60
116,427
117,75
117,427
118,77
118,427
119,88
119,427
120,90
120,427
121,123
121,427
122,125
122,427
123,142
123,427
124,144
124,427
125,29
125,427
126,31
126,427
127,427
127,456
128,427
128,483
129,230
129,456
130,443
130,456
131,455
131,456
132,457
132,483
133,38
133,455
134,40
134,455
135,70
135,455
136,104
136,455
137,130
137,455
138,150
138,455
139,35
139,455
140,455
140,483
141,19
141,24
142,244
142,377
143,155
143,246
144,246
144,246
145,246
145,288
146,246
146,387
147,246
147,457
148,246
148,463
149,246
149,522
150,155
150,244
151,244
151,246
152,244
152,288
153,244
153,457
154,244
154,463
155,457
155,458
156,19
156,23
157,19
157,43
158,19
158,44
159,19
159,47
160,19
160,53
161,19
161,54
162,19
162,71
163,19
163,73
164,19
164,79
165,19
165,86
166,19
166,320
167,19
167,119
168,19
168,152
169,19
169,153
170,19
170,157
171,19
171,161
172,19
172,160
173,19
173,173
174,19
174,174
175,19
175,193
176,19
176,195
177,19
177,198
178,19
178,203
179,19
179,217
180,19
180,155
181,19
181,232
182,19
182,239
183,19
183,241
184,19
184,275
185,19
185,292
186,19
186,295
187,19
187,78
188,19
188,359
189,19
189,362
190,19
190,365
191,19
191,396
192,19
192,406
193,19
193,440
194,19
194,443
195,19
195,445
196,19
196,446
197,19
197,461
198,19
198,465
199,19
199,474
200,19
200,481
201,19
201,485
202,19
202,487
203,19
203,489
204,19
204,490
205,19
205,493
206,19
206,488
207,19
207,499
208,19
208,500
209,19
209,504
210,19
210,505
211,19
211,508
212,19
212,515
213,37
213,359
214,37
214,443
215,37
215,482
216,37
216,226
217,37
217,230
218,37
218,428
219,37
219,457
220,39
220,443
221,39
221,482
222,41
222,42
223,41
223,43
224,41
224,91
225,41
225,111
226,41
226,126
227,41
227,160
228,41
228,193
229,41
229,241
230,41
230,275
231,41
231,292
232,41
232,78
233,41
233,359
234,41
234,443
235,41
235,258
236,41
236,231
237,41
237,313
238,41
238,355
239,42
239,43
240,43
240,160
241,43
241,292
242,43
242,51
243,43
243,55
244,43
244,87
245,43
245,194
246,43
246,231
247,43
247,313
248,43
248,457
249,39
249,226
250,39
250,230
251,39
251,428
252,19
252,37
253,19
253,226
254,19
254,230
255,19
255,428
256,19
256,457
257,19
257,478
258,155
258,241
259,155
259,359
260,155
260,406
261,155
261,440
262,155
262,443
263,155
263,446
264,155
264,482
265,155
265,487
266,157
266,443
267,37
267,157
268,157
268,226
269,157
269,230
270,157
270,275
271,157
271,288
272,157
272,428
273,157
273,438
274,157
274,455
275,157
275,457
276,157
276,463
277,42
277,180
278,180
278,203
279,180
279,241
280,180
280,359
281,180
281,406
282,180
282,443
283,180
283,446
284,194
284,292
285,41
285,223
286,43
286,223
287,219
287,223
288,223
288,275
289,223
289,292
290,223
290,440
291,223
291,457
292,223
292,461
293,223
293,230
294,223
294,231
295,37
295,155
296,155
296,226
297,155
297,230
298,155
298,275
299,155
299,288
300,155
300,427
301,155
301,428
302,155
302,438
303,155
303,455
304,155
304,457
305,155
305,463
306,226
306,231
307,226
307,230
308,226
308,275
309,226
309,355
310,226
310,359
311,226
311,443
312,226
312,457
313,226
313,482
314,226
314,428
315,230
315,231
316,230
316,275
317,230
317,292
318,230
318,359
319,230
319,443
320,230
320,457
321,230
321,482
322,231
322,461
323,231
323,486
324,230
324,428
325,233
325,241
326,237
326,244
327,237
327,244
328,21
328,244
329,25
329,244
330,23
330,244
331,37
331,244
332,41
332,244
333,42
333,244
334,43
334,244
335,44
335,244
336,47
336,244
337,39
337,244
338,50
338,244
339,53
339,244
340,54
340,244
341,55
341,244
342,61
342,244
343,59
343,244
344,71
344,244
345,73
345,244
346,74
346,244
347,79
347,244
348,76
348,244
349,85
349,244
350,86
350,244
351,87
351,244
352,91
352,244
353,89
353,244
354,107
354,244
355,111
355,244
356,109
356,244
357,122
357,244
358,126
358,244
359,124
359,244
360,132
360,244
361,136
361,244
362,134
362,244
363,141
363,244
364,145
364,244
365,143
365,244
366,152
366,244
367,157
367,244
368,160
368,244
369,173
369,244
370,180
370,244
371,183
371,244
372,186
372,244
373,193
373,244
374,198
374,244
375,200
375,244
376,203
376,244
377,217
377,244
378,219
378,244
379,223
379,244
380,155
380,244
381,232
381,244
382,233
382,244
383,241
383,244
384,244
384,275
385,244
385,279
386,244
386,288
387,244
387,293
388,244
388,292
389,244
389,295
390,244
390,311
391,244
391,313
392,78
392,244
393,244
393,326
394,244
394,320
395,244
395,333
396,244
396,339
397,244
397,355
398,244
398,359
399,244
399,362
400,244
400,365
401,244
401,371
402,244
402,372
403,244
403,386
404,244
404,396
405,244
405,398
406,244
406,397
407,244
407,406
408,244
408,430
409,244
409,438
410,244
410,440
411,244
411,437
412,244
412,443
413,244
413,445
414,244
414,457
415,244
415,455
416,244
416,461
417,244
417,463
418,244
418,465
419,244
419,475
420,244
420,474
421,244
421,478
422,244
422,481
423,244
423,484
424,244
424,482
425,244
425,486
426,244
426,485
427,244
427,487
428,244
428,489
429,244
429,491
430,244
430,490
431,244
431,493
432,244
432,494
433,244
433,497
434,244
434,488
435,244
435,499
436,244
436,500
437,244
437,504
438,244
438,505
439,244
439,506
440,244
440,503
441,244
441,508
442,244
442,509
443,244
443,512
444,244
444,515
445,37
445,246
446,41
446,246
447,43
447,246
448,39
448,246
449,157
449,246
450,194
450,246
451,223
451,246
452,155
452,246
453,226
453,246
454,230
454,246
455,246
455,275
456,246
456,288
457,246
457,292
458,246
458,355
459,246
459,359
460,246
460,438
461,246
461,440
462,246
462,437
463,246
463,443
464,246
464,457
465,246
465,463
466,240
466,246
467,246
467,404
468,241
468,275
469,275
469,482
470,275
470,457
471,37
471,288
472,41
472,288
473,43
473,288
474,39
474,288
475,194
475,288
476,241
476,288
477,275
477,288
478,288
478,292
479,288
479,359
480,288
480,406
481,288
481,443
482,288
482,446
483,288
483,457
484,288
484,461
485,288
485,482
486,288
486,487
487,230
487,288
488,231
488,288
489,288
489,355
490,288
490,428
491,288
491,430
492,241
492,292
493,231
493,292
494,292
494,430
495,292
495,461
496,226
496,244
497,230
497,244
498,244
498,246
499,244
499,355
500,244
500,404
501,244
501,455
502,78
502,313
503,355
503,443
504,355
504,457
505,355
505,482
506,230
506,355
507,355
507,428
508,241
508,359
509,275
509,359
510,292
510,359
511,359
511,457
512,359
512,482
513,359
513,512
514,241
514,397
515,21
515,404
516,23
516,404
517,37
517,404
518,41
518,404
519,43
519,404
520,44
520,404
521,69
521,404
522,19
522,404
523,223
523,404
524,155
524,404
525,231
525,404
526,275
526,404
527,288
527,404
528,292
528,404
529,357
529,404
530,379
530,404
531,393
531,404
532,404
532,428
533,404
533,440
534,404
534,457
535,404
535,465
536,404
536,486
537,404
537,487
538,41
538,406
539,233
539,406
540,275
540,406
541,292
541,406
542,359
542,406
543,397
543,406
544,406
544,428
545,406
545,443
546,406
546,457
547,406
547,482
548,406
548,485
549,406
549,487
550,406
550,512
551,37
551,427
552,39
552,427
553,157
553,427
554,219
554,427
555,223
555,427
556,226
556,427
557,231
557,427
558,230
558,427
559,241
559,427
560,275
560,427
561,288
561,427
562,292
562,427
563,355
563,427
564,359
564,427
565,406
565,427
566,427
566,438
567,427
567,440
568,427
568,437
569,427
569,443
570,427
570,457
571,427
571,461
572,427
572,463
573,231
573,428
574,241
574,428
575,275
575,428
576,292
576,428
577,359
577,428
578,428
578,443
579,428
579,457
580,428
580,461
581,428
581,482
582,427
582,428
583,275
583,437
584,288
584,437
585,437
585,440
586,437
586,443
587,437
587,457
588,437
588,482
589,292
589,438
590,359
590,438
591,438
591,440
592,438
592,443
593,438
593,482
594,37
594,438
595,226
595,438
596,230
596,438
597,288
597,438
598,428
598,438
599,438
599,457
600,438
600,463
601,241
601,440
602,359
602,440
603,406
603,440
604,440
604,443
605,440
605,446
606,440
606,487
607,41
607,440
608,43
608,440
609,59
609,440
610,194
610,440
611,230
611,440
612,231
612,440
613,275
613,440
614,288
614,440
615,292
615,440
616,313
616,440
617,355
617,440
618,397
618,440
619,428
619,440
620,440
620,457
621,440
621,461
622,440
622,465
623,440
623,482
624,440
624,485
625,226
625,437
626,230
626,437
627,428
627,437
628,437
628,455
629,241
629,443
630,59
630,443
631,78
631,443
632,231
632,443
633,275
633,443
634,292
634,443
635,384
635,443
636,397
636,443
637,443
637,457
638,443
638,482
639,443
639,484
640,443
640,512
641,41
641,446
642,233
642,446
643,241
643,446
644,275
644,446
645,292
645,446
646,359
646,446
647,397
647,446
648,406
648,446
649,428
649,446
650,443
650,446
651,446
651,457
652,446
652,482
653,446
653,485
654,446
654,487
655,37
655,455
656,41
656,455
657,43
657,455
658,39
658,455
659,200
659,455
660,219
660,455
661,223
661,455
662,230
662,455
663,241
663,455
664,275
664,455
665,288
665,455
666,292
666,455
667,359
667,455
668,430
668,455
669,438
669,455
670,440
670,455
671,455
671,457
672,455
672,461
673,455
673,463
674,455
674,486
675,226
675,456
676,456
676,457
677,41
677,457
678,161
678,457
679,195
679,457
680,217
680,457
681,219
681,457
682,241
682,457
683,292
683,457
684,363
684,457
685,444
685,457
686,457
686,482
687,231
687,457
688,237
688,457
689,457
689,486
690,226
690,455
691,230
691,455
692,231
692,455
693,428
693,455
694,37
694,463
695,39
695,463
696,194
696,463
697,275
697,463
698,288
698,463
699,292
699,463
700,359
700,463
701,440
701,463
702,443
702,463
703,457
703,463
704,463
704,482
705,226
705,464
706,37
706,463
707,226
707,463
708,230
708,463
709,428
709,463
710,292
710,465
711,195
711,482
712,241
712,482
713,78
713,482
714,482
714,488
715,19
715,482
716,292
716,482
717,397
717,482
718,161
718,485
719,195
719,485
720,203
720,485
721,217
721,485
722,241
722,485
723,241
723,487
724,233
724,487
725,275
725,487
726,292
726,487
727,397
727,487
728,443
728,487
729,457
729,487
730,465
730,487
731,482
731,487
732,482
732,503
733,241
733,512
734,17
734,404
735,19
735,30
736,30
736,244
737,32
737,244
738,30
738,404
739,190
739,244
740,19
740,315
741,244
741,315
742,19
742,84
743,84
743,244
744,19
744,322
745,244
745,322
746,19
746,105
747,105
747,244
748,19
748,328
749,244
749,328
750,19
750,121
751,121
751,244
752,19
752,331
753,244
753,331
754,19
754,131
755,131
755,244
756,19
756,335
757,244
757,335
758,19
758,140
759,140
759,244
760,19
760,337
761,244
761,337
762,19
762,151
763,151
763,244
764,19
764,341
765,244
765,341
766,213
766,244
767,19
767,213
768,244
768,361
769,19
769,361
770,244
770,399
771,19
771,399
772,244
772,382
773,19
773,382
774,114
774,244
775,19
775,114
776,113
776,244
777,19
777,113
778,101
778,244
779,19
779,101
780,244
780,518
781,19
781,518
782,244
782,519
783,19
783,519
784,199
784,244
785,163
785,244
786,216
786,244
787,161
787,244
788,244
788,363
789,67
789,244
790,57
790,244
791,244
791,261
792,244
792,259
793,171
793,244
794,19
794,171
795,244
795,324
796,179
796,244
797,205
797,244
798,244
798,257
799,244
799,308
800,19
800,106
801,244
801,317
802,244
802,476
803,19
803,476
804,244
804,389
805,19
805,389
806,210
806,244
807,244
807,267
808,244
808,345
809,244
809,390
810,196
810,244
811,19
811,196
812,244
812,319
813,19
813,319
814,167
814,244
815,19
815,167
816,244
816,350
817,115
817,244
818,19
818,115
819,41
819,51
820,19
820,25
821,19
821,23
822,19
822,23
823,19
823,41
824,19
824,42
825,19
825,43
826,19
826,43
827,19
827,43
828,19
828,43
829,19
829,44
830,19
830,47
831,19
831,39
832,19
832,53
833,19
833,53
834,19
834,54
835,19
835,61
836,19
836,61
837,19
837,59
838,19
838,71
839,19
839,71
840,19
840,72
841,19
841,73
842,19
842,79
843,19
843,79
844,19
844,79
845,19
845,76
846,19
846,85
847,19
847,86
848,19
848,91
849,19
849,91
850,19
850,89
851,19
851,111
852,19
852,111
853,19
853,119
854,19
854,119
855,19
855,119
856,19
856,119
857,19
857,109
858,19
858,126
859,19
859,126
860,19
860,124
861,19
861,136
862,19
862,136
863,19
863,134
864,19
864,145
865,19
865,145
866,19
866,143
867,19
867,152
868,19
868,157
869,19
869,161
870,19
870,161
871,19
871,161
872,19
872,160
873,19
873,160
874,19
874,169
875,19
875,169
876,19
876,169
877,19
877,179
878,19
878,180
879,19
879,180
880,19
880,181
881,19
881,183
882,19
882,183
883,19
883,183
884,19
884,263
885,19
885,263
886,19
886,263
887,19
887,184
888,19
888,186
889,19
889,186
890,19
890,188
891,19
891,193
892,19
892,193
893,19
893,193
894,19
894,193
895,19
895,194
896,19
896,194
897,19
897,194
898,19
898,194
899,19
899,194
900,19
900,194
901,19
901,195
902,19
902,195
903,19
903,195
904,19
904,195
905,19
905,195
906,19
906,198
907,19
907,200
908,19
908,203
909,19
909,219
910,19
910,219
911,19
911,223
912,19
912,223
913,19
913,155
914,19
914,229
915,19
915,231
916,19
916,257
917,19
917,257
918,19
918,275
919,19
919,275
920,19
920,279
921,19
921,288
922,19
922,288
923,19
923,292
924,19
924,311
925,19
925,311
926,19
926,433
927,19
927,433
928,19
928,313
929,19
929,313
930,19
930,313
931,19
931,313
932,19
932,78
933,19
933,78
934,19
934,326
935,19
935,320
936,19
936,333
937,19
937,339
938,19
938,355
939,19
939,359
940,19
940,365
941,19
941,371
942,19
942,372
943,19
943,373
944,19
944,377
945,19
945,386
946,19
946,397
947,19
947,430
948,19
948,438
949,19
949,440
950,19
950,440
951,19
951,437
952,19
952,445
953,19
953,457
954,19
954,457
955,19
955,460
956,19
956,439
957,19
957,439
958,19
958,205
959,19
959,461
960,19
960,463
961,19
961,486
962,19
962,485
963,19
963,485
964,19
964,485
965,19
965,491
966,19
966,490
967,19
967,494
968,19
968,488
969,19
969,499
970,19
970,499
971,19
971,500
972,19
972,500
973,19
973,504
974,19
974,504
975,19
975,505
976,19
976,505
977,19
977,506
978,19
978,506
979,19
979,503
980,19
980,508
981,19
981,512
982,19
982,515
983,19
983,403
984,20
984,443
985,20
985,457
986,37
986,37
987,37
987,41
988,37
988,355
989,37
989,359
990,37
990,457
991,37
991,482
992,37
992,275
993,37
993,355
994,37
994,359
995,37
995,384
996,37
996,429
997,37
997,457
998,37
998,459
999,37
999,482
1000,37
1000,512
1001,39
1001,41
1002,39
1002,226
1003,39
1003,231
1004,39
1004,275
1005,39
1005,313
1006,39
1006,313
1007,39
1007,313
1008,39
1008,313
1009,39
1009,355
1010,39
1010,355
1011,39
1011,355
1012,39
1012,359
1013,39
1013,377
1014,41
1014,41
1015,41
1015,41
1016,41
1016,42
1017,41
1017,42
1018,41
1018,43
1019,41
1019,43
1020,41
1020,61
1021,41
1021,61
1022,41
1022,59
1023,41
1023,59
1024,41
1024,76
1025,41
1025,76
1026,41
1026,91
1027,41
1027,91
1028,41
1028,89
1029,41
1029,89
1030,41
1030,111
1031,41
1031,111
1032,41
1032,109
1033,41
1033,109
1034,41
1034,126
1035,41
1035,126
1036,41
1036,124
1037,41
1037,124
1038,41
1038,136
1039,41
1039,136
1040,41
1040,134
1041,41
1041,134
1042,41
1042,160
1043,41
1043,160
1044,41
1044,193
1045,41
1045,193
1046,41
1046,194
1047,41
1047,194
1048,41
1048,200
1049,41
1049,200
1050,41
1050,200
1051,41
1051,257
1052,41
1052,257
1053,41
1053,292
1054,41
1054,292
1055,41
1055,78
1056,41
1056,78
1057,41
1057,355
1058,41
1058,355
1059,41
1059,359
1060,41
1060,377
1061,41
1061,465
1062,41
1062,482
1063,41
1063,482
1064,41
1064,487
1065,41
1065,487
1066,41
1066,506
1067,41
1067,506
1068,41
1068,506
1069,41
1069,506
1070,41
1070,42
1071,41
1071,43
1072,41
1072,43
1073,41
1073,44
1074,41
1074,44
1075,41
1075,50
1076,41
1076,50
1077,41
1077,55
1078,41
1078,59
1079,41
1079,61
1080,41
1080,62
1081,41
1081,63
1082,41
1082,64
1083,41
1083,74
1084,41
1084,74
1085,41
1085,76
1086,41
1086,78
1087,41
1087,80
1088,41
1088,80
1089,41
1089,83
1090,41
1090,87
1091,41
1091,107
1092,41
1092,107
1093,41
1093,109
1094,41
1094,126
1095,41
1095,126
1096,41
1096,194
1097,41
1097,194
1098,41
1098,194
1099,41
1099,313
1100,41
1100,359
1101,41
1101,360
1102,41
1102,429
1103,41
1103,465
1104,41
1104,474
1105,41
1105,475
1106,41
1106,476
1107,41
1107,482
1108,41
1108,153
1109,41
1109,153
1110,41
1110,487
1111,41
1111,489
1112,41
1112,490
1113,42
1113,42
1114,42
1114,42
1115,42
1115,43
1116,42
1116,61
1117,42
1117,61
1118,42
1118,61
1119,42
1119,59
1120,42
1120,59
1121,42
1121,59
1122,42
1122,76
1123,42
1123,76
1124,42
1124,76
1125,42
1125,91
1126,42
1126,91
1127,42
1127,91
1128,42
1128,89
1129,42
1129,89
1130,42
1130,89
1131,42
1131,111
1132,42
1132,111
1133,42
1133,111
1134,42
1134,119
1135,42
1135,109
1136,42
1136,109
1137,42
1137,109
1138,42
1138,126
1139,42
1139,126
1140,42
1140,126
1141,42
1141,124
1142,42
1142,124
1143,42
1143,124
1144,42
1144,160
1145,42
1145,160
1146,42
1146,160
1147,42
1147,193
1148,42
1148,193
1149,42
1149,194
1150,42
1150,194
1151,42
1151,194
1152,42
1152,257
1153,42
1153,257
1154,42
1154,257
1155,42
1155,292
1156,42
1156,313
1157,42
1157,78
1158,42
1158,78
1159,42
1159,78
1160,42
1160,433
1161,42
1161,482
1162,42
1162,487
1163,42
1163,487
1164,42
1164,43
1165,42
1165,61
1166,42
1166,61
1167,42
1167,62
1168,42
1168,76
1169,42
1169,78
1170,42
1170,78
1171,42
1171,79
1172,42
1172,79
1173,42
1173,91
1174,42
1174,91
1175,42
1175,111
1176,42
1176,111
1177,42
1177,126
1178,42
1178,126
1179,42
1179,258
1180,42
1180,359
1181,42
1181,482
1182,42
1182,487
1183,43
1183,43
1184,43
1184,43
1185,43
1185,61
1186,43
1186,61
1187,43
1187,59
1188,43
1188,59
1189,43
1189,76
1190,43
1190,76
1191,43
1191,91
1192,43
1192,91
1193,43
1193,91
1194,43
1194,89
1195,43
1195,89
1196,43
1196,111
1197,43
1197,111
1198,43
1198,109
1199,43
1199,109
1200,43
1200,126
1201,43
1201,126
1202,43
1202,124
1203,43
1203,124
1204,43
1204,160
1205,43
1205,160
1206,43
1206,193
1207,43
1207,194
1208,43
1208,194
1209,43
1209,257
1210,43
1210,257
1211,43
1211,292
1212,43
1212,292
1213,43
1213,313
1214,43
1214,78
1215,43
1215,78
1216,43
1216,482
1217,43
1217,482
1218,43
1218,482
1219,43
1219,487
1220,43
1220,487
1221,43
1221,506
1222,43
1222,506
1223,43
1223,506
1224,43
1224,44
1225,43
1225,55
1226,43
1226,55
1227,43
1227,55
1228,43
1228,59
1229,43
1229,59
1230,43
1230,61
1231,43
1231,61
1232,43
1232,62
1233,43
1233,76
1234,43
1234,76
1235,43
1235,78
1236,43
1236,78
1237,43
1237,87
1238,43
1238,87
1239,43
1239,87
1240,43
1240,91
1241,43
1241,91
1242,43
1242,91
1243,43
1243,111
1244,43
1244,114
1245,43
1245,126
1246,43
1246,313
1247,43
1247,359
1248,43
1248,435
1249,43
1249,465
1250,43
1250,474
1251,43
1251,474
1252,43
1252,475
1253,43
1253,475
1254,43
1254,482
1255,43
1255,482
1256,43
1256,482
1257,43
1257,487
1258,44
1258,200
1259,44
1259,275
1260,44
1260,292
1261,44
1261,313
1262,46
1262,203
1263,47
1263,484
1264,39
1264,41
1265,39
1265,42
1266,39
1266,42
1267,39
1267,42
1268,39
1268,43
1269,39
1269,43
1270,39
1270,61
1271,39
1271,62
1272,39
1272,62
1273,39
1273,76
1274,39
1274,76
1275,39
1275,78
1276,39
1276,79
1277,39
1277,91
1278,39
1278,111
1279,39
1279,126
1280,39
1280,258
1281,39
1281,258
1282,39
1282,230
1283,39
1283,275
1284,39
1284,355
1285,39
1285,359
1286,39
1286,384
1287,39
1287,429
1288,39
1288,459
1289,39
1289,482
1290,39
1290,487
1291,55
1291,313
1292,59
1292,231
1293,59
1293,78
1294,59
1294,78
1295,59
1295,461
1296,59
1296,461
1297,59
1297,461
1298,61
1298,61
1299,61
1299,61
1300,61
1300,76
1301,61
1301,76
1302,61
1302,91
1303,61
1303,91
1304,61
1304,89
1305,61
1305,89
1306,61
1306,111
1307,61
1307,111
1308,61
1308,109
1309,61
1309,109
1310,61
1310,161
1311,61
1311,161
1312,61
1312,161
1313,61
1313,161
1314,61
1314,161
1315,61
1315,160
1316,61
1316,193
1317,61
1317,193
1318,61
1318,193
1319,61
1319,193
1320,61
1320,193
1321,61
1321,257
1322,61
1322,257
1323,61
1323,78
1324,61
1324,78
1325,61
1325,62
1326,61
1326,62
1327,61
1327,78
1328,61
1328,79
1329,61
1329,91
1330,61
1330,91
1331,61
1331,111
1332,61
1332,111
1333,61
1333,258
1334,61
1334,258
1335,62
1335,76
1336,62
1336,76
1337,62
1337,91
1338,62
1338,91
1339,62
1339,89
1340,62
1340,89
1341,62
1341,111
1342,62
1342,109
1343,62
1343,109
1344,62
1344,160
1345,62
1345,160
1346,62
1346,78
1347,63
1347,161
1348,63
1348,161
1349,63
1349,161
1350,63
1350,193
1351,63
1351,193
1352,63
1352,193
1353,64
1353,119
1354,64
1354,195
1355,64
1355,313
1356,65
1356,195
1357,66
1357,440
1358,59
1358,61
1359,59
1359,62
1360,59
1360,62
1361,59
1361,76
1362,59
1362,76
1363,59
1363,78
1364,59
1364,79
1365,59
1365,91
1366,59
1366,111
1367,59
1367,258
1368,59
1368,258
1369,76
1369,76
1370,76
1370,76
1371,76
1371,91
1372,76
1372,89
1373,76
1373,78
1374,78
1374,91
1375,78
1375,89
1376,78
1376,78
1377,78
1377,78
1378,79
1378,91
1379,79
1379,91
1380,79
1380,89
1381,82
1381,200
1382,76
1382,78
1383,76
1383,79
1384,76
1384,91
1385,19
1385,23
1386,19
1386,24
1387,19
1387,25
1388,19
1388,39
1389,19
1389,41
1390,19
1390,42
1391,19
1391,42
1392,19
1392,43
1393,19
1393,43
1394,19
1394,61
1395,19
1395,61
1396,19
1396,62
1397,19
1397,62
1398,19
1398,63
1399,19
1399,63
1400,19
1400,64
1401,19
1401,76
1402,19
1402,78
1403,19
1403,78
1404,19
1404,79
1405,19
1405,79
1406,19
1406,89
1407,19
1407,91
1408,19
1408,91
1409,19
1409,92
1410,19
1410,92
1411,19
1411,111
1412,19
1412,111
1413,19
1413,112
1414,19
1414,112
1415,19
1415,124
1416,19
1416,126
1417,19
1417,126
1418,19
1418,127
1419,19
1419,127
1420,19
1420,136
1421,19
1421,136
1422,19
1422,137
1423,19
1423,137
1424,19
1424,143
1425,19
1425,145
1426,19
1426,145
1427,19
1427,146
1428,19
1428,146
1429,19
1429,155
1430,19
1430,157
1431,19
1431,258
1432,19
1432,258
1433,19
1433,180
1434,19
1434,182
1435,19
1435,185
1436,19
1436,189
1437,19
1437,225
1438,19
1438,288
1439,19
1439,292
1440,19
1440,303
1441,19
1441,312
1442,19
1442,355
1443,19
1443,360
1444,19
1444,365
1445,19
1445,384
1446,19
1446,397
1447,19
1447,429
1448,19
1448,437
1449,19
1449,442
1450,19
1450,457
1451,19
1451,459
1452,19
1452,463
1453,19
1453,490
1454,19
1454,491
1455,19
1455,492
1456,19
1456,494
1457,19
1457,495
1458,19
1458,499
1459,19
1459,499
1460,19
1460,499
1461,19
1461,500
1462,19
1462,501
1463,19
1463,503
1464,19
1464,504
1465,19
1465,505
1466,19
1466,506
1467,19
1467,507
1468,19
1468,511
1469,19
1469,511
1470,19
1470,512
1471,37
1471,155
1472,41
1472,155
1473,39
1473,155
1474,155
1474,157
1475,155
1475,219
1476,155
1476,219
1477,155
1477,219
1478,155
1478,223
1479,155
1479,223
1480,155
1480,223
1481,155
1481,155
1482,155
1482,226
1483,155
1483,226
1484,155
1484,231
1485,155
1485,275
1486,155
1486,275
1487,155
1487,275
1488,155
1488,275
1489,155
1489,288
1490,155
1490,288
1491,155
1491,288
1492,155
1492,292
1493,155
1493,292
1494,155
1494,355
1495,155
1495,355
1496,155
1496,355
1497,155
1497,359
1498,155
1498,377
1499,155
1499,427
1500,155
1500,438
1501,155
1501,440
1502,155
1502,440
1503,155
1503,437
1504,155
1504,457
1505,155
1505,457
1506,155
1506,457
1507,155
1507,455
1508,155
1508,461
1509,155
1509,461
1510,155
1510,463
1511,155
1511,482
1512,155
1512,482
1513,39
1513,157
1514,157
1514,223
1515,157
1515,223
1516,157
1516,231
1517,157
1517,275
1518,157
1518,275
1519,157
1519,275
1520,157
1520,288
1521,157
1521,292
1522,157
1522,292
1523,157
1523,292
1524,157
1524,355
1525,157
1525,359
1526,157
1526,440
1527,157
1527,440
1528,157
1528,457
1529,157
1529,455
1530,157
1530,461
1531,157
1531,461
1532,157
1532,482
1533,37
1533,157
1534,39
1534,157
1535,39
1535,157
1536,41
1536,157
1537,157
1537,180
1538,157
1538,225
1539,157
1539,230
1540,157
1540,275
1541,157
1541,288
1542,157
1542,303
1543,157
1543,355
1544,157
1544,356
1545,157
1545,356
1546,157
1546,359
1547,157
1547,384
1548,157
1548,429
1549,157
1549,437
1550,157
1550,438
1551,157
1551,440
1552,157
1552,457
1553,157
1553,459
1554,157
1554,463
1555,157
1555,487
1556,157
1556,512
1557,76
1557,258
1558,76
1558,258
1559,91
1559,258
1560,91
1560,258
1561,89
1561,258
1562,89
1562,258
1563,111
1563,258
1564,109
1564,258
1565,109
1565,258
1566,160
1566,258
1567,160
1567,258
1568,78
1568,258
1569,76
1569,160
1570,78
1570,160
1571,78
1571,160
1572,79
1572,160
1573,79
1573,160
1574,79
1574,160
1575,91
1575,160
1576,91
1576,160
1577,111
1577,160
1578,111
1578,160
1579,37
1579,180
1580,41
1580,180
1581,42
1581,180
1582,42
1582,180
1583,43
1583,180
1584,43
1584,180
1585,43
1585,180
1586,39
1586,180
1587,39
1587,180
1588,61
1588,180
1589,59
1589,180
1590,76
1590,180
1591,91
1591,180
1592,89
1592,180
1593,111
1593,180
1594,109
1594,180
1595,126
1595,180
1596,124
1596,180
1597,136
1597,180
1598,134
1598,180
1599,160
1599,180
1600,180
1600,194
1601,180
1601,194
1602,180
1602,194
1603,180
1603,198
1604,180
1604,198
1605,180
1605,198
1606,180
1606,200
1607,180
1607,200
1608,180
1608,203
1609,180
1609,203
1610,180
1610,217
1611,180
1611,219
1612,180
1612,223
1613,180
1613,226
1614,180
1614,257
1615,180
1615,275
1616,180
1616,292
1617,180
1617,313
1618,78
1618,180
1619,78
1619,180
1620,180
1620,359
1621,180
1621,372
1622,180
1622,397
1623,180
1623,430
1624,180
1624,438
1625,180
1625,440
1626,180
1626,440
1627,180
1627,457
1628,180
1628,455
1629,180
1629,455
1630,180
1630,461
1631,180
1631,463
1632,180
1632,465
1633,180
1633,482
1634,180
1634,485
1635,180
1635,487
1636,180
1636,487
1637,180
1637,506
1638,180
1638,503
1639,180
1639,487
1640,180
1640,487
1641,64
1641,193
1642,76
1642,193
1643,78
1643,193
1644,78
1644,193
1645,78
1645,193
1646,79
1646,193
1647,79
1647,193
1648,91
1648,193
1649,111
1649,193
1650,194
1650,292
1651,194
1651,484
1652,198
1652,364
1653,198
1653,484
1654,200
1654,314
1655,200
1655,360
1656,200
1656,364
1657,195
1657,203
1658,195
1658,203
1659,220
1659,363
1660,220
1660,440
1661,59
1661,219
1662,59
1662,219
1663,79
1663,219
1664,219
1664,220
1665,219
1665,314
1666,219
1666,364
1667,219
1667,435
1668,219
1668,475
1669,219
1669,475
1670,219
1670,476
1671,219
1671,484
1672,41
1672,223
1673,41
1673,223
1674,43
1674,223
1675,45
1675,223
1676,219
1676,223
1677,223
1677,223
1678,223
1678,231
1679,223
1679,230
1680,223
1680,275
1681,223
1681,288
1682,223
1682,292
1683,223
1683,440
1684,223
1684,461
1685,37
1685,223
1686,37
1686,223
1687,37
1687,223
1688,37
1688,223
1689,37
1689,223
1690,39
1690,223
1691,39
1691,223
1692,39
1692,223
1693,41
1693,223
1694,41
1694,223
1695,42
1695,223
1696,55
1696,223
1697,55
1697,223
1698,55
1698,223
1699,59
1699,223
1700,59
1700,223
1701,61
1701,223
1702,71
1702,223
1703,74
1703,223
1704,74
1704,223
1705,74
1705,223
1706,74
1706,223
1707,76
1707,223
1708,78
1708,223
1709,78
1709,223
1710,79
1710,223
1711,83
1711,223
1712,83
1712,223
1713,83
1713,223
1714,83
1714,223
1715,87
1715,223
1716,87
1716,223
1717,87
1717,223
1718,87
1718,223
1719,91
1719,223
1720,91
1720,223
1721,107
1721,223
1722,107
1722,223
1723,107
1723,223
1724,111
1724,223
1725,111
1725,223
1726,111
1726,223
1727,126
1727,223
1728,136
1728,223
1729,223
1729,230
1730,223
1730,230
1731,223
1731,231
1732,223
1732,233
1733,223
1733,275
1734,223
1734,275
1735,223
1735,288
1736,223
1736,313
1737,223
1737,313
1738,223
1738,313
1739,223
1739,355
1740,223
1740,355
1741,223
1741,360
1742,223
1742,384
1743,223
1743,397
1744,223
1744,428
1745,223
1745,428
1746,223
1746,429
1747,223
1747,440
1748,223
1748,457
1749,223
1749,463
1750,223
1750,463
1751,223
1751,465
1752,223
1752,474
1753,223
1753,474
1754,223
1754,475
1755,223
1755,482
1756,223
1756,482
1757,37
1757,225
1758,41
1758,225
1759,43
1759,225
1760,39
1760,225
1761,119
1761,225
1762,194
1762,225
1763,225
1763,231
1764,225
1764,230
1765,225
1765,275
1766,225
1766,288
1767,225
1767,292
1768,225
1768,313
1769,225
1769,355
1770,225
1770,359
1771,225
1771,372
1772,225
1772,377
1773,225
1773,406
1774,225
1774,430
1775,225
1775,482
1776,225
1776,487
1777,225
1777,487
1778,225
1778,506
1779,37
1779,155
1780,39
1780,155
1781,39
1781,155
1782,41
1782,155
1783,155
1783,180
1784,155
1784,225
1785,155
1785,230
1786,155
1786,275
1787,155
1787,288
1788,155
1788,277
1789,155
1789,303
1790,155
1790,355
1791,155
1791,356
1792,155
1792,356
1793,155
1793,359
1794,155
1794,384
1795,155
1795,397
1796,155
1796,427
1797,155
1797,429
1798,155
1798,437
1799,155
1799,438
1800,155
1800,440
1801,155
1801,455
1802,155
1802,457
1803,155
1803,459
1804,155
1804,463
1805,155
1805,482
1806,155
1806,487
1807,155
1807,503
1808,155
1808,512
1809,226
1809,231
1810,226
1810,231
1811,226
1811,275
1812,226
1812,355
1813,226
1813,359
1814,226
1814,443
1815,226
1815,457
1816,226
1816,457
1817,41
1817,226
1818,226
1818,384
1819,226
1819,459
1820,230
1820,275
1821,230
1821,292
1822,230
1822,486
1823,200
1823,230
1824,230
1824,281
1825,230
1825,360
1826,230
1826,384
1827,230
1827,386
1828,230
1828,429
1829,230
1829,459
1830,230
1830,486
1831,230
1831,506
1832,230
1832,512
1833,21
1833,244
1834,25
1834,244
1835,42
1835,244
1836,43
1836,244
1837,43
1837,244
1838,44
1838,244
1839,39
1839,244
1840,61
1840,244
1841,59
1841,244
1842,79
1842,244
1843,76
1843,244
1844,91
1844,244
1845,89
1845,244
1846,111
1846,244
1847,109
1847,244
1848,126
1848,244
1849,124
1849,244
1850,136
1850,244
1851,134
1851,244
1852,145
1852,244
1853,143
1853,244
1854,157
1854,244
1855,160
1855,244
1856,169
1856,244
1857,176
1857,244
1858,176
1858,244
1859,181
1859,244
1860,183
1860,244
1861,244
1861,263
1862,184
1862,244
1863,186
1863,244
1864,188
1864,244
1865,193
1865,244
1866,194
1866,244
1867,194
1867,244
1868,200
1868,244
1869,200
1869,244
1870,219
1870,244
1871,219
1871,244
1872,219
1872,244
1873,223
1873,244
1874,231
1874,244
1875,244
1875,257
1876,244
1876,275
1877,244
1877,275
1878,244
1878,292
1879,244
1879,292
1880,244
1880,295
1881,78
1881,244
1882,244
1882,357
1883,244
1883,359
1884,244
1884,359
1885,244
1885,366
1886,244
1886,371
1887,244
1887,379
1888,244
1888,384
1889,244
1889,386
1890,244
1890,392
1891,244
1891,393
1892,244
1892,397
1893,244
1893,430
1894,244
1894,444
1895,244
1895,461
1896,244
1896,491
1897,244
1897,490
1898,244
1898,494
1899,244
1899,499
1900,244
1900,500
1901,244
1901,504
1902,244
1902,505
1903,244
1903,506
1904,244
1904,503
1905,157
1905,245
1906,41
1906,245
1907,78
1907,245
1908,245
1908,288
1909,37
1909,246
1910,41
1910,246
1911,43
1911,246
1912,43
1912,246
1913,39
1913,246
1914,19
1914,246
1915,157
1915,246
1916,194
1916,246
1917,194
1917,246
1918,223
1918,246
1919,223
1919,246
1920,155
1920,246
1921,226
1921,246
1922,231
1922,246
1923,230
1923,246
1924,246
1924,246
1925,246
1925,275
1926,246
1926,288
1927,246
1927,292
1928,246
1928,292
1929,246
1929,359
1930,246
1930,404
1931,246
1931,428
1932,246
1932,427
1933,246
1933,437
1934,246
1934,443
1935,246
1935,457
1936,246
1936,455
1937,246
1937,463
1938,17
1938,246
1939,19
1939,246
1940,21
1940,246
1941,23
1941,246
1942,37
1942,246
1943,39
1943,246
1944,41
1944,246
1945,51
1945,246
1946,54
1946,246
1947,55
1947,246
1948,59
1948,246
1949,61
1949,246
1950,69
1950,246
1951,71
1951,246
1952,74
1952,246
1953,76
1953,246
1954,83
1954,246
1955,87
1955,246
1956,89
1956,246
1957,103
1957,246
1958,107
1958,246
1959,109
1959,246
1960,122
1960,246
1961,124
1961,246
1962,129
1962,246
1963,132
1963,246
1964,134
1964,246
1965,141
1965,246
1966,143
1966,246
1967,149
1967,246
1968,155
1968,246
1969,157
1969,246
1970,169
1970,246
1971,181
1971,246
1972,200
1972,246
1973,223
1973,246
1974,226
1974,246
1975,230
1975,246
1976,230
1976,246
1977,231
1977,246
1978,232
1978,246
1979,233
1979,246
1980,237
1980,246
1981,240
1981,246
1982,17
1982,246
1983,18
1983,246
1984,246
1984,250
1985,246
1985,288
1986,246
1986,292
1987,246
1987,313
1988,246
1988,313
1989,246
1989,319
1990,246
1990,326
1991,246
1991,333
1992,246
1992,339
1993,246
1993,355
1994,246
1994,365
1995,246
1995,371
1996,246
1996,372
1997,246
1997,373
1998,246
1998,386
1999,246
1999,397
2000,246
2000,404
2001,246
2001,405
2002,246
2002,427
2003,246
2003,428
2004,246
2004,437
2005,246
2005,437
2006,246
2006,438
2007,246
2007,440
2008,246
2008,444
2009,246
2009,455
2010,246
2010,456
2011,246
2011,459
2012,246
2012,463
2013,246
2013,482
2014,246
2014,486
2015,246
2015,488
2016,246
2016,489
2017,246
2017,506
2018,246
2018,512
2019,62
2019,257
2020,62
2020,257
2021,76
2021,257
2022,78
2022,257
2023,79
2023,257
2024,91
2024,257
2025,91
2025,257
2026,111
2026,257
2027,111
2027,257
2028,257
2028,258
2029,257
2029,258
2030,219
2030,275
2031,275
2031,275
2032,275
2032,457
2033,275
2033,482
2034,48
2034,275
2035,153
2035,275
2036,203
2036,275
2037,220
2037,275
2038,220
2038,275
2039,275
2039,304
2040,275
2040,384
2041,275
2041,457
2042,275
2042,459
2043,275
2043,482
2044,275
2044,482
2045,283
2045,487
2046,37
2046,288
2047,39
2047,288
2048,194
2048,288
2049,194
2049,288
2050,230
2050,288
2051,275
2051,288
2052,288
2052,288
2053,288
2053,292
2054,288
2054,292
2055,288
2055,355
2056,288
2056,359
2057,288
2057,359
2058,288
2058,377
2059,288
2059,482
2060,288
2060,482
2061,288
2061,486
2062,37
2062,288
2063,37
2063,288
2064,39
2064,288
2065,41
2065,288
2066,42
2066,288
2067,44
2067,288
2068,50
2068,288
2069,50
2069,288
2070,51
2070,288
2071,59
2071,288
2072,59
2072,288
2073,59
2073,288
2074,71
2074,288
2075,83
2075,288
2076,83
2076,288
2077,194
2077,288
2078,226
2078,288
2079,226
2079,288
2080,226
2080,288
2081,226
2081,288
2082,228
2082,288
2083,230
2083,288
2084,231
2084,288
2085,275
2085,288
2086,281
2086,288
2087,288
2087,292
2088,277
2088,288
2089,288
2089,355
2090,288
2090,359
2091,288
2091,360
2092,288
2092,364
2093,288
2093,384
2094,288
2094,386
2095,288
2095,462
2096,288
2096,396
2097,288
2097,397
2098,288
2098,394
2099,288
2099,516
2100,288
2100,428
2101,288
2101,429
2102,288
2102,430
2103,288
2103,435
2104,288
2104,459
2105,288
2105,465
2106,288
2106,465
2107,288
2107,474
2108,288
2108,474
2109,288
2109,474
2110,288
2110,475
2111,288
2111,475
2112,288
2112,487
2113,288
2113,500
2114,288
2114,503
2115,288
2115,506
2116,288
2116,507
2117,292
2117,292
2118,50
2118,292
2119,59
2119,292
2120,59
2120,292
2121,59
2121,292
2122,292
2122,398
2123,292
2123,516
2124,292
2124,430
2125,292
2125,485
2126,21
2126,297
2127,25
2127,297
2128,23
2128,297
2129,37
2129,297
2130,41
2130,297
2131,42
2131,297
2132,43
2132,297
2133,43
2133,297
2134,44
2134,297
2135,47
2135,297
2136,47
2136,297
2137,47
2137,297
2138,47
2138,297
2139,47
2139,297
2140,39
2140,297
2141,50
2141,297
2142,53
2142,297
2143,54
2143,297
2144,55
2144,297
2145,61
2145,297
2146,59
2146,297
2147,69
2147,297
2148,71
2148,297
2149,72
2149,297
2150,73
2150,297
2151,74
2151,297
2152,79
2152,297
2153,76
2153,297
2154,85
2154,297
2155,86
2155,297
2156,87
2156,297
2157,91
2157,297
2158,89
2158,297
2159,103
2159,297
2160,107
2160,297
2161,111
2161,297
2162,119
2162,297
2163,109
2163,297
2164,122
2164,297
2165,126
2165,297
2166,124
2166,297
2167,129
2167,297
2168,132
2168,297
2169,136
2169,297
2170,134
2170,297
2171,141
2171,297
2172,145
2172,297
2173,143
2173,297
2174,149
2174,297
2175,19
2175,297
2176,152
2176,297
2177,157
2177,297
2178,161
2178,297
2179,160
2179,297
2180,169
2180,297
2181,173
2181,297
2182,174
2182,297
2183,179
2183,297
2184,180
2184,297
2185,181
2185,297
2186,183
2186,297
2187,263
2187,297
2188,184
2188,297
2189,186
2189,297
2190,261
2190,297
2191,188
2191,297
2192,193
2192,297
2193,194
2193,297
2194,195
2194,297
2195,195
2195,297
2196,198
2196,297
2197,198
2197,297
2198,198
2198,297
2199,198
2199,297
2200,198
2200,297
2201,198
2201,297
2202,198
2202,297
2203,200
2203,297
2204,203
2204,297
2205,203
2205,297
2206,203
2206,297
2207,203
2207,297
2208,203
2208,297
2209,203
2209,297
2210,203
2210,297
2211,217
2211,297
2212,217
2212,297
2213,217
2213,297
2214,217
2214,297
2215,219
2215,297
2216,219
2216,297
2217,178
2217,297
2218,215
2218,297
2219,223
2219,297
2220,155
2220,297
2221,226
2221,297
2222,229
2222,297
2223,229
2223,297
2224,231
2224,297
2225,230
2225,297
2226,230
2226,297
2227,232
2227,297
2228,233
2228,297
2229,237
2229,297
2230,241
2230,297
2231,257
2231,297
2232,275
2232,297
2233,279
2233,297
2234,288
2234,297
2235,293
2235,297
2236,292
2236,297
2237,295
2237,297
2238,297
2238,311
2239,297
2239,313
2240,78
2240,297
2241,297
2241,326
2242,297
2242,320
2243,297
2243,333
2244,297
2244,339
2245,297
2245,355
2246,297
2246,357
2247,297
2247,357
2248,297
2248,359
2249,297
2249,362
2250,297
2250,362
2251,297
2251,363
2252,297
2252,363
2253,297
2253,365
2254,297
2254,366
2255,297
2255,371
2256,297
2256,372
2257,297
2257,373
2258,297
2258,377
2259,297
2259,379
2260,297
2260,379
2261,297
2261,439
2262,297
2262,384
2263,297
2263,386
2264,297
2264,392
2265,297
2265,392
2266,297
2266,393
2267,297
2267,396
2268,297
2268,398
2269,297
2269,397
2270,297
2270,406
2271,297
2271,428
2272,297
2272,430
2273,297
2273,433
2274,297
2274,438
2275,297
2275,440
2276,297
2276,437
2277,297
2277,444
2278,297
2278,443
2279,297
2279,445
2280,297
2280,446
2281,297
2281,457
2282,297
2282,455
2283,297
2283,455
2284,297
2284,461
2285,297
2285,463
2286,297
2286,465
2287,297
2287,475
2288,297
2288,474
2289,297
2289,478
2290,297
2290,481
2291,297
2291,484
2292,297
2292,482
2293,297
2293,486
2294,297
2294,485
2295,297
2295,487
2296,17
2296,297
2297,297
2297,489
2298,297
2298,491
2299,297
2299,490
2300,297
2300,493
2301,297
2301,494
2302,297
2302,497
2303,297
2303,488
2304,297
2304,499
2305,297
2305,500
2306,297
2306,504
2307,297
2307,505
2308,297
2308,506
2309,297
2309,503
2310,297
2310,508
2311,297
2311,509
2312,297
2312,513
2313,297
2313,512
2314,297
2314,515
2315,297
2315,403
2316,153
2316,297
2317,297
2317,354
2318,175
2318,297
2319,208
2319,297
2320,219
2320,277
2321,277
2321,292
2322,78
2322,277
2323,277
2323,363
2324,37
2324,303
2325,42
2325,303
2326,47
2326,303
2327,53
2327,303
2328,54
2328,303
2329,55
2329,303
2330,61
2330,303
2331,59
2331,303
2332,69
2332,303
2333,71
2333,303
2334,72
2334,303
2335,73
2335,303
2336,74
2336,303
2337,79
2337,303
2338,76
2338,303
2339,85
2339,303
2340,86
2340,303
2341,87
2341,303
2342,89
2342,303
2343,91
2343,303
2344,119
2344,303
2345,152
2345,303
2346,160
2346,303
2347,174
2347,303
2348,176
2348,303
2349,179
2349,303
2350,193
2350,303
2351,195
2351,303
2352,198
2352,303
2353,200
2353,303
2354,203
2354,303
2355,217
2355,303
2356,219
2356,303
2357,232
2357,303
2358,303
2358,439
2359,233
2359,303
2360,257
2360,303
2361,275
2361,303
2362,293
2362,303
2363,292
2363,303
2364,295
2364,303
2365,303
2365,311
2366,303
2366,313
2367,303
2367,326
2368,303
2368,333
2369,303
2369,339
2370,78
2370,303
2371,303
2371,355
2372,303
2372,362
2373,303
2373,365
2374,303
2374,371
2375,303
2375,377
2376,303
2376,386
2377,303
2377,396
2378,303
2378,398
2379,303
2379,446
2380,303
2380,465
2381,303
2381,478
2382,303
2382,484
2383,303
2383,487
2384,303
2384,489
2385,303
2385,490
2386,303
2386,488
2387,303
2387,500
2388,303
2388,504
2389,303
2389,503
2390,303
2390,509
2391,303
2391,512
2392,42
2392,244
2393,43
2393,244
2394,44
2394,244
2395,51
2395,244
2396,61
2396,244
2397,63
2397,244
2398,66
2398,244
2399,119
2399,244
2400,155
2400,244
2401,157
2401,244
2402,180
2402,244
2403,194
2403,244
2404,223
2404,244
2405,225
2405,244
2406,231
2406,244
2407,244
2407,292
2408,244
2408,304
2409,244
2409,397
2410,244
2410,405
2411,244
2411,444
2412,244
2412,486
2413,244
2413,503
2414,244
2414,515
2415,78
2415,79
2416,78
2416,80
2417,78
2417,91
2418,231
2418,355
2419,230
2419,355
2420,275
2420,355
2421,355
2421,355
2422,355
2422,359
2423,355
2423,359
2424,355
2424,377
2425,355
2425,482
2426,42
2426,355
2427,44
2427,355
2428,49
2428,355
2429,49
2429,355
2430,51
2430,355
2431,51
2431,355
2432,55
2432,355
2433,55
2433,355
2434,76
2434,355
2435,76
2435,355
2436,87
2436,355
2437,194
2437,355
2438,220
2438,355
2439,275
2439,355
2440,277
2440,355
2441,304
2441,355
2442,355
2442,359
2443,355
2443,384
2444,355
2444,397
2445,355
2445,516
2446,296
2446,355
2447,355
2447,429
2448,355
2448,435
2449,355
2449,459
2450,355
2450,474
2451,355
2451,487
2452,169
2452,356
2453,169
2453,356
2454,200
2454,356
2455,200
2455,356
2456,275
2456,356
2457,275
2457,356
2458,292
2458,356
2459,292
2459,356
2460,313
2460,356
2461,313
2461,356
2462,356
2462,487
2463,246
2463,357
2464,21
2464,359
2465,25
2465,359
2466,23
2466,359
2467,44
2467,359
2468,47
2468,359
2469,53
2469,359
2470,54
2470,359
2471,55
2471,359
2472,61
2472,359
2473,59
2473,359
2474,69
2474,359
2475,71
2475,359
2476,72
2476,359
2477,73
2477,359
2478,74
2478,359
2479,79
2479,359
2480,76
2480,359
2481,85
2481,359
2482,86
2482,359
2483,87
2483,359
2484,91
2484,359
2485,89
2485,359
2486,103
2486,359
2487,107
2487,359
2488,111
2488,359
2489,119
2489,359
2490,109
2490,359
2491,122
2491,359
2492,126
2492,359
2493,124
2493,359
2494,129
2494,359
2495,132
2495,359
2496,136
2496,359
2497,134
2497,359
2498,141
2498,359
2499,145
2499,359
2500,143
2500,359
2501,149
2501,359
2502,152
2502,359
2503,160
2503,359
2504,169
2504,359
2505,174
2505,359
2506,176
2506,359
2507,179
2507,359
2508,181
2508,359
2509,183
2509,359
2510,263
2510,359
2511,184
2511,359
2512,186
2512,359
2513,261
2513,359
2514,188
2514,359
2515,193
2515,359
2516,194
2516,359
2517,198
2517,359
2518,200
2518,359
2519,203
2519,359
2520,217
2520,359
2521,178
2521,359
2522,215
2522,359
2523,219
2523,359
2524,232
2524,359
2525,233
2525,359
2526,257
2526,359
2527,275
2527,359
2528,279
2528,359
2529,293
2529,359
2530,292
2530,359
2531,295
2531,359
2532,311
2532,359
2533,313
2533,359
2534,78
2534,359
2535,326
2535,359
2536,320
2536,359
2537,333
2537,359
2538,339
2538,359
2539,359
2539,359
2540,359
2540,362
2541,359
2541,363
2542,359
2542,365
2543,359
2543,371
2544,359
2544,386
2545,359
2545,396
2546,359
2546,398
2547,359
2547,397
2548,359
2548,430
2549,359
2549,439
2550,359
2550,433
2551,359
2551,445
2552,359
2552,461
2553,359
2553,465
2554,359
2554,475
2555,359
2555,474
2556,359
2556,478
2557,359
2557,481
2558,359
2558,484
2559,359
2559,482
2560,359
2560,485
2561,359
2561,489
2562,359
2562,491
2563,359
2563,490
2564,359
2564,493
2565,359
2565,494
2566,359
2566,497
2567,359
2567,488
2568,359
2568,499
2569,359
2569,500
2570,359
2570,504
2571,359
2571,506
2572,359
2572,503
2573,359
2573,509
2574,359
2574,513
2575,359
2575,512
2576,359
2576,515
2577,359
2577,403
2578,275
2578,359
2579,359
2579,384
2580,359
2580,429
2581,359
2581,457
2582,359
2582,459
2583,359
2583,482
2584,153
2584,359
2585,354
2585,359
2586,175
2586,359
2587,208
2587,359
2588,47
2588,366
2589,203
2589,366
2590,373
2590,487
2591,19
2591,378
2592,19
2592,378
2593,19
2593,378
2594,19
2594,378
2595,180
2595,378
2596,244
2596,378
2597,244
2597,378
2598,244
2598,378
2599,244
2599,378
2600,244
2600,378
2601,244
2601,378
2602,297
2602,378
2603,303
2603,378
2604,359
2604,378
2605,378
2605,404
2606,378
2606,404
2607,378
2607,404
2608,378
2608,404
2609,378
2609,404
2610,378
2610,429
2611,42
2611,377
2612,44
2612,377
2613,275
2613,377
2614,277
2614,377
2615,304
2615,377
2616,359
2616,377
2617,377
2617,384
2618,377
2618,397
2619,377
2619,429
2620,377
2620,459
2621,377
2621,487
2622,231
2622,384
2623,384
2623,482
2624,246
2624,392
2625,246
2625,393
2626,292
2626,397
2627,292
2627,397
2628,21
2628,404
2629,21
2629,404
2630,21
2630,404
2631,21
2631,404
2632,21
2632,404
2633,21
2633,404
2634,25
2634,404
2635,25
2635,404
2636,25
2636,404
2637,25
2637,404
2638,25
2638,404
2639,23
2639,404
2640,23
2640,404
2641,23
2641,404
2642,23
2642,404
2643,23
2643,404
2644,23
2644,404
2645,37
2645,404
2646,41
2646,404
2647,41
2647,404
2648,41
2648,404
2649,42
2649,404
2650,42
2650,404
2651,43
2651,404
2652,43
2652,404
2653,43
2653,404
2654,43
2654,404
2655,44
2655,404
2656,44
2656,404
2657,47
2657,404
2658,39
2658,404
2659,39
2659,404
2660,39
2660,404
2661,50
2661,404
2662,53
2662,404
2663,53
2663,404
2664,54
2664,404
2665,54
2665,404
2666,54
2666,404
2667,54
2667,404
2668,55
2668,404
2669,61
2669,404
2670,59
2670,404
2671,69
2671,404
2672,71
2672,404
2673,71
2673,404
2674,72
2674,404
2675,72
2675,404
2676,73
2676,404
2677,73
2677,404
2678,74
2678,404
2679,74
2679,404
2680,74
2680,404
2681,79
2681,404
2682,79
2682,404
2683,79
2683,404
2684,76
2684,404
2685,76
2685,404
2686,85
2686,404
2687,85
2687,404
2688,86
2688,404
2689,86
2689,404
2690,87
2690,404
2691,87
2691,404
2692,91
2692,404
2693,91
2693,404
2694,91
2694,404
2695,89
2695,404
2696,89
2696,404
2697,103
2697,404
2698,107
2698,404
2699,107
2699,404
2700,111
2700,404
2701,111
2701,404
2702,111
2702,404
2703,119
2703,404
2704,119
2704,404
2705,109
2705,404
2706,109
2706,404
2707,122
2707,404
2708,122
2708,404
2709,126
2709,404
2710,126
2710,404
2711,126
2711,404
2712,124
2712,404
2713,124
2713,404
2714,129
2714,404
2715,132
2715,404
2716,132
2716,404
2717,136
2717,404
2718,136
2718,404
2719,136
2719,404
2720,134
2720,404
2721,134
2721,404
2722,141
2722,404
2723,141
2723,404
2724,145
2724,404
2725,145
2725,404
2726,145
2726,404
2727,143
2727,404
2728,143
2728,404
2729,149
2729,404
2730,152
2730,404
2731,152
2731,404
2732,153
2732,404
2733,354
2733,404
2734,354
2734,404
2735,175
2735,404
2736,175
2736,404
2737,208
2737,404
2738,208
2738,404
2739,157
2739,404
2740,157
2740,404
2741,160
2741,404
2742,160
2742,404
2743,160
2743,404
2744,169
2744,404
2745,169
2745,404
2746,169
2746,404
2747,169
2747,404
2748,169
2748,404
2749,173
2749,404
2750,174
2750,404
2751,174
2751,404
2752,176
2752,404
2753,179
2753,404
2754,179
2754,404
2755,180
2755,404
2756,181
2756,404
2757,183
2757,404
2758,183
2758,404
2759,263
2759,404
2760,263
2760,404
2761,184
2761,404
2762,186
2762,404
2763,186
2763,404
2764,188
2764,404
2765,193
2765,404
2766,193
2766,404
2767,193
2767,404
2768,193
2768,404
2769,194
2769,404
2770,194
2770,404
2771,194
2771,404
2772,198
2772,404
2773,200
2773,404
2774,200
2774,404
2775,203
2775,404
2776,217
2776,404
2777,217
2777,404
2778,217
2778,404
2779,215
2779,404
2780,178
2780,404
2781,219
2781,404
2782,219
2782,404
2783,223
2783,404
2784,223
2784,404
2785,223
2785,404
2786,223
2786,404
2787,155
2787,404
2788,226
2788,404
2789,226
2789,404
2790,229
2790,404
2791,229
2791,404
2792,231
2792,404
2793,231
2793,404
2794,231
2794,404
2795,231
2795,404
2796,230
2796,404
2797,232
2797,404
2798,232
2798,404
2799,233
2799,404
2800,233
2800,404
2801,239
2801,404
2802,257
2802,404
2803,257
2803,404
2804,275
2804,404
2805,275
2805,404
2806,275
2806,404
2807,279
2807,404
2808,279
2808,404
2809,279
2809,404
2810,288
2810,404
2811,288
2811,404
2812,293
2812,404
2813,293
2813,404
2814,292
2814,404
2815,292
2815,404
2816,295
2816,404
2817,311
2817,404
2818,311
2818,404
2819,313
2819,404
2820,313
2820,404
2821,313
2821,404
2822,313
2822,404
2823,78
2823,404
2824,78
2824,404
2825,78
2825,404
2826,326
2826,404
2827,326
2827,404
2828,320
2828,404
2829,320
2829,404
2830,333
2830,404
2831,339
2831,404
2832,355
2832,404
2833,355
2833,404
2834,355
2834,404
2835,355
2835,404
2836,359
2836,404
2837,359
2837,404
2838,359
2838,404
2839,362
2839,404
2840,362
2840,404
2841,362
2841,404
2842,365
2842,404
2843,365
2843,404
2844,366
2844,404
2845,366
2845,404
2846,371
2846,404
2847,371
2847,404
2848,372
2848,404
2849,373
2849,404
2850,377
2850,404
2851,377
2851,404
2852,377
2852,404
2853,379
2853,404
2854,384
2854,404
2855,384
2855,404
2856,386
2856,404
2857,392
2857,404
2858,404
2858,439
2859,404
2859,439
2860,396
2860,404
2861,396
2861,404
2862,398
2862,404
2863,398
2863,404
2864,397
2864,404
2865,404
2865,428
2866,404
2866,430
2867,404
2867,430
2868,404
2868,430
2869,404
2869,430
2870,404
2870,433
2871,404
2871,438
2872,404
2872,438
2873,404
2873,440
2874,404
2874,440
2875,404
2875,437
2876,404
2876,443
2877,404
2877,443
2878,404
2878,445
2879,404
2879,445
2880,404
2880,457
2881,404
2881,460
2882,404
2882,460
2883,404
2883,461
2884,404
2884,461
2885,404
2885,461
2886,404
2886,461
2887,404
2887,463
2888,404
2888,475
2889,404
2889,474
2890,404
2890,478
2891,404
2891,481
2892,404
2892,484
2893,404
2893,486
2894,404
2894,486
2895,404
2895,485
2896,404
2896,485
2897,404
2897,489
2898,404
2898,491
2899,404
2899,491
2900,404
2900,490
2901,404
2901,490
2902,404
2902,493
2903,404
2903,494
2904,404
2904,494
2905,404
2905,497
2906,404
2906,488
2907,404
2907,488
2908,404
2908,499
2909,404
2909,499
2910,404
2910,500
2911,404
2911,500
2912,404
2912,504
2913,404
2913,504
2914,404
2914,505
2915,404
2915,505
2916,404
2916,506
2917,404
2917,506
2918,404
2918,503
2919,404
2919,508
2920,404
2920,509
2921,404
2921,513
2922,404
2922,512
2923,404
2923,512
2924,404
2924,515
2925,404
2925,515
2926,403
2926,404
2927,219
2927,427
2928,219
2928,427
2929,219
2929,427
2930,219
2930,427
2931,223
2931,427
2932,223
2932,427
2933,223
2933,427
2934,231
2934,427
2935,230
2935,427
2936,275
2936,427
2937,275
2937,427
2938,292
2938,427
2939,292
2939,427
2940,292
2940,427
2941,359
2941,427
2942,427
2942,433
2943,427
2943,433
2944,427
2944,440
2945,427
2945,440
2946,427
2946,437
2947,427
2947,443
2948,427
2948,457
2949,427
2949,457
2950,427
2950,461
2951,427
2951,461
2952,275
2952,428
2953,292
2953,428
2954,292
2954,428
2955,359
2955,428
2956,428
2956,461
2957,384
2957,428
2958,428
2958,459
2959,119
2959,429
2960,195
2960,429
2961,195
2961,429
2962,200
2962,429
2963,231
2963,429
2964,53
2964,429
2965,54
2965,429
2966,275
2966,429
2967,71
2967,429
2968,73
2968,429
2969,87
2969,429
2970,89
2970,429
2971,178
2971,429
2972,215
2972,429
2973,219
2973,429
2974,219
2974,429
2975,219
2975,429
2976,362
2976,429
2977,313
2977,429
2978,326
2978,429
2979,320
2979,429
2980,333
2980,429
2981,339
2981,429
2982,429
2982,433
2983,188
2983,429
2984,181
2984,429
2985,261
2985,429
2986,429
2986,439
2987,429
2987,482
2988,233
2988,429
2989,22
2989,427
2990,22
2990,427
2991,22
2991,427
2992,22
2992,427
2993,24
2993,427
2994,24
2994,427
2995,37
2995,427
2996,38
2996,427
2997,39
2997,427
2998,39
2998,427
2999,41
2999,427
3000,41
3000,427
3001,41
3001,427
3002,42
3002,427
3003,43
3003,427
3004,56
3004,427
3005,56
3005,427
3006,59
3006,427
3007,60
3007,427
3008,60
3008,427
3009,61
3009,427
3010,61
3010,427
3011,63
3011,427
3012,64
3012,427
3013,64
3013,427
3014,75
3014,427
3015,75
3015,427
3016,77
3016,427
3017,78
3017,427
3018,78
3018,427
3019,78
3019,427
3020,81
3020,427
3021,88
3021,427
3022,88
3022,427
3023,88
3023,427
3024,89
3024,427
3025,90
3025,427
3026,90
3026,427
3027,91
3027,427
3028,92
3028,427
3029,96
3029,427
3030,108
3030,427
3031,108
3031,427
3032,108
3032,427
3033,110
3033,427
3034,110
3034,427
3035,111
3035,427
3036,114
3036,427
3037,123
3037,427
3038,123
3038,427
3039,123
3039,427
3040,123
3040,427
3041,124
3041,427
3042,125
3042,427
3043,125
3043,427
3044,126
3044,427
3045,127
3045,427
3046,128
3046,427
3047,187
3047,427
3048,262
3048,427
3049,133
3049,427
3050,133
3050,427
3051,133
3051,427
3052,133
3052,427
3053,135
3053,427
3054,135
3054,427
3055,142
3055,427
3056,142
3056,427
3057,142
3057,427
3058,142
3058,427
3059,143
3059,427
3060,144
3060,427
3061,144
3061,427
3062,145
3062,427
3063,146
3063,427
3064,147
3064,427
3065,157
3065,427
3066,258
3066,427
3067,180
3067,427
3068,183
3068,427
3069,226
3069,427
3070,288
3070,427
3071,288
3071,427
3072,292
3072,427
3073,313
3073,427
3074,313
3074,427
3075,397
3075,427
3076,427
3076,437
3077,427
3077,438
3078,427
3078,457
3079,427
3079,459
3080,427
3080,463
3081,427
3081,485
3082,427
3082,488
3083,427
3083,499
3084,427
3084,503
3085,427
3085,504
3086,427
3086,505
3087,427
3087,505
3088,427
3088,512
3089,427
3089,512
3090,37
3090,437
3091,37
3091,437
3092,37
3092,437
3093,39
3093,437
3094,226
3094,437
3095,231
3095,437
3096,231
3096,437
3097,231
3097,437
3098,230
3098,437
3099,230
3099,437
3100,275
3100,437
3101,275
3101,437
3102,288
3102,437
3103,288
3103,437
3104,288
3104,437
3105,288
3105,437
3106,355
3106,437
3107,359
3107,437
3108,377
3108,437
3109,428
3109,437
3110,437
3110,438
3111,437
3111,440
3112,437
3112,437
3113,437
3113,443
3114,437
3114,457
3115,437
3115,457
3116,437
3116,455
3117,437
3117,463
3118,437
3118,482
3119,437
3119,482
3120,37
3120,438
3121,39
3121,438
3122,226
3122,438
3123,275
3123,438
3124,275
3124,438
3125,288
3125,438
3126,288
3126,438
3127,288
3127,438
3128,292
3128,438
3129,292
3129,438
3130,292
3130,438
3131,292
3131,438
3132,355
3132,438
3133,359
3133,438
3134,377
3134,438
3135,438
3135,438
3136,438
3136,440
3137,438
3137,457
3138,438
3138,457
3139,438
3139,482
3140,438
3140,482
3141,37
3141,438
3142,39
3142,438
3143,39
3143,438
3144,41
3144,438
3145,41
3145,438
3146,225
3146,438
3147,230
3147,438
3148,275
3148,438
3149,288
3149,438
3150,277
3150,438
3151,303
3151,438
3152,355
3152,438
3153,356
3153,438
3154,356
3154,438
3155,359
3155,438
3156,384
3156,438
3157,429
3157,438
3158,438
3158,440
3159,438
3159,459
3160,438
3160,463
3161,37
3161,440
3162,275
3162,440
3163,288
3163,440
3164,292
3164,440
3165,359
3165,440
3166,440
3166,440
3167,39
3167,440
3168,39
3168,440
3169,41
3169,440
3170,42
3170,440
3171,44
3171,440
3172,48
3172,440
3173,49
3173,440
3174,50
3174,440
3175,59
3175,440
3176,59
3176,440
3177,62
3177,440
3178,62
3178,440
3179,153
3179,440
3180,170
3180,440
3181,194
3181,440
3182,199
3182,440
3183,199
3183,440
3184,225
3184,440
3185,228
3185,440
3186,230
3186,440
3187,275
3187,440
3188,219
3188,440
3189,288
3189,440
3190,292
3190,440
3191,277
3191,440
3192,303
3192,440
3193,304
3193,440
3194,314
3194,440
3195,355
3195,440
3196,356
3196,440
3197,356
3197,440
3198,359
3198,440
3199,360
3199,440
3200,364
3200,440
3201,366
3201,440
3202,384
3202,440
3203,397
3203,440
3204,394
3204,440
3205,440
3205,516
3206,296
3206,440
3207,429
3207,440
3208,435
3208,440
3209,440
3209,459
3210,440
3210,465
3211,440
3211,474
3212,440
3212,474
3213,440
3213,474
3214,440
3214,475
3215,440
3215,475
3216,440
3216,476
3217,440
3217,487
3218,440
3218,503
3219,440
3219,514
3220,271
3220,440
3221,54
3221,442
3222,73
3222,442
3223,73
3223,312
3224,271
3224,288
3225,246
3225,354
3226,37
3226,437
3227,37
3227,437
3228,41
3228,437
3229,180
3229,437
3230,225
3230,437
3231,230
3231,437
3232,275
3232,437
3233,288
3233,437
3234,355
3234,437
3235,359
3235,437
3236,384
3236,437
3237,429
3237,437
3238,437
3238,438
3239,437
3239,440
3240,437
3240,455
3241,437
3241,457
3242,437
3242,457
3243,437
3243,459
3244,437
3244,463
3245,437
3245,482
3246,437
3246,487
3247,59
3247,443
3248,443
3248,459
3249,277
3249,446
3250,356
3250,446
3251,356
3251,446
3252,37
3252,455
3253,43
3253,455
3254,43
3254,455
3255,39
3255,455
3256,200
3256,455
3257,219
3257,455
3258,219
3258,455
3259,223
3259,455
3260,226
3260,455
3261,231
3261,455
3262,275
3262,455
3263,292
3263,455
3264,292
3264,455
3265,355
3265,455
3266,355
3266,455
3267,359
3267,455
3268,428
3268,455
3269,444
3269,455
3270,455
3270,461
3271,455
3271,463
3272,455
3272,486
3273,223
3273,456
3274,355
3274,456
3275,41
3275,457
3276,41
3276,457
3277,161
3277,457
3278,161
3278,457
3279,195
3279,457
3280,195
3280,457
3281,195
3281,457
3282,195
3282,457
3283,195
3283,457
3284,195
3284,457
3285,217
3285,457
3286,219
3286,457
3287,363
3287,457
3288,457
3288,482
3289,55
3289,457
3290,59
3290,457
3291,59
3291,457
3292,59
3292,457
3293,233
3293,457
3294,457
3294,475
3295,457
3295,482
3296,457
3296,515
3297,457
3297,515
3298,231
3298,459
3299,22
3299,455
3300,23
3300,455
3301,23
3301,455
3302,24
3302,455
3303,25
3303,455
3304,26
3304,455
3305,37
3305,455
3306,38
3306,455
3307,39
3307,455
3308,40
3308,455
3309,41
3309,455
3310,41
3310,455
3311,42
3311,455
3312,43
3312,455
3313,43
3313,455
3314,56
3314,455
3315,56
3315,455
3316,60
3316,455
3317,60
3317,455
3318,61
3318,455
3319,62
3319,455
3320,63
3320,455
3321,75
3321,455
3322,76
3322,455
3323,77
3323,455
3324,78
3324,455
3325,78
3325,455
3326,88
3326,455
3327,89
3327,455
3328,90
3328,455
3329,91
3329,455
3330,92
3330,455
3331,108
3331,455
3332,110
3332,455
3333,111
3333,455
3334,112
3334,455
3335,123
3335,455
3336,124
3336,455
3337,125
3337,455
3338,126
3338,455
3339,127
3339,455
3340,133
3340,455
3341,135
3341,455
3342,136
3342,455
3343,137
3343,455
3344,142
3344,455
3345,143
3345,455
3346,144
3346,455
3347,145
3347,455
3348,146
3348,455
3349,258
3349,455
3350,223
3350,455
3351,225
3351,455
3352,225
3352,455
3353,231
3353,455
3354,232
3354,455
3355,233
3355,455
3356,288
3356,455
3357,292
3357,455
3358,292
3358,455
3359,360
3359,455
3360,365
3360,455
3361,366
3361,455
3362,366
3362,455
3363,384
3363,455
3364,396
3364,455
3365,397
3365,455
3366,397
3366,455
3367,428
3367,455
3368,429
3368,455
3369,438
3369,455
3370,440
3370,455
3371,445
3371,455
3372,455
3372,459
3373,455
3373,463
3374,455
3374,474
3375,455
3375,478
3376,455
3376,488
3377,455
3377,499
3378,455
3378,499
3379,455
3379,503
3380,455
3380,504
3381,455
3381,505
3382,455
3382,505
3383,455
3383,507
3384,455
3384,508
3385,455
3385,509
3386,455
3386,510
3387,455
3387,512
3388,246
3388,460
3389,246
3389,460
3390,297
3390,460
3391,297
3391,460
3392,37
3392,463
3393,39
3393,463
3394,194
3394,463
3395,194
3395,463
3396,194
3396,463
3397,194
3397,463
3398,226
3398,463
3399,231
3399,463
3400,230
3400,463
3401,275
3401,463
3402,288
3402,463
3403,292
3403,463
3404,355
3404,463
3405,359
3405,463
3406,359
3406,463
3407,377
3407,463
3408,428
3408,463
3409,440
3409,463
3410,443
3410,463
3411,463
3411,463
3412,463
3412,482
3413,463
3413,482
3414,463
3414,487
3415,463
3415,488
3416,463
3416,503
3417,463
3417,512
3418,355
3418,464
3419,41
3419,463
3420,225
3420,463
3421,230
3421,463
3422,288
3422,463
3423,355
3423,463
3424,359
3424,463
3425,359
3425,463
3426,384
3426,463
3427,429
3427,463
3428,440
3428,463
3429,459
3429,463
3430,463
3430,465
3431,463
3431,482
3432,463
3432,487
3433,219
3433,465
3434,231
3434,465
3435,457
3435,465
3436,461
3436,465
3437,61
3437,465
3438,78
3438,465
3439,219
3439,474
3440,292
3440,474
3441,457
3441,474
3442,292
3442,476
3443,157
3443,482
3444,180
3444,482
3445,61
3445,482
3446,59
3446,482
3447,76
3447,482
3448,76
3448,482
3449,195
3449,482
3450,195
3450,482
3451,195
3451,482
3452,195
3452,482
3453,257
3453,482
3454,292
3454,482
3455,292
3455,482
3456,78
3456,482
3457,78
3457,482
3458,78
3458,482
3459,461
3459,482
3460,61
3460,482
3461,62
3461,482
3462,78
3462,482
3463,79
3463,482
3464,258
3464,482
3465,304
3465,482
3466,459
3466,482
3467,482
3467,499
3468,482
3468,512
3469,41
3469,485
3470,41
3470,485
3471,41
3471,485
3472,41
3472,485
3473,43
3473,485
3474,43
3474,485
3475,43
3475,485
3476,43
3476,485
3477,161
3477,485
3478,161
3478,485
3479,161
3479,485
3480,161
3480,485
3481,161
3481,485
3482,195
3482,485
3483,203
3483,485
3484,461
3484,485
3485,47
3485,487
3486,61
3486,487
3487,59
3487,487
3488,76
3488,487
3489,160
3489,487
3490,193
3490,487
3491,193
3491,487
3492,193
3492,487
3493,161
3493,487
3494,161
3494,487
3495,161
3495,487
3496,194
3496,487
3497,194
3497,487
3498,219
3498,487
3499,257
3499,487
3500,78
3500,487
3501,433
3501,487
3502,461
3502,487
3503,59
3503,487
3504,61
3504,487
3505,61
3505,487
3506,62
3506,487
3507,62
3507,487
3508,78
3508,487
3509,78
3509,487
3510,258
3510,487
3511,258
3511,487
3512,359
3512,487
3513,457
3513,504
3514,482
3514,504
3515,457
3515,505
3516,482
3516,503
3517,19
3517,296
3518,296
3518,297
3519,296
3519,359
3520,296
3520,404
3521,307
3521,440
3522,307
3522,355
3523,440
3523,441
3524,18
3524,230
3525,18
3525,19
3526,18
3526,455
3527,245
3527,355
3528,245
3528,313
3529,245
3529,377
3530,245
3530,326
3531,245
3531,333
3532,227
3532,313
3533,297
3533,308
3534,308
3534,359
3535,308
3535,404
3536,246
3536,308
3537,34
3537,297
3538,34
3538,359
3539,19
3539,192
3540,34
3540,404
3541,191
3541,297
3542,191
3542,359
3543,191
3543,244
3544,19
3544,191
3545,191
3545,404
3546,148
3546,427
3547,139
3547,427
3548,19
3548,32
3549,19
3549,30
3550,19
3550,30
3551,19
3551,25
3552,41
3552,145
3553,41
3553,145
3554,41
3554,143
3555,41
3555,143
3556,19
3556,31
3557,19
3557,30
3558,19
3558,32
3559,19
3559,25
3560,19
3560,26
3561,19
3561,26
3562,32
3562,244
3563,28
3563,246
3564,30
3564,246
3565,28
3565,297
3566,32
3566,297
3567,30
3567,297
3568,28
3568,359
3569,32
3569,359
3570,30
3570,359
3571,32
3571,404
3572,32
3572,404
3573,32
3573,404
3574,32
3574,404
3575,32
3575,404
3576,30
3576,404
3577,30
3577,404
3578,30
3578,404
3579,30
3579,404
3580,30
3580,404
3581,30
3581,404
3582,31
3582,427
3583,31
3583,427
3584,29
3584,455
3585,30
3585,455
3586,30
3586,455
3587,31
3587,455
3588,32
3588,455
3589,33
3589,455
3590,27
3590,427
3591,182
3591,288
3592,182
3592,440
3593,19
3593,343
3594,297
3594,343
3595,343
3595,359
3596,343
3596,429
3597,343
3597,404
3598,343
3598,404
3599,343
3599,404
3600,288
3600,344
3601,344
3601,440
3602,19
3602,264
3603,264
3603,297
3604,264
3604,359
3605,264
3605,429
3606,264
3606,404
3607,264
3607,404
3608,265
3608,288
3609,265
3609,440
3610,19
3610,164
3611,164
3611,297
3612,164
3612,359
3613,164
3613,429
3614,263
3614,429
3615,183
3615,429
3616,91
3616,429
3617,164
3617,404
3618,164
3618,404
3619,297
3619,436
3620,297
3620,436
3621,359
3621,436
3622,359
3622,436
3623,429
3623,436
3624,86
3624,429
3625,404
3625,436
3626,19
3626,436
3627,246
3627,382
3628,246
3628,382
3629,246
3629,399
3630,246
3630,399
3631,297
3631,353
3632,353
3632,359
3633,353
3633,429
3634,303
3634,353
3635,353
3635,404
3636,353
3636,404
3637,353
3637,404
3638,19
3638,353
3639,270
3639,297
3640,270
3640,359
3641,270
3641,429
3642,270
3642,303
3643,270
3643,404
3644,270
3644,404
3645,270
3645,404
3646,19
3646,270
3647,266
3647,297
3648,266
3648,359
3649,266
3649,429
3650,266
3650,303
3651,266
3651,404
3652,266
3652,404
3653,266
3653,404
3654,266
3654,404
3655,19
3655,266
3656,106
3656,297
3657,106
3657,359
3658,106
3658,429
3659,106
3659,303
3660,19
3660,106
3661,19
3661,106
3662,19
3662,106
3663,106
3663,404
3664,106
3664,404
3665,106
3665,404
3666,297
3666,423
3667,359
3667,423
3668,423
3668,429
3669,303
3669,423
3670,19
3670,423
3671,404
3671,423
3672,297
3672,422
3673,359
3673,422
3674,422
3674,429
3675,303
3675,422
3676,19
3676,422
3677,404
3677,422
3678,297
3678,374
3679,359
3679,374
3680,374
3680,429
3681,303
3681,374
3682,19
3682,374
3683,374
3683,404
3684,297
3684,410
3685,359
3685,410
3686,410
3686,429
3687,303
3687,410
3688,19
3688,410
3689,404
3689,410
3690,297
3690,414
3691,359
3691,414
3692,414
3692,429
3693,303
3693,414
3694,19
3694,414
3695,404
3695,414
3696,297
3696,418
3697,359
3697,418
3698,418
3698,429
3699,303
3699,418
3700,19
3700,418
3701,404
3701,418
3702,297
3702,407
3703,359
3703,407
3704,407
3704,429
3705,303
3705,407
3706,19
3706,407
3707,404
3707,407
3708,297
3708,408
3709,359
3709,408
3710,408
3710,429
3711,303
3711,408
3712,19
3712,408
3713,404
3713,408
3714,297
3714,412
3715,359
3715,412
3716,412
3716,429
3717,303
3717,412
3718,19
3718,412
3719,404
3719,412
3720,297
3720,416
3721,359
3721,416
3722,416
3722,429
3723,303
3723,416
3724,19
3724,416
3725,404
3725,416
3726,297
3726,420
3727,359
3727,420
3728,420
3728,429
3729,303
3729,420
3730,19
3730,420
3731,404
3731,420
3732,19
3732,190
3733,19
3733,190
3734,190
3734,244
3735,190
3735,297
3736,190
3736,359
3737,190
3737,429
3738,190
3738,303
3739,190
3739,404
3740,190
3740,404
3741,359
3741,379
3742,359
3742,379
3743,379
3743,429
3744,379
3744,429
3745,303
3745,379
3746,303
3746,379
3747,359
3747,392
3748,359
3748,392
3749,392
3749,429
3750,392
3750,429
3751,303
3751,392
3752,303
3752,392
3753,357
3753,359
3754,357
3754,359
3755,357
3755,429
3756,357
3756,429
3757,303
3757,357
3758,303
3758,357
3759,359
3759,393
3760,393
3760,429
3761,303
3761,393
3762,359
3762,460
3763,359
3763,460
3764,429
3764,460
3765,429
3765,460
3766,303
3766,460
3767,303
3767,460
3768,359
3768,366
3769,366
3769,429
3770,303
3770,366
3771,297
3771,369
3772,359
3772,369
3773,369
3773,429
3774,303
3774,369
3775,369
3775,404
3776,19
3776,369
3777,297
3777,367
3778,359
3778,367
3779,367
3779,429
3780,303
3780,367
3781,367
3781,404
3782,19
3782,367
3783,272
3783,297
3784,272
3784,359
3785,272
3785,429
3786,272
3786,303
3787,272
3787,404
3788,19
3788,272
3789,283
3789,297
3790,283
3790,359
3791,283
3791,429
3792,283
3792,303
3793,283
3793,404
3794,19
3794,283
3795,158
3795,297
3796,158
3796,359
3797,158
3797,429
3798,158
3798,303
3799,158
3799,404
3800,19
3800,158
3801,191
3801,429
3802,191
3802,303
3803,19
3803,315
3804,19
3804,315
3805,297
3805,315
3806,303
3806,315
3807,315
3807,359
3808,315
3808,404
3809,315
3809,404
3810,315
3810,404
3811,315
3811,429
3812,19
3812,84
3813,19
3813,84
3814,84
3814,297
3815,84
3815,303
3816,84
3816,359
3817,84
3817,404
3818,84
3818,404
3819,84
3819,404
3820,84
3820,429
3821,75
3821,455
3822,19
3822,322
3823,19
3823,322
3824,297
3824,322
3825,303
3825,322
3826,322
3826,359
3827,322
3827,404
3828,322
3828,404
3829,322
3829,404
3830,322
3830,429
3831,77
3831,455
3832,19
3832,105
3833,19
3833,105
3834,105
3834,297
3835,105
3835,303
3836,105
3836,359
3837,105
3837,404
3838,105
3838,404
3839,105
3839,404
3840,105
3840,429
3841,88
3841,455
3842,19
3842,328
3843,19
3843,328
3844,297
3844,328
3845,303
3845,328
3846,328
3846,359
3847,328
3847,404
3848,328
3848,404
3849,328
3849,404
3850,328
3850,429
3851,90
3851,455
3852,19
3852,121
3853,19
3853,121
3854,121
3854,297
3855,121
3855,303
3856,121
3856,359
3857,121
3857,404
3858,121
3858,404
3859,121
3859,404
3860,121
3860,429
3861,108
3861,455
3862,19
3862,331
3863,19
3863,331
3864,297
3864,331
3865,303
3865,331
3866,331
3866,359
3867,331
3867,404
3868,331
3868,404
3869,331
3869,404
3870,331
3870,429
3871,110
3871,455
3872,19
3872,131
3873,19
3873,131
3874,131
3874,297
3875,131
3875,303
3876,131
3876,359
3877,131
3877,404
3878,131
3878,404
3879,131
3879,404
3880,131
3880,429
3881,123
3881,455
3882,19
3882,335
3883,19
3883,335
3884,297
3884,335
3885,303
3885,335
3886,335
3886,359
3887,335
3887,404
3888,335
3888,404
3889,335
3889,404
3890,335
3890,429
3891,125
3891,455
3892,19
3892,140
3893,19
3893,140
3894,140
3894,297
3895,140
3895,303
3896,140
3896,359
3897,140
3897,404
3898,140
3898,404
3899,140
3899,404
3900,140
3900,429
3901,133
3901,455
3902,19
3902,337
3903,19
3903,337
3904,297
3904,337
3905,303
3905,337
3906,337
3906,359
3907,337
3907,404
3908,337
3908,404
3909,337
3909,404
3910,337
3910,429
3911,135
3911,455
3912,19
3912,151
3913,19
3913,151
3914,151
3914,297
3915,151
3915,303
3916,151
3916,359
3917,151
3917,404
3918,151
3918,404
3919,151
3919,404
3920,151
3920,429
3921,142
3921,455
3922,19
3922,341
3923,19
3923,341
3924,297
3924,341
3925,303
3925,341
3926,341
3926,359
3927,341
3927,404
3928,341
3928,404
3929,341
3929,404
3930,341
3930,429
3931,144
3931,455
3932,297
3932,317
3933,317
3933,359
3934,317
3934,429
3935,303
3935,317
3936,317
3936,404
3937,317
3937,404
3938,317
3938,404
3939,19
3939,317
3940,62
3940,482
3941,258
3941,482
3942,258
3942,482
3943,297
3943,476
3944,303
3944,476
3945,359
3945,476
3946,429
3946,476
3947,404
3947,476
3948,440
3948,477
3949,213
3949,244
3950,213
3950,404
3951,213
3951,404
3952,213
3952,404
3953,19
3953,213
3954,213
3954,297
3955,213
3955,359
3956,213
3956,429
3957,213
3957,303
3958,213
3958,442
3959,213
3959,487
3960,213
3960,487
3961,440
3961,511
3962,177
3962,297
3963,177
3963,404
3964,177
3964,404
3965,177
3965,359
3966,177
3966,429
3967,177
3967,303
3968,212
3968,297
3969,212
3969,404
3970,212
3970,404
3971,212
3971,359
3972,212
3972,429
3973,212
3973,303
3974,297
3974,361
3975,297
3975,361
3976,359
3976,361
3977,359
3977,361
3978,361
3978,429
3979,361
3979,429
3980,303
3980,361
3981,303
3981,361
3982,399
3982,404
3983,399
3983,404
3984,297
3984,399
3985,359
3985,399
3986,399
3986,429
3987,303
3987,399
3988,382
3988,404
3989,382
3989,404
3990,382
3990,404
3991,382
3991,404
3992,297
3992,382
3993,297
3993,382
3994,359
3994,382
3995,359
3995,382
3996,382
3996,429
3997,382
3997,429
3998,303
3998,382
3999,303
3999,382
4000,117
4000,244
4001,117
4001,297
4002,117
4002,404
4003,19
4003,117
4004,117
4004,359
4005,117
4005,429
4006,117
4006,303
4007,99
4007,244
4008,99
4008,297
4009,99
4009,404
4010,99
4010,359
4011,99
4011,429
4012,99
4012,303
4013,114
4013,297
4014,114
4014,303
4015,114
4015,359
4016,114
4016,429
4017,114
4017,404
4018,113
4018,297
4019,113
4019,303
4020,113
4020,359
4021,113
4021,429
4022,113
4022,404
4023,101
4023,297
4024,101
4024,303
4025,101
4025,359
4026,101
4026,429
4027,43
4027,64
4028,43
4028,162
4029,101
4029,404
4030,101
4030,404
4031,96
4031,297
4032,96
4032,303
4033,96
4033,359
4034,96
4034,429
4035,96
4035,404
4036,96
4036,404
4037,457
4037,517
4038,231
4038,517
4039,430
4039,517
4040,288
4040,517
4041,297
4041,518
4042,303
4042,518
4043,359
4043,518
4044,429
4044,518
4045,404
4045,518
4046,297
4046,519
4047,303
4047,519
4048,359
4048,519
4049,429
4049,519
4050,404
4050,519
4051,359
4051,384
4052,384
4052,429
4053,303
4053,384
4054,19
4054,384
4055,19
4055,384
4056,205
4056,297
4057,205
4057,303
4058,205
4058,359
4059,205
4059,429
4060,205
4060,404
4061,297
4061,389
4062,303
4062,389
4063,359
4063,389
4064,389
4064,429
4065,389
4065,404
4066,389
4066,404
4067,210
4067,404
4068,210
4068,404
4069,210
4069,297
4070,210
4070,303
4071,210
4071,359
4072,210
4072,429
4073,199
4073,404
4074,163
4074,404
4075,199
4075,297
4076,163
4076,297
4077,199
4077,303
4078,163
4078,303
4079,199
4079,359
4080,163
4080,359
4081,199
4081,429
4082,163
4082,429
4083,216
4083,297
4084,216
4084,429
4085,216
4085,359
4086,216
4086,303
4087,217
4087,440
4088,216
4088,404
4089,216
4089,404
4090,193
4090,429
4091,161
4091,303
4092,161
4092,429
4093,161
4093,359
4094,161
4094,244
4095,161
4095,244
4096,363
4096,429
4097,297
4097,347
4098,347
4098,359
4099,347
4099,429
4100,303
4100,347
4101,347
4101,404
4102,19
4102,347
4103,67
4103,297
4104,67
4104,359
4105,67
4105,429
4106,67
4106,303
4107,67
4107,404
4108,19
4108,67
4109,19
4109,67
4110,57
4110,297
4111,57
4111,359
4112,57
4112,429
4113,57
4113,303
4114,57
4114,404
4115,57
4115,404
4116,19
4116,57
4117,19
4117,57
4118,186
4118,429
4119,244
4119,261
4120,19
4120,261
4121,19
4121,261
4122,261
4122,404
4123,261
4123,404
4124,184
4124,429
4125,259
4125,297
4126,259
4126,359
4127,259
4127,429
4128,19
4128,259
4129,19
4129,259
4130,259
4130,404
4131,259
4131,404
4132,267
4132,404
4133,267
4133,404
4134,19
4134,267
4135,267
4135,297
4136,267
4136,359
4137,267
4137,429
4138,267
4138,303
4139,345
4139,404
4140,345
4140,404
4141,19
4141,345
4142,19
4142,345
4143,297
4143,345
4144,345
4144,359
4145,345
4145,429
4146,303
4146,345
4147,171
4147,404
4148,171
4148,404
4149,171
4149,297
4150,171
4150,359
4151,171
4151,429
4152,171
4152,303
4153,297
4153,451
4154,359
4154,451
4155,429
4155,451
4156,303
4156,451
4157,19
4157,451
4158,404
4158,451
4159,297
4159,453
4160,359
4160,453
4161,429
4161,453
4162,303
4162,453
4163,19
4163,453
4164,404
4164,453
4165,198
4165,482
4166,198
4166,482
4167,198
4167,482
4168,221
4168,482
4169,221
4169,482
4170,221
4170,404
4171,19
4171,221
4172,19
4172,221
4173,221
4173,297
4174,221
4174,359
4175,221
4175,429
4176,221
4176,303
4177,221
4177,244
4178,221
4178,244
4179,221
4179,244
4180,221
4180,280
4181,297
4181,390
4182,303
4182,390
4183,359
4183,390
4184,390
4184,429
4185,297
4185,352
4186,303
4186,352
4187,352
4187,359
4188,352
4188,429
4189,297
4189,349
4190,303
4190,349
4191,349
4191,359
4192,349
4192,429
4193,349
4193,404
4194,349
4194,404
4195,196
4195,404
4196,196
4196,404
4197,196
4197,404
4198,196
4198,297
4199,196
4199,303
4200,196
4200,359
4201,196
4201,429
4202,19
4202,319
4203,297
4203,319
4204,303
4204,319
4205,319
4205,359
4206,319
4206,429
4207,319
4207,404
4208,319
4208,404
4209,94
4209,297
4210,94
4210,303
4211,94
4211,359
4212,94
4212,429
4213,43
4213,258
4214,44
4214,194
4215,167
4215,404
4216,167
4216,404
4217,167
4217,303
4218,167
4218,359
4219,167
4219,429
4220,297
4220,350
4221,350
4221,359
4222,350
4222,429
4223,303
4223,350
4224,19
4224,350
4225,19
4225,350
4226,350
4226,404
4227,350
4227,404
4228,350
4228,404
4229,244
4229,324
4230,297
4230,324
4231,324
4231,359
4232,324
4232,429
4233,303
4233,324
4234,324
4234,404
4235,324
4235,404
4236,324
4236,404
4237,19
4237,324
4238,79
4238,482
4239,79
4239,482
4240,115
4240,297
4241,115
4241,359
4242,115
4242,429
4243,115
4243,303
4244,115
4244,404
4245,97
4245,297
4246,97
4246,303
4247,97
4247,359
4248,97
4248,429
4249,119
4249,258
4250,114
4250,223
4251,114
4251,161
4252,114
4252,193
4253,114
4253,195
4254,114
4254,166
4255,114
4255,166
4256,297
4256,431
4257,359
4257,431
4258,429
4258,431
4259,303
4259,431
4260,404
4260,431
4261,166
4261,297
4262,166
4262,359
4263,166
4263,429
4264,166
4264,303
4265,19
4266,230
4267,237
4268,17
4269,246
4270,246
4271,246
4272,246
4273,244
4274,404
4275,427
4276,455
4277,20
4278,22
4279,21
4280,24
4281,25
4282,23
4283,28
4284,29
4285,38
4286,37
4287,37
4288,40
4289,41
4290,41
4291,42
4292,42
4293,43
4294,43
4295,44
4296,44
4297,45
4298,45
4299,47
4300,47
4301,39
4302,50
4303,50
4304,53
4305,53
4306,54
4307,54
4308,56
4309,55
4310,55
4311,60
4312,61
4313,59
4314,70
4315,69
4316,71
4317,72
4318,73
4319,75
4320,74
4321,74
4322,77
4323,79
4324,76
4325,76
4326,83
4327,85
4328,86
4329,88
4330,87
4331,90
4332,91
4333,91
4334,89
4335,89
4336,89
4337,104
4338,103
4339,108
4340,107
4341,110
4342,111
4343,119
4344,119
4345,109
4346,109
4347,109
4348,123
4349,122
4350,125
4351,126
4352,124
4353,129
4354,130
4355,133
4356,132
4357,135
4358,136
4359,134
4360,142
4361,141
4362,144
4363,145
4364,143
4365,149
4366,150
4367,35
4368,19
4369,152
4370,152
4371,153
4372,354
4373,175
4374,208
4375,208
4376,238
4377,155
4378,156
4379,157
4380,157
4381,157
4382,157
4383,157
4384,161
4385,161
4386,160
4387,160
4388,164
4389,164
4390,166
4391,169
4392,173
4393,174
4394,174
4395,176
4396,179
4397,180
4398,180
4399,180
4400,181
4401,183
4402,263
4403,184
4404,186
4405,188
4406,193
4407,193
4408,194
4409,194
4410,195
4411,198
4412,198
4413,198
4414,200
4415,200
4416,203
4417,203
4418,203
4419,217
4420,217
4421,219
4422,219
4423,219
4424,223
4425,223
4426,223
4427,223
4428,155
4429,155
4430,227
4431,226
4432,229
4433,231
4434,230
4435,230
4436,232
4437,233
4438,233
4439,237
4440,239
4441,241
4442,245
4443,246
4444,257
4445,272
4446,275
4447,275
4448,279
4449,289
4450,289
4451,288
4452,288
4453,293
4454,292
4455,292
4456,292
4457,295
4458,295
4459,295
4460,311
4461,313
4462,313
4463,78
4464,78
4465,78
4466,326
4467,326
4468,333
4469,333
4470,339
4471,339
4472,355
4473,357
4474,359
4475,359
4476,362
4477,363
4478,365
4479,366
4480,366
4481,371
4482,372
4483,372
4484,373
4485,378
4486,377
4487,379
4488,384
4489,386
4490,392
4491,393
4492,396
4493,398
4494,397
4495,397
4496,397
4497,406
4498,428
4499,430
4500,430
4501,430
4502,433
4503,438
4504,438
4505,440
4506,440
4507,440
4508,437
4509,437
4510,437
4511,444
4512,444
4513,443
4514,443
4515,445
4516,446
4517,234
4518,456
4519,458
4520,457
4521,457
4522,457
4523,459
4524,459
4525,455
4526,460
4527,461
4528,461
4529,464
4530,463
4531,463
4532,465
4533,475
4534,474
4535,478
4536,481
4537,483
4538,484
4539,484
4540,482
4541,486
4542,486
4543,485
4544,485
4545,487
4546,489
4547,491
4548,490
4549,493
4550,494
4551,497
4552,488
4553,499
4554,500
4555,504
4556,505
4557,506
4558,506
4559,503
4560,503
4561,508
4562,509
4563,513
4564,512
4565,401
4566,514
4567,515
4568,403
4569,296
4570,296
4571,178
4572,215
4573,439
4574,439
4575,205
4576,389
4577,0
4578,8
4579,8
4580,191
4581,34
4582,308
4583,31
4584,30
4585,32
4586,36
4587,343
4588,264
4589,436
4590,353
4591,270
4592,266
4593,106
4594,106
4595,423
4596,422
4597,374
4598,410
4599,414
4600,418
4601,407
4602,408
4603,412
4604,416
4605,420
4606,190
4607,369
4608,367
4609,283
4610,158
4611,315
4612,84
4613,322
4614,105
4615,328
4616,121
4617,331
4618,131
4619,335
4620,140
4621,337
4622,151
4623,341
4624,317
4625,476
4626,476
4627,14
4628,4
4629,7
4630,16
4631,12
4632,5
4633,9
4634,11
4635,11
4636,10
4637,10
4638,13
4639,6
4640,15
4641,15
4642,1
4643,2
4644,3
4645,235
4646,236
4647,242
4648,243
4649,425
4650,426
4651,213
4652,213
4653,177
4654,177
4655,212
4656,212
4657,361
4658,399
4659,382
4660,117
4661,99
4662,114
4663,113
4664,101
4665,96
4666,517
4667,518
4668,519
4669,210
4670,199
4671,163
4672,216
4673,347
4674,67
4675,57
4676,261
4677,259
4678,267
4679,267
4680,345
4681,345
4682,171
4683,320
4684,320
4685,451
4686,453
4687,221
4688,221
4689,390
4690,352
4691,349
4692,196
4693,196
4694,319
4695,319
4696,94
4697,94
4698,167
4699,167
4700,350
4701,324
4702,115
4703,97
4704,431
4705,21
4705,522
4706,21
4706,522
4707,23
4707,522
4708,23
4708,522
4709,23
4709,522
4710,25
4710,522
4711,26
4711,522
4712,26
4712,522
4713,28
4713,522
4714,28
4714,522
4715,28
4715,522
4716,28
4716,522
4717,37
4717,522
4718,39
4718,522
4719,39
4719,522
4720,41
4720,522
4721,41
4721,522
4722,41
4722,522
4723,42
4723,522
4724,42
4724,522
4725,42
4725,522
4726,42
4726,522
4727,42
4727,522
4728,42
4728,522
4729,43
4729,522
4730,43
4730,522
4731,43
4731,522
4732,43
4732,522
4733,43
4733,522
4734,43
4734,522
4735,43
4735,522
4736,44
4736,522
4737,44
4737,522
4738,44
4738,522
4739,44
4739,522
4740,44
4740,522
4741,46
4741,522
4742,46
4742,522
4743,46
4743,522
4744,47
4744,522
4745,47
4745,522
4746,48
4746,522
4747,48
4747,522
4748,48
4748,522
4749,48
4749,522
4750,49
4750,522
4751,49
4751,522
4752,50
4752,522
4753,50
4753,522
4754,51
4754,522
4755,51
4755,522
4756,52
4756,522
4757,53
4757,522
4758,54
4758,522
4759,54
4759,522
4760,55
4760,522
4761,59
4761,522
4762,59
4762,522
4763,61
4763,522
4764,61
4764,522
4765,61
4765,522
4766,61
4766,522
4767,61
4767,522
4768,316
4768,522
4769,316
4769,522
4770,62
4770,522
4771,63
4771,522
4772,63
4772,522
4773,63
4773,522
4774,63
4774,522
4775,64
4775,522
4776,64
4776,522
4777,65
4777,522
4778,65
4778,522
4779,65
4779,522
4780,66
4780,522
4781,66
4781,522
4782,66
4782,522
4783,66
4783,522
4784,66
4784,522
4785,66
4785,522
4786,66
4786,522
4787,69
4787,522
4788,71
4788,522
4789,73
4789,522
4790,73
4790,522
4791,73
4791,522
4792,74
4792,522
4793,74
4793,522
4794,76
4794,522
4795,78
4795,522
4796,78
4796,522
4797,79
4797,522
4798,79
4798,522
4799,80
4799,522
4800,81
4800,522
4801,81
4801,522
4802,81
4802,522
4803,82
4803,522
4804,82
4804,522
4805,83
4805,522
4806,83
4806,522
4807,85
4807,522
4808,85
4808,522
4809,86
4809,522
4810,86
4810,522
4811,86
4811,522
4812,87
4812,522
4813,89
4813,522
4814,89
4814,522
4815,91
4815,522
4816,91
4816,522
4817,92
4817,522
4818,92
4818,522
4819,96
4819,522
4820,96
4820,522
4821,96
4821,522
4822,103
4822,522
4823,107
4823,522
4824,107
4824,522
4825,109
4825,522
4826,109
4826,522
4827,111
4827,522
4828,111
4828,522
4829,112
4829,522
4830,112
4830,522
4831,113
4831,522
4832,113
4832,522
4833,114
4833,522
4834,114
4834,522
4835,120
4835,522
4836,120
4836,522
4837,122
4837,522
4838,122
4838,522
4839,122
4839,522
4840,124
4840,522
4841,124
4841,522
4842,126
4842,522
4843,126
4843,522
4844,127
4844,522
4845,127
4845,522
4846,128
4846,522
4847,128
4847,522
4848,187
4848,522
4849,187
4849,522
4850,262
4850,522
4851,262
4851,522
4852,129
4852,522
4853,132
4853,522
4854,132
4854,522
4855,134
4855,522
4856,134
4856,522
4857,136
4857,522
4858,136
4858,522
4859,137
4859,522
4860,137
4860,522
4861,138
4861,522
4862,138
4862,522
4863,139
4863,522
4864,139
4864,522
4865,141
4865,522
4866,141
4866,522
4867,143
4867,522
4868,143
4868,522
4869,145
4869,522
4870,145
4870,522
4871,146
4871,522
4872,146
4872,522
4873,147
4873,522
4874,147
4874,522
4875,149
4875,522
4876,152
4876,522
4877,152
4877,522
4878,153
4878,522
4879,154
4879,522
4880,155
4880,522
4881,157
4881,522
4882,157
4882,522
4883,157
4883,522
4884,258
4884,522
4885,258
4885,522
4886,169
4886,522
4887,170
4887,522
4888,170
4888,522
4889,170
4889,522
4890,173
4890,522
4891,173
4891,522
4892,173
4892,522
4893,173
4893,522
4894,269
4894,522
4895,269
4895,522
4896,269
4896,522
4897,177
4897,522
4898,177
4898,522
4899,180
4899,522
4900,180
4900,522
4901,180
4901,522
4902,181
4902,522
4903,182
4903,522
4904,182
4904,522
4905,183
4905,522
4906,183
4906,522
4907,185
4907,522
4908,185
4908,522
4909,189
4909,522
4910,189
4910,522
4911,194
4911,522
4912,194
4912,522
4913,198
4913,522
4914,198
4914,522
4915,199
4915,522
4916,199
4916,522
4917,199
4917,522
4918,199
4918,522
4919,199
4919,522
4920,199
4920,522
4921,200
4921,522
4922,200
4922,522
4923,201
4923,522
4924,201
4924,522
4925,202
4925,522
4926,202
4926,522
4927,203
4927,522
4928,203
4928,522
4929,203
4929,522
4930,204
4930,522
4931,204
4931,522
4932,204
4932,522
4933,207
4933,522
4934,217
4934,522
4935,217
4935,522
4936,218
4936,522
4937,218
4937,522
4938,218
4938,522
4939,219
4939,522
4940,219
4940,522
4941,219
4941,522
4942,220
4942,522
4943,220
4943,522
4944,220
4944,522
4945,220
4945,522
4946,220
4946,522
4947,220
4947,522
4948,220
4948,522
4949,223
4949,522
4950,223
4950,522
4951,224
4951,522
4952,224
4952,522
4953,225
4953,522
4954,225
4954,522
4955,225
4955,522
4956,225
4956,522
4957,225
4957,522
4958,226
4958,522
4959,228
4959,522
4960,228
4960,522
4961,230
4961,522
4962,231
4962,522
4963,362
4963,522
4964,362
4964,522
4965,232
4965,522
4966,233
4966,522
4967,239
4967,522
4968,246
4968,522
4969,250
4969,522
4970,250
4970,522
4971,334
4971,522
4972,334
4972,522
4973,340
4973,522
4974,340
4974,522
4975,354
4975,522
4976,354
4976,522
4977,271
4977,522
4978,271
4978,522
4979,208
4979,522
4980,208
4980,522
4981,209
4981,522
4982,209
4982,522
4983,274
4983,522
4984,274
4984,522
4985,275
4985,522
4986,275
4986,522
4987,275
4987,522
4988,275
4988,522
4989,279
4989,522
4990,279
4990,522
4991,281
4991,522
4992,281
4992,522
4993,281
4993,522
4994,282
4994,522
4995,282
4995,522
4996,283
4996,522
4997,439
4997,522
4998,439
4998,522
4999,439
4999,522
5000,283
5000,522
5001,285
5001,522
5002,285
5002,522
5003,287
5003,522
5004,287
5004,522
5005,288
5005,522
5006,288
5006,522
5007,288
5007,522
5008,289
5008,522
5009,290
5009,522
5010,290
5010,522
5011,441
5011,522
5012,441
5012,522
5013,291
5013,522
5014,291
5014,522
5015,292
5015,522
5016,292
5016,522
5017,293
5017,522
5018,293
5018,522
5019,295
5019,522
5020,295
5020,522
5021,297
5021,522
5022,297
5022,522
5023,249
5023,522
5024,249
5024,522
5025,300
5025,522
5026,300
5026,522
5027,301
5027,522
5028,301
5028,522
5029,302
5029,522
5030,302
5030,522
5031,277
5031,522
5032,277
5032,522
5033,277
5033,522
5034,277
5034,522
5035,277
5035,522
5036,280
5036,522
5037,280
5037,522
5038,303
5038,522
5039,303
5039,522
5040,303
5040,522
5041,303
5041,522
5042,304
5042,522
5043,304
5043,522
5044,304
5044,522
5045,304
5045,522
5046,305
5046,522
5047,305
5047,522
5048,306
5048,522
5049,306
5049,522
5050,278
5050,522
5051,278
5051,522
5052,310
5052,522
5053,310
5053,522
5054,310
5054,522
5055,310
5055,522
5056,311
5056,522
5057,311
5057,522
5058,312
5058,522
5059,312
5059,522
5060,313
5060,522
5061,313
5061,522
5062,313
5062,522
5063,314
5063,522
5064,314
5064,522
5065,314
5065,522
5066,314
5066,522
5067,314
5067,522
5068,315
5068,522
5069,317
5069,522
5070,317
5070,522
5071,319
5071,522
5072,324
5072,522
5073,324
5073,522
5074,324
5074,522
5075,326
5075,522
5076,326
5076,522
5077,320
5077,522
5078,321
5078,522
5079,321
5079,522
5080,327
5080,522
5081,327
5081,522
5082,327
5082,522
5083,327
5083,522
5084,327
5084,522
5085,327
5085,522
5086,333
5086,522
5087,333
5087,522
5088,339
5088,522
5089,339
5089,522
5090,355
5090,522
5091,356
5091,522
5092,356
5092,522
5093,356
5093,522
5094,357
5094,522
5095,357
5095,522
5096,358
5096,522
5097,358
5097,522
5098,358
5098,522
5099,359
5099,522
5100,360
5100,522
5101,360
5101,522
5102,360
5102,522
5103,363
5103,522
5104,363
5104,522
5105,364
5105,522
5106,364
5106,522
5107,205
5107,522
5108,205
5108,522
5109,205
5109,522
5110,206
5110,522
5111,365
5111,522
5112,365
5112,522
5113,366
5113,522
5114,366
5114,522
5115,371
5115,522
5116,371
5116,522
5117,372
5117,522
5118,373
5118,522
5119,376
5119,522
5120,376
5120,522
5121,378
5121,522
5122,379
5122,522
5123,379
5123,522
5124,381
5124,522
5125,381
5125,522
5126,381
5126,522
5127,384
5127,522
5128,385
5128,522
5129,386
5129,522
5130,386
5130,522
5131,387
5131,522
5132,392
5132,522
5133,392
5133,522
5134,462
5134,522
5135,462
5135,522
5136,393
5136,522
5137,393
5137,522
5138,395
5138,522
5139,395
5139,522
5140,395
5140,522
5141,396
5141,522
5142,396
5142,522
5143,396
5143,522
5144,397
5144,522
5145,398
5145,522
5146,398
5146,522
5147,400
5147,522
5148,394
5148,522
5149,394
5149,522
5150,394
5150,522
5151,402
5151,522
5152,402
5152,522
5153,516
5153,522
5154,516
5154,522
5155,405
5155,522
5156,428
5156,522
5157,429
5157,522
5158,429
5158,522
5159,434
5159,522
5160,435
5160,522
5161,435
5161,522
5162,437
5162,522
5163,438
5163,522
5164,438
5164,522
5165,440
5165,522
5166,440
5166,522
5167,442
5167,522
5168,442
5168,522
5169,442
5169,522
5170,443
5170,522
5171,444
5171,522
5172,430
5172,522
5173,430
5173,522
5174,445
5174,522
5175,457
5175,522
5176,459
5176,522
5177,460
5177,522
5178,461
5178,522
5179,461
5179,522
5180,461
5180,522
5181,463
5181,522
5182,466
5182,522
5183,466
5183,522
5184,466
5184,522
5185,467
5185,522
5186,467
5186,522
5187,467
5187,522
5188,468
5188,522
5189,468
5189,522
5190,468
5190,522
5191,469
5191,522
5192,469
5192,522
5193,469
5193,522
5194,470
5194,522
5195,470
5195,522
5196,470
5196,522
5197,470
5197,522
5198,471
5198,522
5199,471
5199,522
5200,472
5200,522
5201,472
5201,522
5202,472
5202,522
5203,473
5203,522
5204,473
5204,522
5205,473
5205,522
5206,474
5206,522
5207,475
5207,522
5208,475
5208,522
5209,475
5209,522
5210,476
5210,522
5211,476
5211,522
5212,478
5212,522
5213,479
5213,522
5214,479
5214,522
5215,479
5215,522
5216,480
5216,522
5217,480
5217,522
5218,480
5218,522
5219,481
5219,522
5220,484
5220,522
5221,485
5221,522
5222,486
5222,522
5223,486
5223,522
5224,488
5224,522
5225,489
5225,522
5226,489
5226,522
5227,490
5227,522
5228,490
5228,522
5229,491
5229,522
5230,491
5230,522
5231,492
5231,522
5232,492
5232,522
5233,493
5233,522
5234,493
5234,522
5235,494
5235,522
5236,494
5236,522
5237,495
5237,522
5238,495
5238,522
5239,496
5239,522
5240,497
5240,522
5241,497
5241,522
5242,498
5242,522
5243,498
5243,522
5244,499
5244,522
5245,499
5245,522
5246,499
5246,522
5247,500
5247,522
5248,500
5248,522
5249,501
5249,522
5250,501
5250,522
5251,502
5251,522
5252,503
5252,522
5253,504
5253,522
5254,504
5254,522
5255,504
5255,522
5256,505
5256,522
5257,505
5257,522
5258,506
5258,522
5259,506
5259,522
5260,507
5260,522
5261,507
5261,522
5262,508
5262,522
5263,509
5263,522
5264,510
5264,522
5265,510
5265,522
5266,511
5266,522
5267,511
5267,522
5268,512
5268,522
5269,514
5269,522
5270,514
5270,522
5271,515
5271,522
5272,296
5272,522
5273,296
5273,522
5274,307
5274,522
5275,307
5275,522
5276,8
5276,522
5277,308
5277,522
5278,308
5278,522
5279,309
5279,522
5280,309
5280,522
5281,309
5281,522
5282,247
5282,522
5283,247
5283,522
5284,192
5284,522
5285,192
5285,522
5286,30
5286,522
5287,30
5287,522
5288,30
5288,522
5289,32
5289,522
5290,33
5290,522
5291,33
5291,522
5292,36
5292,522
5293,36
5293,522
5294,36
5294,522
5295,36
5295,522
5296,27
5296,522
5297,27
5297,522
5298,344
5298,522
5299,344
5299,522
5300,265
5300,522
5301,265
5301,522
5302,165
5302,522
5303,165
5303,522
5304,436
5304,522
5305,436
5305,522
5306,382
5306,522
5307,382
5307,522
5308,382
5308,522
5309,382
5309,522
5310,399
5310,522
5311,399
5311,522
5312,399
5312,522
5313,286
5313,522
5314,286
5314,522
5315,286
5315,522
5316,294
5316,522
5317,294
5317,522
5318,294
5318,522
5319,294
5319,522
5320,383
5320,522
5321,383
5321,522
5322,383
5322,522
5323,383
5323,522
5324,248
5324,522
5325,248
5325,522
5326,248
5326,522
5327,298
5327,522
5328,298
5328,522
5329,298
5329,522
5330,299
5330,522
5331,299
5331,522
5332,299
5332,522
5333,106
5333,522
5334,106
5334,522
5335,106
5335,522
5336,330
5336,522
5337,330
5337,522
5338,330
5338,522
5339,424
5339,522
5340,424
5340,522
5341,375
5341,522
5342,411
5342,522
5343,411
5343,522
5344,411
5344,522
5345,415
5345,522
5346,415
5346,522
5347,415
5347,522
5348,419
5348,522
5349,419
5349,522
5350,419
5350,522
5351,408
5351,522
5352,409
5352,522
5353,409
5353,522
5354,409
5354,522
5355,413
5355,522
5356,413
5356,522
5357,413
5357,522
5358,413
5358,522
5359,417
5359,522
5360,417
5360,522
5361,417
5361,522
5362,417
5362,522
5363,421
5363,522
5364,421
5364,522
5365,421
5365,522
5366,421
5366,522
5367,148
5367,522
5368,148
5368,522
5369,370
5369,522
5370,368
5370,522
5371,368
5371,522
5372,273
5372,522
5373,273
5373,522
5374,284
5374,522
5375,284
5375,522
5376,159
5376,522
5377,159
5377,522
5378,84
5378,522
5379,322
5379,522
5380,323
5380,522
5381,323
5381,522
5382,105
5382,522
5383,328
5383,522
5384,328
5384,522
5385,329
5385,522
5386,329
5386,522
5387,121
5387,522
5388,331
5388,522
5389,331
5389,522
5390,332
5390,522
5391,332
5391,522
5392,131
5392,522
5393,335
5393,522
5394,335
5394,522
5395,336
5395,522
5396,336
5396,522
5397,140
5397,522
5398,337
5398,522
5399,337
5399,522
5400,338
5400,522
5401,338
5401,522
5402,151
5402,522
5403,341
5403,522
5404,341
5404,522
5405,342
5405,522
5406,342
5406,522
5407,251
5407,522
5408,251
5408,522
5409,252
5409,522
5410,252
5410,522
5411,253
5411,522
5412,253
5412,522
5413,254
5413,522
5414,254
5414,522
5415,255
5415,522
5416,255
5416,522
5417,256
5417,522
5418,256
5418,522
5419,318
5419,522
5420,318
5420,522
5421,318
5421,522
5422,477
5422,522
5423,477
5423,522
5424,214
5424,522
5425,214
5425,522
5426,213
5426,522
5427,361
5427,522
5428,276
5428,522
5429,276
5429,522
5430,380
5430,522
5431,380
5431,522
5432,380
5432,522
5433,118
5433,522
5434,118
5434,522
5435,100
5435,522
5436,100
5436,522
5437,119
5437,522
5438,119
5438,522
5439,114
5439,522
5440,120
5440,522
5441,93
5441,522
5442,102
5442,522
5443,102
5443,522
5444,101
5444,522
5445,518
5445,522
5446,521
5446,522
5447,519
5447,522
5448,520
5448,522
5449,520
5449,522
5450,389
5450,522
5451,389
5451,522
5452,389
5452,522
5453,389
5453,522
5454,388
5454,522
5455,388
5455,522
5456,388
5456,522
5457,388
5457,522
5458,210
5458,522
5459,211
5459,522
5460,47
5460,522
5461,47
5461,522
5462,216
5462,522
5463,216
5463,522
5464,162
5464,522
5465,62
5465,522
5466,348
5466,522
5467,348
5467,522
5468,67
5468,522
5469,68
5469,522
5470,68
5470,522
5471,57
5471,522
5472,58
5472,522
5473,58
5473,522
5474,259
5474,522
5475,260
5475,522
5476,260
5476,522
5477,267
5477,522
5478,268
5478,522
5479,268
5479,522
5480,345
5480,522
5481,346
5481,522
5482,346
5482,522
5483,171
5483,522
5484,172
5484,522
5485,172
5485,522
5486,452
5486,522
5487,452
5487,522
5488,447
5488,522
5489,447
5489,522
5490,448
5490,522
5491,448
5491,522
5492,449
5492,522
5493,449
5493,522
5494,450
5494,522
5495,450
5495,522
5496,454
5496,522
5497,454
5497,522
5498,221
5498,522
5499,222
5499,522
5500,222
5500,522
5501,390
5501,522
5502,391
5502,522
5503,391
5503,522
5504,391
5504,522
5505,269
5505,522
5506,269
5506,522
5507,269
5507,522
5508,196
5508,522
5509,197
5509,522
5510,197
5510,522
5511,95
5511,522
5512,95
5512,522
5513,95
5513,522
5514,167
5514,522
5515,167
5515,522
5516,168
5516,522
5517,168
5517,522
5518,350
5518,522
5519,351
5519,522
5520,351
5520,522
5521,351
5521,522
5522,351
5522,522
5523,351
5523,522
5524,325
5524,522
5525,325
5525,522
5526,325
5526,522
5527,115
5527,522
5528,116
5528,522
5529,116
5529,522
5530,116
5530,522
5531,98
5531,522
5532,98
5532,522
5533,98
5533,522
5534,432
5534,522
5535,432
5535,522
5536,19
5536,20
5537,20
5537,41
5538,20
5538,42
5539,20
5539,78
5540,20
5540,79
5541,20
5541,86
5542,20
5542,258
5543,20
5543,180
5544,20
5544,228
5545,20
5545,241
5546,20
5546,244
5547,20
5547,275
5548,20
5548,292
5549,20
5549,297
5550,20
5550,303
5551,20
5551,312
5552,20
5552,356
5553,20
5553,356
5554,20
5554,359
5555,20
5555,359
5556,20
5556,404
5557,20
5557,406
5558,20
5558,427
5559,20
5559,429
5560,20
5560,440
5561,20
5561,442
5562,20
5562,443
5563,20
5563,446
5564,20
5564,455
5565,20
5565,482
5566,20
5566,485
5567,20
5567,487
5568,20
5568,512
5569,20
5569,514
5570,20
5570,515
5571,19
5571,22
5572,22
5572,41
5573,22
5573,42
5574,22
5574,78
5575,22
5575,79
5576,22
5576,86
5577,22
5577,258
5578,22
5578,180
5579,22
5579,228
5580,22
5580,241
5581,22
5581,244
5582,22
5582,275
5583,22
5583,292
5584,22
5584,297
5585,22
5585,303
5586,22
5586,312
5587,22
5587,356
5588,22
5588,356
5589,22
5589,359
5590,22
5590,359
5591,22
5591,404
5592,22
5592,406
5593,22
5593,427
5594,22
5594,429
5595,22
5595,440
5596,22
5596,442
5597,22
5597,443
5598,22
5598,446
5599,22
5599,455
5600,22
5600,482
5601,22
5601,485
5602,22
5602,487
5603,22
5603,512
5604,22
5604,514
5605,22
5605,515
5606,19
5606,24
5607,24
5607,41
5608,24
5608,42
5609,24
5609,78
5610,24
5610,79
5611,24
5611,86
5612,24
5612,258
5613,24
5613,180
5614,24
5614,228
5615,24
5615,241
5616,24
5616,244
5617,24
5617,275
5618,24
5618,292
5619,24
5619,297
5620,24
5620,303
5621,24
5621,312
5622,24
5622,356
5623,24
5623,356
5624,24
5624,359
5625,24
5625,359
5626,24
5626,404
5627,24
5627,406
5628,24
5628,427
5629,24
5629,429
5630,24
5630,440
5631,24
5631,442
5632,24
5632,443
5633,24
5633,446
5634,24
5634,455
5635,24
5635,482
5636,24
5636,485
5637,24
5637,487
5638,24
5638,512
5639,24
5639,514
5640,24
5640,515
5641,19
5641,38
5642,38
5642,41
5643,38
5643,42
5644,38
5644,78
5645,38
5645,79
5646,38
5646,86
5647,38
5647,258
5648,38
5648,180
5649,38
5649,228
5650,38
5650,241
5651,38
5651,244
5652,38
5652,275
5653,38
5653,292
5654,38
5654,297
5655,38
5655,303
5656,38
5656,312
5657,38
5657,356
5658,38
5658,356
5659,38
5659,359
5660,38
5660,359
5661,38
5661,404
5662,38
5662,406
5663,38
5663,427
5664,38
5664,429
5665,38
5665,440
5666,38
5666,442
5667,38
5667,443
5668,38
5668,446
5669,38
5669,455
5670,38
5670,482
5671,38
5671,485
5672,38
5672,487
5673,38
5673,512
5674,38
5674,514
5675,38
5675,515
5676,19
5676,40
5677,40
5677,41
5678,40
5678,42
5679,40
5679,78
5680,40
5680,79
5681,40
5681,86
5682,40
5682,258
5683,40
5683,180
5684,40
5684,228
5685,40
5685,241
5686,40
5686,244
5687,40
5687,275
5688,40
5688,292
5689,40
5689,297
5690,40
5690,303
5691,40
5691,312
5692,40
5692,356
5693,40
5693,356
5694,40
5694,359
5695,40
5695,359
5696,40
5696,404
5697,40
5697,406
5698,40
5698,427
5699,40
5699,429
5700,40
5700,440
5701,40
5701,442
5702,40
5702,443
5703,40
5703,446
5704,40
5704,455
5705,40
5705,482
5706,40
5706,485
5707,40
5707,487
5708,40
5708,512
5709,40
5709,514
5710,40
5710,515
5711,19
5711,56
5712,41
5712,56
5713,42
5713,56
5714,56
5714,78
5715,56
5715,79
5716,56
5716,86
5717,56
5717,258
5718,56
5718,180
5719,56
5719,228
5720,56
5720,241
5721,56
5721,244
5722,56
5722,275
5723,56
5723,292
5724,56
5724,297
5725,56
5725,303
5726,56
5726,312
5727,56
5727,356
5728,56
5728,356
5729,56
5729,359
5730,56
5730,359
5731,56
5731,404
5732,56
5732,406
5733,56
5733,427
5734,56
5734,429
5735,56
5735,440
5736,56
5736,442
5737,56
5737,443
5738,56
5738,446
5739,56
5739,455
5740,56
5740,482
5741,56
5741,485
5742,56
5742,487
5743,56
5743,512
5744,56
5744,514
5745,56
5745,515
5746,19
5746,60
5747,41
5747,60
5748,42
5748,60
5749,60
5749,78
5750,60
5750,79
5751,60
5751,86
5752,60
5752,258
5753,60
5753,180
5754,60
5754,228
5755,60
5755,241
5756,60
5756,244
5757,60
5757,275
5758,60
5758,292
5759,60
5759,297
5760,60
5760,303
5761,60
5761,312
5762,60
5762,356
5763,60
5763,356
5764,60
5764,359
5765,60
5765,359
5766,60
5766,404
5767,60
5767,406
5768,60
5768,427
5769,60
5769,429
5770,60
5770,440
5771,60
5771,442
5772,60
5772,443
5773,60
5773,446
5774,60
5774,455
5775,60
5775,482
5776,60
5776,485
5777,60
5777,487
5778,60
5778,512
5779,60
5779,514
5780,60
5780,515
5781,19
5781,70
5782,41
5782,70
5783,42
5783,70
5784,70
5784,78
5785,70
5785,79
5786,70
5786,86
5787,70
5787,258
5788,70
5788,180
5789,70
5789,228
5790,70
5790,241
5791,70
5791,244
5792,70
5792,275
5793,70
5793,292
5794,70
5794,297
5795,70
5795,303
5796,70
5796,312
5797,70
5797,356
5798,70
5798,356
5799,70
5799,359
5800,70
5800,359
5801,70
5801,404
5802,70
5802,406
5803,70
5803,427
5804,70
5804,429
5805,70
5805,440
5806,70
5806,442
5807,70
5807,443
5808,70
5808,446
5809,70
5809,455
5810,70
5810,482
5811,70
5811,485
5812,70
5812,487
5813,70
5813,512
5814,70
5814,514
5815,70
5815,515
5816,19
5816,75
5817,41
5817,75
5818,42
5818,75
5819,75
5819,78
5820,75
5820,79
5821,75
5821,86
5822,75
5822,258
5823,75
5823,180
5824,75
5824,228
5825,75
5825,241
5826,75
5826,244
5827,75
5827,275
5828,75
5828,292
5829,75
5829,297
5830,75
5830,303
5831,75
5831,312
5832,75
5832,356
5833,75
5833,356
5834,75
5834,359
5835,75
5835,359
5836,75
5836,404
5837,75
5837,406
5838,75
5838,427
5839,75
5839,429
5840,75
5840,440
5841,75
5841,442
5842,75
5842,443
5843,75
5843,446
5844,75
5844,455
5845,75
5845,482
5846,75
5846,485
5847,75
5847,487
5848,75
5848,512
5849,75
5849,514
5850,75
5850,515
5851,19
5851,77
5852,41
5852,77
5853,42
5853,77
5854,77
5854,78
5855,77
5855,79
5856,77
5856,86
5857,77
5857,258
5858,77
5858,180
5859,77
5859,228
5860,77
5860,241
5861,77
5861,244
5862,77
5862,275
5863,77
5863,292
5864,77
5864,297
5865,77
5865,303
5866,77
5866,312
5867,77
5867,356
5868,77
5868,356
5869,77
5869,359
5870,77
5870,359
5871,77
5871,404
5872,77
5872,406
5873,77
5873,427
5874,77
5874,429
5875,77
5875,440
5876,77
5876,442
5877,77
5877,443
5878,77
5878,446
5879,77
5879,455
5880,77
5880,482
5881,77
5881,485
5882,77
5882,487
5883,77
5883,512
5884,77
5884,514
5885,77
5885,515
5886,19
5886,88
5887,41
5887,88
5888,42
5888,88
5889,78
5889,88
5890,79
5890,88
5891,86
5891,88
5892,88
5892,258
5893,88
5893,180
5894,88
5894,228
5895,88
5895,241
5896,88
5896,244
5897,88
5897,275
5898,88
5898,292
5899,88
5899,297
5900,88
5900,303
5901,88
5901,312
5902,88
5902,356
5903,88
5903,356
5904,88
5904,359
5905,88
5905,359
5906,88
5906,404
5907,88
5907,406
5908,88
5908,427
5909,88
5909,429
5910,88
5910,440
5911,88
5911,442
5912,88
5912,443
5913,88
5913,446
5914,88
5914,455
5915,88
5915,482
5916,88
5916,485
5917,88
5917,487
5918,88
5918,512
5919,88
5919,514
5920,88
5920,515
5921,19
5921,90
5922,41
5922,90
5923,42
5923,90
5924,78
5924,90
5925,79
5925,90
5926,86
5926,90
5927,90
5927,258
5928,90
5928,180
5929,90
5929,228
5930,90
5930,241
5931,90
5931,244
5932,90
5932,275
5933,90
5933,292
5934,90
5934,297
5935,90
5935,303
5936,90
5936,312
5937,90
5937,356
5938,90
5938,356
5939,90
5939,359
5940,90
5940,359
5941,90
5941,404
5942,90
5942,406
5943,90
5943,427
5944,90
5944,429
5945,90
5945,440
5946,90
5946,442
5947,90
5947,443
5948,90
5948,446
5949,90
5949,455
5950,90
5950,482
5951,90
5951,485
5952,90
5952,487
5953,90
5953,512
5954,90
5954,514
5955,90
5955,515
5956,19
5956,104
5957,41
5957,104
5958,42
5958,104
5959,78
5959,104
5960,79
5960,104
5961,86
5961,104
5962,104
5962,258
5963,104
5963,180
5964,104
5964,228
5965,104
5965,241
5966,104
5966,244
5967,104
5967,275
5968,104
5968,292
5969,104
5969,297
5970,104
5970,303
5971,104
5971,312
5972,104
5972,356
5973,104
5973,356
5974,104
5974,359
5975,104
5975,359
5976,104
5976,404
5977,104
5977,406
5978,104
5978,427
5979,104
5979,429
5980,104
5980,440
5981,104
5981,442
5982,104
5982,443
5983,104
5983,446
5984,104
5984,455
5985,104
5985,482
5986,104
5986,485
5987,104
5987,487
5988,104
5988,512
5989,104
5989,514
5990,104
5990,515
5991,19
5991,108
5992,41
5992,108
5993,42
5993,108
5994,78
5994,108
5995,79
5995,108
5996,86
5996,108
5997,108
5997,258
5998,108
5998,180
5999,108
5999,228
6000,108
6000,241
6001,108
6001,244
6002,108
6002,275
6003,108
6003,292
6004,108
6004,297
6005,108
6005,303
6006,108
6006,312
6007,108
6007,356
6008,108
6008,356
6009,108
6009,359
6010,108
6010,359
6011,108
6011,404
6012,108
6012,406
6013,108
6013,427
6014,108
6014,429
6015,108
6015,440
6016,108
6016,442
6017,108
6017,443
6018,108
6018,446
6019,108
6019,455
6020,108
6020,482
6021,108
6021,485
6022,108
6022,487
6023,108
6023,512
6024,108
6024,514
6025,108
6025,515
6026,19
6026,110
6027,41
6027,110
6028,42
6028,110
6029,78
6029,110
6030,79
6030,110
6031,86
6031,110
6032,110
6032,258
6033,110
6033,180
6034,110
6034,228
6035,110
6035,241
6036,110
6036,244
6037,110
6037,275
6038,110
6038,292
6039,110
6039,297
6040,110
6040,303
6041,110
6041,312
6042,110
6042,356
6043,110
6043,356
6044,110
6044,359
6045,110
6045,359
6046,110
6046,404
6047,110
6047,406
6048,110
6048,427
6049,110
6049,429
6050,110
6050,440
6051,110
6051,442
6052,110
6052,443
6053,110
6053,446
6054,110
6054,455
6055,110
6055,482
6056,110
6056,485
6057,110
6057,487
6058,110
6058,512
6059,110
6059,514
6060,110
6060,515
6061,19
6061,123
6062,41
6062,123
6063,42
6063,123
6064,78
6064,123
6065,79
6065,123
6066,86
6066,123
6067,123
6067,258
6068,123
6068,180
6069,123
6069,228
6070,123
6070,241
6071,123
6071,244
6072,123
6072,275
6073,123
6073,292
6074,123
6074,297
6075,123
6075,303
6076,123
6076,312
6077,123
6077,356
6078,123
6078,356
6079,123
6079,359
6080,123
6080,359
6081,123
6081,404
6082,123
6082,406
6083,123
6083,427
6084,123
6084,429
6085,123
6085,440
6086,123
6086,442
6087,123
6087,443
6088,123
6088,446
6089,123
6089,455
6090,123
6090,482
6091,123
6091,485
6092,123
6092,487
6093,123
6093,512
6094,123
6094,514
6095,123
6095,515
6096,19
6096,125
6097,41
6097,125
6098,42
6098,125
6099,78
6099,125
6100,79
6100,125
6101,86
6101,125
6102,125
6102,258
6103,125
6103,180
6104,125
6104,228
6105,125
6105,241
6106,125
6106,244
6107,125
6107,275
6108,125
6108,292
6109,125
6109,297
6110,125
6110,303
6111,125
6111,312
6112,125
6112,356
6113,125
6113,356
6114,125
6114,359
6115,125
6115,359
6116,125
6116,404
6117,125
6117,406
6118,125
6118,427
6119,125
6119,429
6120,125
6120,440
6121,125
6121,442
6122,125
6122,443
6123,125
6123,446
6124,125
6124,455
6125,125
6125,482
6126,125
6126,485
6127,125
6127,487
6128,125
6128,512
6129,125
6129,514
6130,125
6130,515
6131,19
6131,133
6132,41
6132,133
6133,42
6133,133
6134,78
6134,133
6135,79
6135,133
6136,86
6136,133
6137,133
6137,258
6138,133
6138,180
6139,133
6139,228
6140,133
6140,241
6141,133
6141,244
6142,133
6142,275
6143,133
6143,292
6144,133
6144,297
6145,133
6145,303
6146,133
6146,312
6147,133
6147,356
6148,133
6148,356
6149,133
6149,359
6150,133
6150,359
6151,133
6151,404
6152,133
6152,406
6153,133
6153,427
6154,133
6154,429
6155,133
6155,440
6156,133
6156,442
6157,133
6157,443
6158,133
6158,446
6159,133
6159,455
6160,133
6160,482
6161,133
6161,485
6162,133
6162,487
6163,133
6163,512
6164,133
6164,514
6165,133
6165,515
6166,19
6166,135
6167,41
6167,135
6168,42
6168,135
6169,78
6169,135
6170,79
6170,135
6171,86
6171,135
6172,135
6172,258
6173,135
6173,180
6174,135
6174,228
6175,135
6175,241
6176,135
6176,244
6177,135
6177,275
6178,135
6178,292
6179,135
6179,297
6180,135
6180,303
6181,135
6181,312
6182,135
6182,356
6183,135
6183,356
6184,135
6184,359
6185,135
6185,359
6186,135
6186,404
6187,135
6187,406
6188,135
6188,427
6189,135
6189,429
6190,135
6190,440
6191,135
6191,442
6192,135
6192,443
6193,135
6193,446
6194,135
6194,455
6195,135
6195,482
6196,135
6196,485
6197,135
6197,487
6198,135
6198,512
6199,135
6199,514
6200,135
6200,515
6201,19
6201,142
6202,41
6202,142
6203,42
6203,142
6204,78
6204,142
6205,79
6205,142
6206,86
6206,142
6207,142
6207,258
6208,142
6208,180
6209,142
6209,228
6210,142
6210,241
6211,142
6211,244
6212,142
6212,275
6213,142
6213,292
6214,142
6214,297
6215,142
6215,303
6216,142
6216,312
6217,142
6217,356
6218,142
6218,356
6219,142
6219,359
6220,142
6220,359
6221,142
6221,404
6222,142
6222,406
6223,142
6223,427
6224,142
6224,429
6225,142
6225,440
6226,142
6226,442
6227,142
6227,443
6228,142
6228,446
6229,142
6229,455
6230,142
6230,482
6231,142
6231,485
6232,142
6232,487
6233,142
6233,512
6234,142
6234,514
6235,142
6235,515
6236,19
6236,144
6237,41
6237,144
6238,42
6238,144
6239,78
6239,144
6240,79
6240,144
6241,86
6241,144
6242,144
6242,258
6243,144
6243,180
6244,144
6244,228
6245,144
6245,241
6246,144
6246,244
6247,144
6247,275
6248,144
6248,292
6249,144
6249,297
6250,144
6250,303
6251,144
6251,312
6252,144
6252,356
6253,144
6253,356
6254,144
6254,359
6255,144
6255,359
6256,144
6256,404
6257,144
6257,406
6258,144
6258,427
6259,144
6259,429
6260,144
6260,440
6261,144
6261,442
6262,144
6262,443
6263,144
6263,446
6264,144
6264,455
6265,144
6265,482
6266,144
6266,485
6267,144
6267,487
6268,144
6268,512
6269,144
6269,514
6270,144
6270,515
6271,19
6271,156
6272,41
6272,156
6273,42
6273,156
6274,78
6274,156
6275,79
6275,156
6276,86
6276,156
6277,156
6277,258
6278,156
6278,180
6279,156
6279,228
6280,156
6280,241
6281,156
6281,244
6282,156
6282,275
6283,156
6283,292
6284,156
6284,297
6285,156
6285,303
6286,156
6286,312
6287,156
6287,356
6288,156
6288,356
6289,156
6289,359
6290,156
6290,359
6291,156
6291,404
6292,156
6292,406
6293,156
6293,427
6294,156
6294,429
6295,156
6295,440
6296,156
6296,442
6297,156
6297,443
6298,156
6298,446
6299,156
6299,455
6300,156
6300,482
6301,156
6301,485
6302,156
6302,487
6303,156
6303,512
6304,156
6304,514
6305,156
6305,515
6306,19
6306,227
6307,41
6307,227
6308,42
6308,227
6309,78
6309,227
6310,79
6310,227
6311,86
6311,227
6312,227
6312,258
6313,180
6313,227
6314,227
6314,228
6315,227
6315,241
6316,227
6316,244
6317,227
6317,275
6318,227
6318,292
6319,227
6319,297
6320,227
6320,303
6321,227
6321,312
6322,227
6322,356
6323,227
6323,356
6324,227
6324,359
6325,227
6325,359
6326,227
6326,404
6327,227
6327,406
6328,227
6328,427
6329,227
6329,429
6330,227
6330,440
6331,227
6331,442
6332,227
6332,443
6333,227
6333,446
6334,227
6334,455
6335,227
6335,482
6336,227
6336,485
6337,227
6337,487
6338,227
6338,512
6339,227
6339,514
6340,227
6340,515
6341,19
6341,245
6342,41
6342,245
6343,42
6343,245
6344,78
6344,245
6345,79
6345,245
6346,86
6346,245
6347,245
6347,258
6348,180
6348,245
6349,228
6349,245
6350,241
6350,245
6351,244
6351,245
6352,245
6352,246
6353,245
6353,275
6354,245
6354,292
6355,245
6355,297
6356,245
6356,303
6357,245
6357,312
6358,245
6358,356
6359,245
6359,356
6360,245
6360,359
6361,245
6361,359
6362,245
6362,404
6363,245
6363,406
6364,245
6364,427
6365,245
6365,429
6366,245
6366,440
6367,245
6367,442
6368,245
6368,443
6369,245
6369,446
6370,245
6370,455
6371,245
6371,482
6372,245
6372,485
6373,245
6373,487
6374,245
6374,512
6375,245
6375,514
6376,245
6376,515
6377,19
6377,456
6378,41
6378,456
6379,42
6379,456
6380,78
6380,456
6381,79
6381,456
6382,86
6382,456
6383,258
6383,456
6384,180
6384,456
6385,228
6385,456
6386,241
6386,456
6387,244
6387,456
6388,275
6388,456
6389,292
6389,456
6390,297
6390,456
6391,303
6391,456
6392,312
6392,456
6393,356
6393,456
6394,356
6394,456
6395,359
6395,456
6396,359
6396,456
6397,404
6397,456
6398,406
6398,456
6399,427
6399,456
6400,429
6400,456
6401,440
6401,456
6402,442
6402,456
6403,443
6403,456
6404,446
6404,456
6405,455
6405,456
6406,456
6406,482
6407,456
6407,485
6408,456
6408,487
6409,456
6409,512
6410,456
6410,514
6411,456
6411,515
6412,19
6412,458
6413,41
6413,458
6414,42
6414,458
6415,78
6415,458
6416,79
6416,458
6417,86
6417,458
6418,258
6418,458
6419,180
6419,458
6420,228
6420,458
6421,241
6421,458
6422,244
6422,458
6423,275
6423,458
6424,292
6424,458
6425,297
6425,458
6426,303
6426,458
6427,312
6427,458
6428,356
6428,458
6429,356
6429,458
6430,359
6430,458
6431,359
6431,458
6432,404
6432,458
6433,406
6433,458
6434,427
6434,458
6435,429
6435,458
6436,440
6436,458
6437,442
6437,458
6438,443
6438,458
6439,446
6439,458
6440,455
6440,458
6441,458
6441,482
6442,458
6442,485
6443,458
6443,487
6444,458
6444,512
6445,458
6445,514
6446,458
6446,515
6447,19
6447,464
6448,41
6448,464
6449,42
6449,464
6450,78
6450,464
6451,79
6451,464
6452,86
6452,464
6453,258
6453,464
6454,180
6454,464
6455,228
6455,464
6456,241
6456,464
6457,244
6457,464
6458,275
6458,464
6459,292
6459,464
6460,297
6460,464
6461,303
6461,464
6462,312
6462,464
6463,356
6463,464
6464,356
6464,464
6465,359
6465,464
6466,359
6466,464
6467,404
6467,464
6468,406
6468,464
6469,427
6469,464
6470,429
6470,464
6471,440
6471,464
6472,442
6472,464
6473,443
6473,464
6474,446
6474,464
6475,455
6475,464
6476,464
6476,482
6477,464
6477,485
6478,464
6478,487
6479,464
6479,512
6480,464
6480,514
6481,464
6481,515
6482,19
6482,483
6483,41
6483,483
6484,42
6484,483
6485,78
6485,483
6486,79
6486,483
6487,86
6487,483
6488,258
6488,483
6489,180
6489,483
6490,228
6490,483
6491,241
6491,483
6492,244
6492,483
6493,275
6493,483
6494,292
6494,483
6495,297
6495,483
6496,303
6496,483
6497,312
6497,483
6498,356
6498,483
6499,356
6499,483
6500,359
6500,483
6501,359
6501,483
6502,404
6502,483
6503,406
6503,483
6504,427
6504,483
6505,429
6505,483
6506,440
6506,483
6507,442
6507,483
6508,443
6508,483
6509,446
6509,483
6510,455
6510,483
6511,482
6511,483
6512,483
6512,485
6513,483
6513,487
6514,483
6514,512
6515,483
6515,514
6516,483
6516,515
6517,20
6517,309
6518,245
6518,309
6519,309
6519,456
6520,309
6520,483
6521,227
6521,309
6522,309
6522,464
6523,77
6523,309
6524,90
6524,309
6525,110
6525,309
6526,125
6526,309
6527,135
6527,309
6528,144
6528,309
6529,24
6529,309
6530,88
6530,309
6531,108
6531,309
6532,123
6532,309
6533,133
6533,309
6534,142
6534,309
6535,22
6535,309
6536,70
6536,309
6537,19
6537,29
6538,29
6538,41
6539,29
6539,42
6540,29
6540,78
6541,29
6541,79
6542,29
6542,86
6543,29
6543,258
6544,29
6544,180
6545,29
6545,228
6546,29
6546,241
6547,29
6547,244
6548,29
6548,275
6549,29
6549,292
6550,29
6550,297
6551,29
6551,303
6552,29
6552,312
6553,29
6553,356
6554,29
6554,356
6555,29
6555,359
6556,29
6556,359
6557,29
6557,404
6558,29
6558,406
6559,29
6559,427
6560,29
6560,429
6561,29
6561,440
6562,29
6562,442
6563,29
6563,443
6564,29
6564,446
6565,29
6565,455
6566,29
6566,482
6567,29
6567,485
6568,29
6568,487
6569,29
6569,512
6570,29
6570,514
6571,29
6571,515
6572,19
6572,31
6573,31
6573,41
6574,31
6574,42
6575,31
6575,78
6576,31
6576,79
6577,31
6577,86
6578,31
6578,258
6579,31
6579,180
6580,31
6580,228
6581,31
6581,241
6582,31
6582,244
6583,31
6583,275
6584,31
6584,292
6585,31
6585,297
6586,31
6586,303
6587,31
6587,312
6588,31
6588,356
6589,31
6589,356
6590,31
6590,359
6591,31
6591,359
6592,31
6592,404
6593,31
6593,406
6594,31
6594,427
6595,31
6595,429
6596,31
6596,440
6597,31
6597,442
6598,31
6598,443
6599,31
6599,446
6600,31
6600,455
6601,31
6601,482
6602,31
6602,485
6603,31
6603,487
6604,31
6604,512
6605,31
6605,514
6606,31
6606,515
6607,20
6607,340
6608,245
6608,340
6609,340
6609,456
6610,340
6610,483
6611,227
6611,340
6612,340
6612,464
6613,77
6613,340
6614,90
6614,340
6615,110
6615,340
6616,125
6616,340
6617,135
6617,340
6618,144
6618,340
6619,24
6619,340
6620,88
6620,340
6621,108
6621,340
6622,123
6622,340
6623,133
6623,340
6624,142
6624,340
6625,22
6625,340
6626,70
6626,340
6627,20
6627,334
6628,245
6628,334
6629,334
6629,456
6630,334
6630,483
6631,227
6631,334
6632,334
6632,464
6633,77
6633,334
6634,90
6634,334
6635,110
6635,334
6636,125
6636,334
6637,135
6637,334
6638,144
6638,334
6639,24
6639,334
6640,88
6640,334
6641,108
6641,334
6642,123
6642,334
6643,133
6643,334
6644,142
6644,334
6645,22
6645,334
6646,70
6646,334
6647,71
6647,77
6648,77
6648,315
6649,77
6649,316
6650,77
6650,249
6651,77
6651,84
6652,77
6652,322
6653,77
6653,323
6654,77
6654,251
6655,77
6655,105
6656,77
6656,328
6657,77
6657,329
6658,77
6658,252
6659,77
6659,121
6660,77
6660,331
6661,77
6661,332
6662,77
6662,253
6663,77
6663,131
6664,77
6664,335
6665,77
6665,336
6666,77
6666,254
6667,77
6667,140
6668,77
6668,337
6669,77
6669,338
6670,77
6670,255
6671,77
6671,151
6672,77
6672,341
6673,77
6673,342
6674,77
6674,256
6675,71
6675,110
6676,110
6676,315
6677,110
6677,316
6678,110
6678,249
6679,84
6679,110
6680,110
6680,322
6681,110
6681,323
6682,110
6682,251
6683,105
6683,110
6684,110
6684,328
6685,110
6685,329
6686,110
6686,252
6687,110
6687,121
6688,110
6688,331
6689,110
6689,332
6690,110
6690,253
6691,110
6691,131
6692,110
6692,335
6693,110
6693,336
6694,110
6694,254
6695,110
6695,140
6696,110
6696,337
6697,110
6697,338
6698,110
6698,255
6699,110
6699,151
6700,110
6700,341
6701,110
6701,342
6702,110
6702,256
6703,71
6703,135
6704,135
6704,315
6705,135
6705,316
6706,135
6706,249
6707,84
6707,135
6708,135
6708,322
6709,135
6709,323
6710,135
6710,251
6711,105
6711,135
6712,135
6712,328
6713,135
6713,329
6714,135
6714,252
6715,121
6715,135
6716,135
6716,331
6717,135
6717,332
6718,135
6718,253
6719,131
6719,135
6720,135
6720,335
6721,135
6721,336
6722,135
6722,254
6723,135
6723,140
6724,135
6724,337
6725,135
6725,338
6726,135
6726,255
6727,135
6727,151
6728,135
6728,341
6729,135
6729,342
6730,135
6730,256
6731,70
6731,71
6732,70
6732,315
6733,70
6733,316
6734,70
6734,249
6735,70
6735,84
6736,70
6736,322
6737,70
6737,323
6738,70
6738,251
6739,70
6739,105
6740,70
6740,328
6741,70
6741,329
6742,70
6742,252
6743,70
6743,121
6744,70
6744,331
6745,70
6745,332
6746,70
6746,253
6747,70
6747,131
6748,70
6748,335
6749,70
6749,336
6750,70
6750,254
6751,70
6751,140
6752,70
6752,337
6753,70
6753,338
6754,70
6754,255
6755,70
6755,151
6756,70
6756,341
6757,70
6757,342
6758,70
6758,256
6759,71
6759,104
6760,104
6760,315
6761,104
6761,316
6762,104
6762,249
6763,84
6763,104
6764,104
6764,322
6765,104
6765,323
6766,104
6766,251
6767,104
6767,105
6768,104
6768,328
6769,104
6769,329
6770,104
6770,252
6771,104
6771,121
6772,104
6772,331
6773,104
6773,332
6774,104
6774,253
6775,104
6775,131
6776,104
6776,335
6777,104
6777,336
6778,104
6778,254
6779,104
6779,140
6780,104
6780,337
6781,104
6781,338
6782,104
6782,255
6783,104
6783,151
6784,104
6784,341
6785,104
6785,342
6786,104
6786,256
6787,71
6787,130
6788,130
6788,315
6789,130
6789,316
6790,130
6790,249
6791,84
6791,130
6792,130
6792,322
6793,130
6793,323
6794,130
6794,251
6795,105
6795,130
6796,130
6796,328
6797,130
6797,329
6798,130
6798,252
6799,121
6799,130
6800,130
6800,331
6801,130
6801,332
6802,130
6802,253
6803,130
6803,131
6804,130
6804,335
6805,130
6805,336
6806,130
6806,254
6807,130
6807,140
6808,130
6808,337
6809,130
6809,338
6810,130
6810,255
6811,130
6811,151
6812,130
6812,341
6813,130
6813,342
6814,130
6814,256
6815,77
6815,89
6816,89
6816,110
6817,89
6817,135
6818,70
6818,89
6819,89
6819,104
6820,89
6820,130
6821,77
6821,317
6822,110
6822,317
6823,135
6823,317
6824,70
6824,317
6825,104
6825,317
6826,130
6826,317
6827,77
6827,320
6828,110
6828,320
6829,135
6829,320
6830,70
6830,320
6831,104
6831,320
6832,130
6832,320
6833,77
6833,327
6834,110
6834,327
6835,135
6835,327
6836,70
6836,327
6837,104
6837,327
6838,130
6838,327
6839,77
6839,285
6840,110
6840,285
6841,135
6841,285
6842,70
6842,285
6843,104
6843,285
6844,130
6844,285
6845,77
6845,445
6846,110
6846,445
6847,135
6847,445
6848,70
6848,445
6849,104
6849,445
6850,130
6850,445
6851,77
6851,286
6852,110
6852,286
6853,135
6853,286
6854,70
6854,286
6855,104
6855,286
6856,130
6856,286
6857,77
6857,202
6858,110
6858,202
6859,135
6859,202
6860,70
6860,202
6861,104
6861,202
6862,130
6862,202
6863,77
6863,248
6864,110
6864,248
6865,135
6865,248
6866,70
6866,248
6867,104
6867,248
6868,130
6868,248
6869,77
6869,298
6870,110
6870,298
6871,135
6871,298
6872,70
6872,298
6873,104
6873,298
6874,130
6874,298
6875,77
6875,299
6876,110
6876,299
6877,135
6877,299
6878,70
6878,299
6879,104
6879,299
6880,130
6880,299
6881,77
6881,324
6882,110
6882,324
6883,135
6883,324
6884,70
6884,324
6885,104
6885,324
6886,130
6886,324
6887,77
6887,330
6888,110
6888,330
6889,135
6889,330
6890,70
6890,330
6891,104
6891,330
6892,130
6892,330
6893,77
6893,370
6894,110
6894,370
6895,135
6895,370
6896,70
6896,370
6897,104
6897,370
6898,130
6898,370
6899,77
6899,368
6900,110
6900,368
6901,135
6901,368
6902,70
6902,368
6903,104
6903,368
6904,130
6904,368
6905,77
6905,282
6906,110
6906,282
6907,135
6907,282
6908,70
6908,282
6909,104
6909,282
6910,130
6910,282
6911,0
6911,77
6912,0
6912,110
6913,0
6913,135
6914,0
6914,70
6915,0
6915,104
6916,0
6916,130
6917,8
6917,77
6918,8
6918,110
6919,8
6919,135
6920,8
6920,70
6921,8
6921,104
6922,8
6922,130
6923,77
6923,234
6924,110
6924,234
6925,135
6925,234
6926,70
6926,234
6927,104
6927,234
6928,130
6928,234
6929,77
6929,476
6930,110
6930,476
6931,135
6931,476
6932,70
6932,476
6933,104
6933,476
6934,130
6934,476
6935,62
6935,77
6936,62
6936,110
6937,62
6937,135
6938,62
6938,70
6939,62
6939,104
6940,62
6940,130
6941,77
6941,348
6942,110
6942,348
6943,135
6943,348
6944,70
6944,348
6945,104
6945,348
6946,130
6946,348
6947,77
6947,424
6948,77
6948,424
6949,110
6949,424
6950,110
6950,424
6951,135
6951,424
6952,135
6952,424
6953,77
6953,375
6954,110
6954,375
6955,135
6955,375
6956,70
6956,424
6957,70
6957,424
6958,104
6958,424
6959,104
6959,424
6960,130
6960,424
6961,130
6961,424
6962,70
6962,375
6963,104
6963,375
6964,130
6964,375
6965,77
6965,409
6966,110
6966,409
6967,135
6967,409
6968,77
6968,413
6969,110
6969,413
6970,135
6970,413
6971,77
6971,417
6972,110
6972,417
6973,135
6973,417
6974,77
6974,421
6975,110
6975,421
6976,135
6976,421
6977,70
6977,409
6978,104
6978,409
6979,130
6979,409
6980,70
6980,413
6981,104
6981,413
6982,130
6982,413
6983,70
6983,417
6984,104
6984,417
6985,130
6985,417
6986,70
6986,421
6987,104
6987,421
6988,130
6988,421
6989,77
6989,411
6990,110
6990,411
6991,135
6991,411
6992,77
6992,415
6993,110
6993,415
6994,135
6994,415
6995,77
6995,419
6996,110
6996,419
6997,135
6997,419
6998,70
6998,411
6999,104
6999,411
7000,130
7000,411
7001,70
7001,415
7002,104
7002,415
7003,130
7003,415
7004,70
7004,419
7005,104
7005,419
7006,130
7006,419
7007,77
7007,221
7008,110
7008,221
7009,135
7009,221
7010,70
7010,221
7011,104
7011,221
7012,130
7012,221
7013,77
7013,196
7014,110
7014,196
7015,135
7015,196
7016,70
7016,196
7017,104
7017,196
7018,130
7018,196
7019,77
7019,167
7020,110
7020,167
7021,135
7021,167
7022,70
7022,167
7023,104
7023,167
7024,130
7024,167
7025,77
7025,114
7026,110
7026,114
7027,114
7027,135
7028,70
7028,114
7029,104
7029,114
7030,114
7030,130
7031,77
7031,119
7032,110
7032,119
7033,119
7033,135
7034,70
7034,119
7035,104
7035,119
7036,119
7036,130
7037,37
7037,41
7038,37
7038,43
7039,37
7039,194
7040,37
7040,195
7041,37
7041,195
7042,37
7042,223
7043,37
7043,78
7044,37
7044,355
7045,37
7045,457
7046,37
7046,461
7047,37
7047,482
7048,41
7048,76
7049,41
7049,109
7050,41
7050,134
7051,41
7051,443
7052,41
7052,487
7053,41
7053,503
7054,42
7054,457
7055,42
7055,457
7056,42
7056,43
7057,43
7057,76
7058,43
7058,487
7059,45
7059,463
7060,45
7060,463
7061,39
7061,41
7062,39
7062,43
7063,39
7063,61
7064,39
7064,91
7065,39
7065,111
7066,39
7066,126
7067,39
7067,136
7068,39
7068,193
7069,39
7069,193
7070,39
7070,193
7071,39
7071,161
7072,39
7072,161
7073,39
7073,195
7074,39
7074,233
7075,39
7075,78
7076,39
7076,355
7077,39
7077,377
7078,39
7078,433
7079,39
7079,461
7080,39
7080,215
7081,39
7081,178
7082,39
7082,482
7083,59
7083,111
7084,76
7084,78
7085,76
7085,111
7086,76
7086,377
7087,76
7087,433
7088,19
7088,25
7089,19
7089,23
7090,19
7090,41
7091,19
7091,41
7092,19
7092,42
7093,19
7093,43
7094,19
7094,44
7095,19
7095,39
7096,19
7096,50
7097,19
7097,53
7098,19
7098,61
7099,19
7099,59
7100,19
7100,69
7101,19
7101,71
7102,19
7102,74
7103,19
7103,79
7104,19
7104,76
7105,19
7105,87
7106,19
7106,91
7107,19
7107,89
7108,19
7108,103
7109,19
7109,107
7110,19
7110,107
7111,19
7111,111
7112,19
7112,109
7113,19
7113,122
7114,19
7114,126
7115,19
7115,124
7116,19
7116,129
7117,19
7117,132
7118,19
7118,136
7119,19
7119,134
7120,19
7120,145
7121,19
7121,143
7122,19
7122,149
7123,19
7123,157
7124,19
7124,157
7125,19
7125,161
7126,19
7126,160
7127,19
7127,173
7128,19
7128,180
7129,19
7129,219
7130,19
7130,183
7131,19
7131,263
7132,19
7132,186
7133,19
7133,193
7134,19
7134,193
7135,19
7135,195
7136,19
7136,155
7137,19
7137,226
7138,19
7138,230
7139,19
7139,233
7140,19
7140,257
7141,19
7141,272
7142,19
7142,78
7143,19
7143,359
7144,19
7144,359
7145,19
7145,396
7146,19
7146,397
7147,19
7147,397
7148,19
7148,292
7149,19
7149,428
7150,19
7150,433
7151,19
7151,437
7152,19
7152,437
7153,19
7153,438
7154,19
7154,438
7155,19
7155,438
7156,19
7156,440
7157,19
7157,443
7158,19
7158,443
7159,19
7159,430
7160,19
7160,445
7161,19
7161,445
7162,19
7162,457
7163,19
7163,460
7164,19
7164,461
7165,19
7165,463
7166,19
7166,463
7167,19
7167,474
7168,19
7168,484
7169,19
7169,486
7170,19
7170,485
7171,19
7171,485
7172,19
7172,504
7173,19
7173,505
7174,19
7174,503
7175,19
7175,403
7176,41
7176,157
7177,157
7177,157
7178,157
7178,157
7179,157
7179,223
7180,157
7180,226
7181,157
7181,275
7182,157
7182,359
7183,157
7183,384
7184,157
7184,428
7185,157
7185,444
7186,157
7186,443
7187,157
7187,443
7188,157
7188,443
7189,157
7189,443
7190,157
7190,457
7191,157
7191,457
7192,157
7192,457
7193,157
7193,457
7194,157
7194,457
7195,157
7195,455
7196,157
7196,455
7197,157
7197,455
7198,157
7198,463
7199,157
7199,463
7200,157
7200,463
7201,157
7201,482
7202,157
7202,487
7203,76
7203,161
7204,76
7204,161
7205,76
7205,161
7206,166
7206,244
7207,42
7207,180
7208,180
7208,180
7209,180
7209,180
7210,180
7210,180
7211,180
7211,226
7212,180
7212,275
7213,180
7213,288
7214,180
7214,292
7215,180
7215,359
7216,180
7216,384
7217,180
7217,438
7218,180
7218,440
7219,180
7219,444
7220,180
7220,443
7221,180
7221,457
7222,180
7222,457
7223,180
7223,459
7224,180
7224,455
7225,180
7225,455
7226,180
7226,463
7227,180
7227,463
7228,180
7228,463
7229,180
7229,215
7230,180
7230,482
7231,180
7231,487
7232,180
7232,487
7233,76
7233,193
7234,76
7234,193
7235,76
7235,193
7236,76
7236,194
7237,76
7237,195
7238,76
7238,195
7239,195
7239,463
7240,195
7240,463
7241,76
7241,223
7242,223
7242,226
7243,223
7243,457
7244,223
7244,463
7245,223
7245,482
7246,41
7246,155
7247,43
7247,155
7248,43
7248,155
7249,155
7249,161
7250,155
7250,193
7251,155
7251,194
7252,155
7252,194
7253,155
7253,195
7254,155
7254,195
7255,155
7255,219
7256,155
7256,219
7257,155
7257,219
7258,155
7258,223
7259,155
7259,231
7260,155
7260,275
7261,155
7261,359
7262,155
7262,384
7263,155
7263,428
7264,155
7264,427
7265,155
7265,427
7266,155
7266,440
7267,155
7267,443
7268,155
7268,443
7269,155
7269,443
7270,155
7270,457
7271,155
7271,457
7272,155
7272,457
7273,155
7273,457
7274,155
7274,459
7275,155
7275,459
7276,155
7276,455
7277,155
7277,455
7278,155
7278,461
7279,155
7279,463
7280,155
7280,482
7281,155
7281,482
7282,155
7282,292
7283,155
7283,485
7284,155
7284,485
7285,41
7285,226
7286,43
7286,226
7287,43
7287,226
7288,111
7288,226
7289,136
7289,226
7290,161
7290,226
7291,193
7291,226
7292,193
7292,226
7293,193
7293,226
7294,194
7294,226
7295,226
7295,226
7296,226
7296,275
7297,78
7297,226
7298,39
7298,313
7299,41
7299,69
7300,226
7300,355
7301,226
7301,359
7302,226
7302,377
7303,226
7303,384
7304,226
7304,444
7305,226
7305,443
7306,226
7306,443
7307,226
7307,457
7308,226
7308,457
7309,226
7309,482
7310,226
7310,506
7311,219
7311,226
7312,219
7312,226
7313,230
7313,384
7314,230
7314,430
7315,230
7315,444
7316,230
7316,457
7317,230
7317,459
7318,237
7318,246
7319,39
7319,246
7320,19
7320,246
7321,180
7321,246
7322,155
7322,246
7323,226
7323,246
7324,240
7324,246
7325,246
7325,397
7326,246
7326,427
7327,246
7327,438
7328,246
7328,437
7329,246
7329,457
7330,246
7330,457
7331,246
7331,459
7332,246
7332,455
7333,246
7333,463
7334,246
7334,482
7335,275
7335,459
7336,240
7336,288
7337,288
7337,459
7338,37
7338,244
7339,41
7339,244
7340,42
7340,244
7341,157
7341,244
7342,157
7342,244
7343,174
7343,244
7344,180
7344,244
7345,223
7345,244
7346,155
7346,244
7347,229
7347,244
7348,231
7348,244
7349,230
7349,244
7350,244
7350,272
7351,244
7351,275
7352,244
7352,289
7353,244
7353,289
7354,244
7354,288
7355,244
7355,292
7356,244
7356,475
7357,238
7357,244
7358,244
7358,355
7359,244
7359,359
7360,244
7360,359
7361,178
7361,244
7362,215
7362,244
7363,244
7363,366
7364,244
7364,377
7365,244
7365,384
7366,244
7366,384
7367,244
7367,384
7368,244
7368,397
7369,244
7369,474
7370,244
7370,430
7371,244
7371,430
7372,244
7372,433
7373,244
7373,438
7374,244
7374,440
7375,244
7375,437
7376,244
7376,444
7377,244
7377,443
7378,244
7378,443
7379,244
7379,445
7380,244
7380,445
7381,244
7381,457
7382,244
7382,459
7383,244
7383,459
7384,244
7384,459
7385,244
7385,460
7386,244
7386,460
7387,244
7387,460
7388,244
7388,461
7389,244
7389,463
7390,244
7390,484
7391,244
7391,485
7392,244
7392,485
7393,244
7393,403
7394,19
7394,357
7395,357
7395,455
7396,359
7396,359
7397,359
7397,359
7398,359
7398,384
7399,359
7399,443
7400,359
7400,457
7401,359
7401,457
7402,359
7402,459
7403,244
7403,372
7404,19
7404,378
7405,244
7405,378
7406,19
7406,379
7407,19
7407,392
7408,392
7408,455
7409,19
7409,393
7410,393
7410,455
7411,397
7411,397
7412,428
7412,457
7413,21
7413,427
7414,37
7414,427
7415,42
7415,427
7416,42
7416,427
7417,43
7417,427
7418,44
7418,427
7419,44
7419,427
7420,39
7420,427
7421,50
7421,427
7422,53
7422,427
7423,55
7423,427
7424,61
7424,427
7425,59
7425,427
7426,69
7426,427
7427,74
7427,427
7428,76
7428,427
7429,83
7429,427
7430,87
7430,427
7431,91
7431,427
7432,89
7432,427
7433,103
7433,427
7434,107
7434,427
7435,109
7435,427
7436,122
7436,427
7437,126
7437,427
7438,124
7438,427
7439,129
7439,427
7440,132
7440,427
7441,134
7441,427
7442,141
7442,427
7443,143
7443,427
7444,149
7444,427
7445,157
7445,427
7446,157
7446,427
7447,157
7447,427
7448,160
7448,427
7449,180
7449,427
7450,180
7450,427
7451,180
7451,427
7452,226
7452,427
7453,231
7453,427
7454,233
7454,427
7455,272
7455,427
7456,359
7456,427
7457,359
7457,427
7458,359
7458,427
7459,366
7459,427
7460,384
7460,427
7461,384
7461,427
7462,397
7462,427
7463,397
7463,427
7464,427
7464,433
7465,427
7465,437
7466,427
7466,444
7467,427
7467,444
7468,427
7468,444
7469,427
7469,444
7470,427
7470,443
7471,427
7471,445
7472,427
7472,457
7473,427
7473,459
7474,427
7474,463
7475,427
7475,463
7476,427
7476,474
7477,232
7477,427
7478,427
7478,478
7479,427
7479,481
7480,427
7480,481
7481,427
7481,484
7482,427
7482,485
7483,427
7483,485
7484,427
7484,488
7485,427
7485,488
7486,427
7486,504
7487,427
7487,505
7488,427
7488,503
7489,223
7489,438
7490,438
7490,443
7491,438
7491,443
7492,438
7492,463
7493,438
7493,463
7494,275
7494,438
7495,275
7495,438
7496,226
7496,440
7497,223
7497,437
7498,226
7498,437
7499,288
7499,437
7500,437
7500,440
7501,437
7501,437
7502,437
7502,437
7503,437
7503,444
7504,437
7504,444
7505,437
7505,443
7506,437
7506,443
7507,437
7507,443
7508,437
7508,457
7509,437
7509,457
7510,437
7510,455
7511,437
7511,455
7512,437
7512,463
7513,437
7513,463
7514,437
7514,463
7515,437
7515,482
7516,437
7516,482
7517,384
7517,443
7518,430
7518,443
7519,443
7519,443
7520,443
7520,457
7521,443
7521,460
7522,443
7522,460
7523,443
7523,482
7524,443
7524,482
7525,457
7525,460
7526,457
7526,460
7527,457
7527,482
7528,457
7528,485
7529,459
7529,459
7530,21
7530,455
7531,23
7531,455
7532,28
7532,455
7533,37
7533,455
7534,41
7534,455
7535,42
7535,455
7536,43
7536,455
7537,43
7537,455
7538,43
7538,455
7539,43
7539,455
7540,44
7540,455
7541,44
7541,455
7542,44
7542,455
7543,39
7543,455
7544,50
7544,455
7545,53
7545,455
7546,54
7546,455
7547,55
7547,455
7548,59
7548,455
7549,69
7549,455
7550,71
7550,455
7551,72
7551,455
7552,74
7552,455
7553,76
7553,455
7554,83
7554,455
7555,85
7555,455
7556,87
7556,455
7557,89
7557,455
7558,103
7558,455
7559,107
7559,455
7560,109
7560,455
7561,122
7561,455
7562,124
7562,455
7563,129
7563,455
7564,132
7564,455
7565,134
7565,455
7566,141
7566,455
7567,143
7567,455
7568,149
7568,455
7569,152
7569,455
7570,153
7570,455
7571,153
7571,455
7572,238
7572,455
7573,175
7573,455
7574,175
7574,455
7575,161
7575,455
7576,161
7576,455
7577,161
7577,455
7578,195
7578,455
7579,179
7579,455
7580,223
7580,455
7581,226
7581,455
7582,226
7582,455
7583,229
7583,455
7584,231
7584,455
7585,232
7585,455
7586,233
7586,455
7587,233
7587,455
7588,239
7588,455
7589,257
7589,455
7590,272
7590,455
7591,275
7591,455
7592,215
7592,455
7593,178
7593,455
7594,219
7594,455
7595,219
7595,455
7596,216
7596,455
7597,289
7597,455
7598,288
7598,455
7599,292
7599,455
7600,311
7600,455
7601,355
7601,455
7602,355
7602,455
7603,355
7603,455
7604,359
7604,455
7605,359
7605,455
7606,365
7606,455
7607,366
7607,455
7608,366
7608,455
7609,371
7609,455
7610,377
7610,455
7611,384
7611,455
7612,384
7612,455
7613,384
7613,455
7614,396
7614,455
7615,397
7615,455
7616,397
7616,455
7617,428
7617,455
7618,430
7618,455
7619,430
7619,455
7620,438
7620,455
7621,438
7621,455
7622,440
7622,455
7623,444
7623,455
7624,443
7624,455
7625,445
7625,455
7626,445
7626,455
7627,455
7627,459
7628,455
7628,460
7629,455
7629,460
7630,455
7630,461
7631,455
7631,461
7632,455
7632,463
7633,455
7633,475
7634,455
7634,475
7635,455
7635,475
7636,455
7636,474
7637,455
7637,484
7638,455
7638,486
7639,455
7639,485
7640,455
7640,489
7641,455
7641,493
7642,455
7642,497
7643,455
7643,488
7644,455
7644,488
7645,455
7645,504
7646,455
7646,504
7647,455
7647,505
7648,455
7648,506
7649,455
7649,503
7650,401
7650,455
7651,455
7651,514
7652,455
7652,508
7653,455
7653,508
7654,455
7654,509
7655,41
7655,463
7656,41
7656,463
7657,41
7657,463
7658,42
7658,463
7659,44
7659,463
7660,44
7660,463
7661,226
7661,463
7662,226
7662,463
7663,230
7663,463
7664,233
7664,463
7665,233
7665,463
7666,240
7666,463
7667,275
7667,463
7668,275
7668,463
7669,215
7669,463
7670,178
7670,463
7671,289
7671,463
7672,292
7672,463
7673,355
7673,463
7674,355
7674,463
7675,359
7675,463
7676,377
7676,463
7677,384
7677,463
7678,430
7678,463
7679,430
7679,463
7680,433
7680,463
7681,440
7681,463
7682,443
7682,463
7683,459
7683,463
7684,463
7684,463
7685,208
7685,463
7686,463
7686,482
7687,463
7687,485
7688,463
7688,487
7689,463
7689,512
7690,401
7690,463
7691,463
7691,514
7692,295
7692,463
7693,295
7693,463
7694,463
7694,505
7695,403
7695,463
7696,223
7696,240
7697,240
7697,275
7698,240
7698,440
7699,194
7699,240
7700,219
7700,240
7701,219
7701,240
7702,215
7702,240
7703,178
7703,240
7704,208
7704,240
7705,217
7705,240
7706,223
7706,237
7707,178
7707,237
7708,219
7708,237
7709,237
7709,275
7710,219
7710,237
7711,237
7711,440
7712,237
7712,459
7713,194
7713,237
7714,208
7714,237
7715,463
7715,465
7716,457
7716,465
7717,226
7717,465
7718,53
7718,482
7719,359
7719,482
7720,359
7720,482
7721,397
7721,482
7722,482
7722,486
7723,482
7723,485
7724,397
7724,487
7725,292
7725,487
7726,292
7726,487
7727,231
7727,487
7728,230
7728,487
7729,443
7729,487
7730,457
7730,487
7731,455
7731,515
7732,403
7732,455
7733,485
7733,487
7734,485
7734,487
7735,486
7735,487
7736,486
7736,487
7737,482
7737,503
7738,484
7738,503
7739,288
7739,503
7740,288
7740,503
7741,288
7741,503
7742,288
7742,503
7743,288
7743,503
7744,288
7744,503
7745,292
7745,503
7746,292
7746,503
7747,296
7747,455
7748,19
7748,296
7749,296
7749,463
7750,0
7750,231
7751,0
7751,457
7752,0
7752,288
7753,0
7753,288
7754,0
7754,238
7755,0
7755,372
7756,4
7756,238
7757,13
7757,244
7758,13
7758,244
7759,6
7759,244
7760,11
7760,237
7761,11
7761,244
7762,10
7762,244
7763,10
7763,237
7764,13
7764,237
7765,12
7765,238
7766,5
7766,238
7767,9
7767,372
7768,8
7768,244
7769,8
7769,237
7770,8
7770,237
7771,9
7771,244
7772,9
7772,237
7773,12
7773,244
7774,12
7774,237
7775,5
7775,372
7776,12
7776,372
7777,5
7777,246
7778,0
7778,359
7779,16
7779,244
7780,16
7780,244
7781,4
7781,237
7782,14
7782,455
7783,16
7783,372
7784,14
7784,372
7785,4
7785,244
7786,4
7786,244
7787,4
7787,463
7788,4
7788,463
7789,4
7789,288
7790,0
7790,373
7791,0
7791,373
7792,16
7792,373
7793,14
7793,373
7794,7
7794,244
7795,7
7795,463
7796,7
7796,288
7797,239
7797,239
7798,14
7798,246
7799,14
7799,231
7800,15
7800,230
7801,14
7801,457
7802,15
7802,455
7803,14
7803,14
7804,1
7804,455
7805,16
7805,16
7806,1
7806,288
7807,14
7807,16
7808,1
7808,463
7809,16
7809,16
7810,2
7810,246
7811,14
7811,16
7812,2
7812,244
7813,1
7813,457
7814,2
7814,455
7815,1
7815,288
7816,2
7816,246
7817,1
7817,463
7818,2
7818,244
7819,2
7819,288
7820,3
7820,246
7821,2
7821,463
7822,3
7822,244
7823,15
7823,16
7824,3
7824,244
7825,14
7825,288
7826,16
7826,463
7827,244
7827,373
7828,8
7828,240
7829,14
7829,237
7830,4
7830,455
7831,16
7831,237
7832,16
7832,237
7833,14
7833,372
7834,14
7834,463
7835,16
7835,455
7836,0
7836,463
7837,14
7837,244
7838,234
7838,463
7839,234
7839,288
7840,234
7840,288
7841,231
7841,234
7842,234
7842,457
7843,235
7843,244
7844,235
7844,246
7845,235
7845,455
7846,230
7846,235
7847,236
7847,244
7848,236
7848,244
7849,241
7849,463
7850,241
7850,288
7851,241
7851,288
7852,241
7852,457
7853,231
7853,241
7854,242
7854,244
7855,242
7855,246
7856,242
7856,455
7857,230
7857,242
7858,243
7858,244
7859,406
7859,463
7860,288
7860,406
7861,288
7861,406
7862,406
7862,457
7863,231
7863,406
7864,244
7864,425
7865,246
7865,425
7866,425
7866,455
7867,230
7867,425
7868,244
7868,426
7869,457
7869,503
7870,457
7870,503
7871,155
7871,275
7872,155
7872,275
7873,19
7873,34
7874,19
7874,34
7875,145
7875,427
7876,25
7876,226
7877,39
7877,339
7878,41
7878,149
7879,39
7879,145
7880,19
7880,32
7881,19
7881,30
7882,19
7882,25
7883,30
7883,455
7884,32
7884,427
7885,161
7885,226
7886,161
7886,226
7887,193
7887,226
7888,226
7888,484
7889,226
7889,485
7890,366
7890,427
7891,436
7891,455
7892,244
7892,436
7893,19
7893,436
7894,19
7894,353
7895,19
7895,353
7896,19
7896,279
7897,19
7897,279
7898,73
7898,463
7899,353
7899,427
7900,353
7900,455
7901,19
7901,270
7902,19
7902,270
7903,42
7903,482
7904,42
7904,482
7905,76
7905,482
7906,76
7906,482
7907,19
7907,266
7908,19
7908,266
7909,42
7909,233
7910,160
7910,482
7911,160
7911,482
7912,160
7912,482
7913,39
7913,73
7914,39
7914,73
7915,89
7915,482
7916,89
7916,482
7917,19
7917,106
7918,76
7918,233
7919,19
7919,190
7920,173
7920,482
7921,226
7921,279
7922,160
7922,482
7923,39
7923,279
7924,173
7924,427
7925,19
7925,283
7926,244
7926,283
7927,19
7927,440
7928,283
7928,427
7929,283
7929,455
7930,19
7930,169
7931,37
7931,200
7932,160
7932,226
7933,69
7933,180
7934,61
7934,482
7935,61
7935,482
7936,257
7936,482
7937,257
7937,482
7938,19
7938,317
7939,19
7939,317
7940,19
7940,270
7941,317
7941,427
7942,317
7942,455
7943,317
7943,455
7944,244
7944,476
7945,213
7945,463
7946,213
7946,463
7947,213
7947,226
7948,213
7948,226
7949,198
7949,226
7950,119
7950,226
7951,101
7951,226
7952,50
7952,166
7953,39
7953,164
7954,43
7954,76
7955,59
7955,193
7956,59
7956,161
7957,61
7957,160
7958,155
7958,166
7959,231
7959,517
7960,430
7960,517
7961,443
7961,517
7962,444
7962,517
7963,457
7963,517
7964,486
7964,517
7965,463
7965,518
7966,457
7966,518
7967,244
7967,519
7968,180
7968,379
7969,47
7969,237
7970,47
7970,237
7971,47
7971,463
7972,47
7972,463
7973,199
7973,455
7974,199
7974,455
7975,199
7975,455
7976,163
7976,455
7977,163
7977,455
7978,217
7978,455
7979,217
7979,244
7980,217
7980,237
7981,180
7981,217
7982,217
7982,463
7983,244
7983,257
7984,61
7984,244
7985,173
7985,455
7986,160
7986,455
7987,39
7987,275
7988,39
7988,61
7989,39
7989,59
7990,19
7990,78
7991,19
7991,57
7992,57
7992,455
7993,57
7993,427
7994,69
7994,161
7995,69
7995,161
7996,69
7996,193
7997,69
7997,193
7998,69
7998,193
7999,226
7999,263
8000,39
8000,169
8001,164
8001,226
8002,164
8002,226
8003,43
8003,69
8004,372
8004,446
8005,226
8005,453
8006,178
8006,275
8007,171
8007,463
8008,39
8008,457
8009,39
8009,457
8010,39
8010,457
8011,39
8011,457
8012,39
8012,463
8013,244
8013,352
8014,352
8014,455
8015,155
8015,355
8016,155
8016,377
8017,19
8017,272
8018,349
8018,427
8019,349
8019,427
8020,244
8020,349
8021,180
8021,349
8022,195
8022,226
8023,195
8023,226
8024,155
8024,313
8025,155
8025,378
8026,319
8026,427
8027,319
8027,427
8028,61
8028,226
8029,226
8029,257
8030,41
8030,50
8031,39
8031,101
8032,19
8032,166
8033,19
8033,101
8034,155
8034,198
8035,64
8035,455
8036,42
8036,275
8037,19
8037,266
8038,78
8038,482
8039,78
8039,482
8040,324
8040,427
8041,160
8041,160
8042,41
8042,114
8043,114
8043,246
8044,114
8044,223
8045,39
8045,119
8046,39
8046,117
8047,59
8047,166
8048,39
8048,101
8049,69
8049,355
8050,69
8050,377
8051,226
8051,313
8052,226
8052,313
8053,113
8053,180
8054,113
8054,180
8055,20
8056,22
8057,21
8058,21
8059,21
8060,21
8061,21
8062,21
8063,24
8064,25
8065,25
8066,25
8067,25
8068,23
8069,23
8070,23
8071,23
8072,23
8073,23
8074,23
8075,23
8076,28
8077,28
8078,28
8079,28
8080,28
8081,28
8082,37
8083,38
8084,37
8085,37
8086,39
8087,40
8088,41
8089,41
8090,42
8091,42
8092,43
8093,43
8094,44
8095,44
8096,45
8097,45
8098,47
8099,47
8100,39
8101,39
8102,50
8103,50
8104,53
8105,53
8106,54
8107,56
8108,55
8109,55
8110,60
8111,61
8112,59
8113,70
8114,69
8115,71
8116,72
8117,73
8118,75
8119,74
8120,74
8121,77
8122,79
8123,79
8124,76
8125,76
8126,83
8127,83
8128,85
8129,86
8130,88
8131,87
8132,90
8133,91
8134,91
8135,89
8136,89
8137,89
8138,104
8139,103
8140,108
8141,107
8142,107
8143,110
8144,111
8145,111
8146,119
8147,119
8148,109
8149,109
8150,123
8151,122
8152,122
8153,125
8154,126
8155,126
8156,124
8157,124
8158,129
8159,129
8160,130
8161,133
8162,132
8163,132
8164,135
8165,136
8166,136
8167,134
8168,134
8169,142
8170,141
8171,141
8172,144
8173,145
8174,145
8175,143
8176,143
8177,149
8178,149
8179,150
8180,35
8181,19
8182,152
8183,152
8184,153
8185,354
8186,175
8187,175
8188,208
8189,208
8190,238
8191,155
8192,156
8193,157
8194,157
8195,157
8196,157
8197,157
8198,161
8199,161
8200,161
8201,160
8202,160
8203,164
8204,164
8205,166
8206,169
8207,169
8208,173
8209,174
8210,174
8211,176
8212,179
8213,180
8214,180
8215,180
8216,180
8217,180
8218,181
8219,183
8220,263
8221,184
8222,186
8223,188
8224,193
8225,193
8226,193
8227,194
8228,194
8229,195
8230,198
8231,198
8232,198
8233,200
8234,200
8235,203
8236,203
8237,217
8238,217
8239,178
8240,215
8241,219
8242,219
8243,219
8244,223
8245,223
8246,223
8247,223
8248,223
8249,223
8250,155
8251,155
8252,227
8253,226
8254,229
8255,230
8256,231
8257,230
8258,232
8259,233
8260,233
8261,233
8262,237
8263,239
8264,241
8265,245
8266,246
8267,257
8268,257
8269,272
8270,275
8271,275
8272,275
8273,275
8274,279
8275,288
8276,289
8277,289
8278,288
8279,288
8280,293
8281,292
8282,292
8283,292
8284,295
8285,295
8286,295
8287,311
8288,313
8289,313
8290,78
8291,78
8292,78
8293,326
8294,326
8295,333
8296,333
8297,333
8298,339
8299,339
8300,339
8301,355
8302,357
8303,359
8304,359
8305,359
8306,362
8307,363
8308,363
8309,365
8310,366
8311,366
8312,371
8313,371
8314,372
8315,372
8316,373
8317,378
8318,377
8319,379
8320,384
8321,386
8322,392
8323,393
8324,396
8325,397
8326,398
8327,398
8328,397
8329,397
8330,406
8331,234
8332,428
8333,430
8334,430
8335,430
8336,433
8337,433
8338,437
8339,438
8340,438
8341,440
8342,440
8343,440
8344,437
8345,437
8346,444
8347,444
8348,443
8349,443
8350,445
8351,446
8352,456
8353,457
8354,458
8355,457
8356,457
8357,459
8358,459
8359,460
8360,461
8361,461
8362,463
8363,464
8364,463
8365,463
8366,465
8367,475
8368,475
8369,474
8370,478
8371,481
8372,483
8373,484
8374,484
8375,482
8376,486
8377,486
8378,485
8379,485
8380,487
8381,489
8382,491
8383,490
8384,493
8385,493
8386,494
8387,497
8388,488
8389,499
8390,499
8391,500
8392,503
8393,504
8394,504
8395,505
8396,505
8397,505
8398,506
8399,506
8400,503
8401,508
8402,509
8403,509
8404,512
8405,513
8406,512
8407,512
8408,401
8409,514
8410,515
8411,403
8412,296
8413,296
8414,425
8415,18
8416,8
8417,8
8418,0
8419,14
8420,4
8421,16
8422,12
8423,5
8424,9
8425,11
8426,11
8427,7
8428,34
8429,308
8430,308
8431,29
8432,31
8433,32
8434,32
8435,32
8436,32
8437,30
8438,30
8439,30
8440,30
8441,30
8442,30
8443,30
8444,30
8445,36
8446,36
8447,36
8448,36
8449,36
8450,36
8451,191
8452,343
8453,264
8454,436
8455,353
8456,270
8457,266
8458,106
8459,106
8460,423
8461,422
8462,374
8463,410
8464,414
8465,418
8466,407
8467,408
8468,412
8469,416
8470,420
8471,190
8472,369
8473,367
8474,283
8475,158
8476,315
8477,84
8478,322
8479,105
8480,328
8481,121
8482,331
8483,131
8484,335
8485,140
8486,337
8487,151
8488,341
8489,317
8490,476
8491,476
8492,10
8493,10
8494,13
8495,6
8496,15
8497,15
8498,1
8499,2
8500,3
8501,235
8502,236
8503,242
8504,243
8505,426
8506,177
8507,177
8508,212
8509,213
8510,213
8511,361
8512,399
8513,382
8514,117
8515,99
8516,114
8517,113
8518,101
8519,96
8520,517
8521,518
8522,519
8523,439
8524,439
8525,205
8526,389
8527,210
8528,199
8529,163
8530,216
8531,347
8532,67
8533,57
8534,261
8535,259
8536,267
8537,267
8538,345
8539,345
8540,171
8541,320
8542,320
8543,451
8544,453
8545,221
8546,221
8547,390
8548,352
8549,349
8550,196
8551,196
8552,319
8553,319
8554,94
8555,94
8556,167
8557,167
8558,350
8559,324
8560,115
8561,97
8562,431
8563,19
8563,21
8564,19
8564,55
8565,19
8565,74
8566,19
8566,87
8567,19
8567,107
8568,19
8568,122
8569,19
8569,132
8570,19
8570,141
8571,19
8571,19
8572,19
8572,427
8573,19
8573,455
8574,19
8574,482
8575,41
8575,230
8576,41
8576,313
8577,41
8577,326
8578,41
8578,333
8579,41
8579,78
8580,41
8580,487
8581,42
8581,230
8582,39
8582,226
8583,62
8583,78
8584,62
8584,78
8585,78
8585,313
8586,78
8586,78
8587,78
8587,326
8588,41
8588,79
8589,19
8589,37
8590,19
8590,55
8591,19
8591,19
8592,19
8592,427
8593,19
8593,455
8594,19
8594,455
8595,19
8595,487
8596,19
8596,465
8597,19
8597,482
8598,19
8598,482
8599,19
8599,482
8600,19
8600,482
8601,19
8601,482
8602,78
8602,258
8603,78
8603,258
8604,180
8604,198
8605,180
8605,200
8606,180
8606,219
8607,180
8607,230
8608,180
8608,288
8609,180
8609,313
8610,180
8610,326
8611,180
8611,333
8612,180
8612,355
8613,180
8613,433
8614,180
8614,226
8615,180
8615,215
8616,223
8616,359
8617,223
8617,487
8618,225
8618,230
8619,244
8619,244
8620,244
8620,404
8621,244
8621,404
8622,19
8622,246
8623,41
8623,246
8624,59
8624,246
8625,59
8625,246
8626,107
8626,246
8627,114
8627,246
8628,19
8628,246
8629,180
8629,246
8630,155
8630,246
8631,246
8631,397
8632,246
8632,398
8633,246
8633,465
8634,246
8634,474
8635,246
8635,482
8636,246
8636,487
8637,246
8637,490
8638,246
8638,503
8639,246
8639,505
8640,246
8640,271
8641,288
8641,359
8642,41
8642,303
8643,43
8643,303
8644,19
8644,244
8645,78
8645,244
8646,79
8646,244
8647,19
8647,244
8648,244
8648,455
8649,244
8649,463
8650,244
8650,487
8651,78
8651,79
8652,78
8652,89
8653,78
8653,91
8654,78
8654,92
8655,355
8655,487
8656,427
8656,487
8657,427
8657,427
8658,455
8658,455
8659,455
8659,485
8660,455
8660,487
8661,406
8661,455
8662,0
8662,455
8663,455
8663,487
8664,455
8664,487
8665,455
8665,482
8666,482
8666,487
8667,482
8667,482
8668,41
8668,339
8669,78
8669,333
8670,19
8670,28
8671,79
8671,111
8672,355
8672,406
8673,377
8673,406
8674,313
8674,406
8675,326
8675,406
8676,333
8676,406
8677,41
8677,406
8678,78
8678,406
8679,111
8679,406
8680,136
8680,406
8681,180
8681,339
8682,59
8682,230
8683,61
8683,230
8684,62
8684,230
8685,78
8685,230
8686,79
8686,230
8687,89
8687,230
8688,91
8688,230
8689,92
8689,230
8690,109
8690,230
8691,111
8691,230
8692,112
8692,230
8693,124
8693,230
8694,126
8694,230
8695,127
8695,230
8696,134
8696,230
8697,136
8697,230
8698,137
8698,230
8699,180
8699,440
8700,160
8700,244
8701,160
8701,244
8702,61
8702,244
8703,355
8703,446
8704,377
8704,446
8705,313
8705,446
8706,326
8706,446
8707,333
8707,446
8708,339
8708,446
8709,237
8709,446
8710,123
8710,244
8711,133
8711,244
8712,142
8712,244
8713,22
8713,244
8714,29
8714,244
8715,21
8715,522
8716,23
8716,522
8717,37
8717,522
8718,39
8718,522
8719,55
8719,522
8720,59
8720,522
8721,69
8721,522
8722,74
8722,522
8723,76
8723,522
8724,87
8724,522
8725,89
8725,522
8726,103
8726,522
8727,107
8727,522
8728,109
8728,522
8729,122
8729,522
8730,124
8730,522
8731,129
8731,522
8732,132
8732,522
8733,134
8733,522
8734,141
8734,522
8735,143
8735,522
8736,149
8736,522
8737,34
8737,522
8738,19
8738,522
8739,244
8739,522
8740,455
8740,522
8741,482
8741,522
8742,226
8742,522
8743,28
8743,522
8744,30
8744,522
8745,19
8745,522
8746,180
8746,522
8747,237
8747,522
8748,241
8748,522
8749,244
8749,522
8750,275
8750,522
8751,279
8751,522
8752,292
8752,522
8753,404
8753,522
8754,406
8754,522
8755,427
8755,522
8756,446
8756,522
8757,455
8757,522
8758,465
8758,522
8759,482
8759,522
8760,487
8760,522
8761,0
8761,522
8762,17
8762,522
8763,234
8763,522
8764,517
8764,522
